,accuracy,epoch,lag,precision_0,recall_0,f1_0
dataset_japan-earthquake_2497_1_rrc06.csv,0.9905555555555555,80.0,20.0,0.9705014749262537,0.8501291989664083,0.9063360881542699
dataset_japan-earthquake_2497_5_rrc06.csv,0.9513888888888888,80.0,20.0,0.5238095238095238,1.0,0.6875000000000001
