,accuracy,epoch,lag,precision_0,recall_0,f1_0
dataset_as9121_13237_1_rrc05.csv,0.7720833333333333,30.0,20.0,0.045930232558139536,1.0,0.0878265703168427
dataset_as9121_13237_5_rrc05.csv,0.7152777777777778,30.0,20.0,0.03755868544600939,1.0,0.07239819004524886
