,accuracy,epoch,lag,precision_0,recall_0,f1_0
dataset_slammer_513_1_rrc04.csv,0.9166666666666666,60.0,20.0,0.9027355623100304,0.5256637168141592,0.6644295302013422
dataset_slammer_513_5_rrc04.csv,0.9402777777777778,60.0,20.0,0.7302631578947368,0.9823008849557522,0.8377358490566039
dataset_slammer_559_1_rrc04.csv,0.8765277777777778,60.0,20.0,0.5598609041231992,0.9973451327433628,0.7171492204899778
dataset_slammer_559_5_rrc04.csv,0.8611111111111112,60.0,20.0,0.5306603773584906,0.995575221238938,0.6923076923076922
dataset_slammer_6893_1_rrc04.csv,0.9293055555555556,60.0,20.0,0.8306709265175719,0.6902654867256637,0.7539874335427743
dataset_slammer_6893_5_rrc04.csv,0.7645833333333333,60.0,20.0,0.39928698752228164,0.9911504424778761,0.5692503176620077
