,accuracy,epoch,lag,precision_0,recall_0,f1_0
dataset_code-red_513_1_rrc04.csv,0.9697309417040358,20.0,20.0,0.7591973244147158,0.8631178707224335,0.807829181494662
dataset_code-red_513_5_rrc04.csv,0.5090277777777777,20.0,20.0,0.13038130381303814,1.0,0.23068552774755172
dataset_code-red_6893_1_rrc04.csv,0.98402466367713,20.0,20.0,0.8311897106109325,0.9828897338403042,0.9006968641114983
dataset_code-red_6893_5_rrc04.csv,0.6875,20.0,20.0,0.1906474820143885,1.0,0.32024169184290036
