,accuracy,epoch,lag,precision_0,recall_0,f1_0
dataset_code-red_513_1_rrc04.csv,0.9638452914798207,99.0,20.0,0.6840659340659341,0.9467680608365019,0.7942583732057417
dataset_code-red_513_5_rrc04.csv,0.8270833333333333,99.0,20.0,0.29859154929577464,1.0,0.4598698481561822
dataset_code-red_6893_1_rrc04.csv,0.9662275784753364,99.0,20.0,0.6912751677852349,0.9790874524714829,0.8103855232100707
dataset_code-red_6893_5_rrc04.csv,0.7125,99.0,20.0,0.20384615384615384,1.0,0.33865814696485624
