,accuracy,epoch,lag,precision_0,recall_0,f1_0
dataset_slammer_513_1_rrc04.csv,0.92875,50.0,20.0,0.8583042973286876,0.6539823008849558,0.742340532395781
dataset_slammer_513_5_rrc04.csv,0.8888888888888888,50.0,20.0,0.5868421052631579,0.9867256637168141,0.7359735973597359
dataset_slammer_559_1_rrc04.csv,0.71625,50.0,20.0,0.3558572781812441,0.9973451327433628,0.5245520130323481
dataset_slammer_559_5_rrc04.csv,0.70625,50.0,20.0,0.34775888717156106,0.995575221238938,0.5154639175257733
dataset_slammer_6893_1_rrc04.csv,0.8902777777777777,50.0,20.0,0.6134846461949266,0.8132743362831858,0.6993911719939118
dataset_slammer_6893_5_rrc04.csv,0.6486111111111111,50.0,20.0,0.3082191780821918,0.995575221238938,0.47071129707112974
