,accuracy,epoch,lag,precision_0,recall_0,f1_0
dataset_slammer_513_1_rrc04.csv,0.9409722222222222,30.0,20.0,0.8753993610223643,0.727433628318584,0.7945867568873852
dataset_slammer_513_5_rrc04.csv,0.8333333333333334,30.0,20.0,0.48484848484848486,0.9911504424778761,0.6511627906976744
dataset_slammer_559_1_rrc04.csv,0.7630555555555556,30.0,20.0,0.3982332155477032,0.9973451327433628,0.5691919191919191
dataset_slammer_559_5_rrc04.csv,0.5659722222222222,30.0,20.0,0.26501766784452296,0.995575221238938,0.4186046511627907
dataset_slammer_6893_1_rrc04.csv,0.9154166666666667,30.0,20.0,0.6914033798677444,0.8327433628318585,0.7555198715375353
dataset_slammer_6893_5_rrc04.csv,0.5819444444444445,30.0,20.0,0.27239709443099275,0.995575221238938,0.4277566539923955
