,accuracy,epoch,lag,precision_0,recall_0,f1_0
dataset_nimda_513_1_rrc04.csv,0.6704721362229102,80.0,20.0,1.0,0.036492220650636495,0.07041484716157206
dataset_nimda_513_5_rrc04.csv,0.705078125,80.0,20.0,1.0,0.1456859971711457,0.254320987654321
dataset_nimda_559_1_rrc04.csv,0.6737616099071208,80.0,20.0,0.6105834464043419,0.1272984441301273,0.2106741573033708
dataset_nimda_559_5_rrc04.csv,0.75537109375,80.0,20.0,0.6650641025641025,0.5869872701555869,0.6235912847483094
dataset_nimda_6893_1_rrc04.csv,0.6599264705882353,80.0,20.0,1.0,0.005657708628005658,0.011251758087201125
dataset_nimda_6893_5_rrc04.csv,0.65576171875,80.0,20.0,1.0,0.002828854314002829,0.005641748942172073
