,accuracy,epoch,lag,precision_0,recall_0,f1_0
dataset_as9121_13237_1_rrc05.csv,0.07763888888888888,20.0,20.0,0.01175595238095238,1.0,0.023238711575231653
dataset_as9121_13237_5_rrc05.csv,0.09097222222222222,20.0,20.0,0.012075471698113207,1.0,0.023862788963460103
