,accuracy,epoch,lag,precision_0,recall_0,f1_0
dataset_as9121_13237_1_rrc05.csv,0.43333333333333335,50.0,20.0,0.01899495070930512,1.0,0.03728173666823974
dataset_as9121_13237_5_rrc05.csv,0.33055555555555555,50.0,20.0,0.0163265306122449,1.0,0.032128514056224904
