,accuracy,epoch,lag,precision_0,recall_0,f1_0
dataset_aws-leak_15547_1_rrc04.csv,0.09680555555555556,70.0,20.0,0.010800121691512017,1.0,0.021369450714823175
dataset_aws-leak_15547_5_rrc04.csv,0.013194444444444444,70.0,20.0,0.010445682451253482,1.0,0.020675396278428668
dataset_aws-leak_34781_1_rrc04.csv,0.9740277777777778,70.0,20.0,0.2734375,0.9859154929577465,0.42813455657492355
dataset_aws-leak_34781_5_rrc04.csv,0.9277777777777778,70.0,20.0,0.12605042016806722,1.0,0.22388059701492538
