,accuracy,epoch,lag,precision_0,recall_0,f1_0
dataset_japan-earthquake_2497_1_rrc06.csv,0.9869444444444444,99.0,20.0,0.9741100323624595,0.7777777777777778,0.8649425287356322
dataset_japan-earthquake_2497_5_rrc06.csv,0.9604166666666667,99.0,20.0,0.5769230769230769,0.974025974025974,0.7246376811594202
