,accuracy,epoch,lag,precision_0,recall_0,f1_0
dataset_as9121_13237_1_rrc05.csv,0.8331944444444445,70.0,20.0,0.06103286384976526,0.9873417721518988,0.11495946941783344
dataset_as9121_13237_5_rrc05.csv,0.6152777777777778,70.0,20.0,0.028070175438596492,1.0,0.0546075085324232
