,accuracy,epoch,lag,precision_0,recall_0,f1_0
dataset_japan-earthquake_2497_1_rrc06.csv,0.9919444444444444,50.0,20.0,0.9713467048710601,0.875968992248062,0.9211956521739131
dataset_japan-earthquake_2497_5_rrc06.csv,0.8534722222222222,50.0,20.0,0.2673611111111111,1.0,0.42191780821917807
