,accuracy,epoch,lag,precision_0,recall_0,f1_0
dataset_japan-earthquake_2497_1_rrc06.csv,0.9944444444444445,40.0,20.0,0.9701897018970189,0.9250645994832042,0.9470899470899471
dataset_japan-earthquake_2497_5_rrc06.csv,0.6194444444444445,40.0,20.0,0.1232,1.0,0.21937321937321938
