,accuracy,epoch,lag,precision_0,recall_0,f1_0
dataset_aws-leak_15547_1_rrc04.csv,0.14763888888888888,80.0,20.0,0.011436855670103092,1.0,0.022615066093326964
dataset_aws-leak_15547_5_rrc04.csv,0.01597222222222222,80.0,20.0,0.01047486033519553,1.0,0.020732550103662747
dataset_aws-leak_34781_1_rrc04.csv,0.9783333333333334,80.0,20.0,0.3111111111111111,0.9859154929577465,0.4729729729729729
dataset_aws-leak_34781_5_rrc04.csv,0.9458333333333333,80.0,20.0,0.16129032258064516,1.0,0.27777777777777773
