,accuracy,epoch,lag,precision_0,recall_0,f1_0
dataset_as9121_13237_1_rrc05.csv,0.5113888888888889,10.0,20.0,0.021962746733388935,1.0,0.04298150163220892
dataset_as9121_13237_5_rrc05.csv,0.10416666666666667,10.0,20.0,0.01225114854517611,1.0,0.024205748865355523
