,accuracy,epoch,lag,precision_0,recall_0,f1_0
dataset_nimda_513_1_rrc04.csv,0.670859133126935,30.0,20.0,1.0,0.03762376237623762,0.07251908396946564
dataset_nimda_513_5_rrc04.csv,0.701171875,30.0,20.0,1.0,0.13437057991513437,0.2369077306733167
dataset_nimda_559_1_rrc04.csv,0.68343653250774,30.0,20.0,0.6609547123623011,0.15275813295615276,0.24816176470588233
dataset_nimda_559_5_rrc04.csv,0.79638671875,30.0,20.0,0.6718009478672986,0.801980198019802,0.7311411992263057
dataset_nimda_6893_1_rrc04.csv,0.6600232198142415,30.0,20.0,1.0,0.005940594059405941,0.011811023622047244
dataset_nimda_6893_5_rrc04.csv,0.6650390625,30.0,20.0,1.0,0.0297029702970297,0.05769230769230769
