,accuracy,epoch,lag,precision_0,recall_0,f1_0
dataset_moscow_blackout_1853_1_rrc05.csv,0.8520833333333333,90.0,20.0,0.13360655737704918,0.9532163742690059,0.2343637670740474
dataset_moscow_blackout_1853_5_rrc05.csv,0.9145833333333333,90.0,20.0,0.19014084507042253,0.7714285714285715,0.30508474576271183
dataset_moscow_blackout_12793_1_rrc05.csv,0.9890277777777777,90.0,20.0,0.7149532710280374,0.8947368421052632,0.7948051948051947
dataset_moscow_blackout_12793_5_rrc05.csv,0.86875,90.0,20.0,0.14018691588785046,0.8571428571428571,0.24096385542168672
