,accuracy,epoch,lag,precision_0,recall_0,f1_0
dataset_slammer_513_1_rrc04.csv,0.9341666666666667,40.0,20.0,0.8685393258426967,0.684070796460177,0.7653465346534654
dataset_slammer_513_5_rrc04.csv,0.8770833333333333,40.0,20.0,0.5617128463476071,0.9867256637168141,0.7158908507223114
dataset_slammer_559_1_rrc04.csv,0.7254166666666667,40.0,20.0,0.36343115124153497,0.9973451327433628,0.532734578113921
dataset_slammer_559_5_rrc04.csv,0.6388888888888888,40.0,20.0,0.3024193548387097,0.995575221238938,0.46391752577319595
dataset_slammer_6893_1_rrc04.csv,0.8906944444444445,40.0,20.0,0.6101477199743096,0.8407079646017699,0.7071082992184592
dataset_slammer_6893_5_rrc04.csv,0.6347222222222222,40.0,20.0,0.3,0.995575221238938,0.4610655737704918
