,accuracy,epoch,lag,precision_0,recall_0,f1_0
dataset_code-red_513_1_rrc04.csv,0.9390414798206278,60.0,20.0,0.5495103373231773,0.9600760456273765,0.6989619377162629
dataset_code-red_513_5_rrc04.csv,0.68125,60.0,20.0,0.18761061946902655,1.0,0.31594634873323396
dataset_code-red_6893_1_rrc04.csv,0.9576793721973094,60.0,20.0,0.635593220338983,0.9980988593155894,0.7766272189349113
dataset_code-red_6893_5_rrc04.csv,0.6555555555555556,60.0,20.0,0.1760797342192691,1.0,0.2994350282485876
