,accuracy,epoch,lag,precision_0,recall_0,f1_0
dataset_moscow_blackout_1853_1_rrc05.csv,0.9266666666666666,40.0,20.0,0.2291350531107739,0.8830409356725146,0.363855421686747
dataset_moscow_blackout_1853_5_rrc05.csv,0.84375,40.0,20.0,0.10743801652892562,0.7428571428571429,0.18772563176895307
dataset_moscow_blackout_12793_1_rrc05.csv,0.9823611111111111,40.0,20.0,0.5852713178294574,0.8830409356725146,0.7039627039627041
dataset_moscow_blackout_12793_5_rrc05.csv,0.24305555555555555,40.0,20.0,0.03111111111111111,1.0,0.0603448275862069
