,accuracy,epoch,lag,precision_0,recall_0,f1_0
dataset_moscow_blackout_1853_1_rrc05.csv,0.3595833333333333,60.0,20.0,0.035759096612296114,1.0,0.06904906117504543
dataset_moscow_blackout_1853_5_rrc05.csv,0.6861111111111111,60.0,20.0,0.061052631578947365,0.8285714285714286,0.11372549019607843
dataset_moscow_blackout_12793_1_rrc05.csv,0.6013888888888889,60.0,20.0,0.052997681351440874,0.935672514619883,0.10031347962382445
dataset_moscow_blackout_12793_5_rrc05.csv,0.06527777777777778,60.0,20.0,0.025343953656770456,1.0,0.049435028248587566
