,accuracy,epoch,lag,precision_0,recall_0,f1_0
dataset_nimda_513_1_rrc04.csv,0.6791795665634675,20.0,20.0,1.0,0.06195190947666195,0.11667554608417689
dataset_nimda_513_5_rrc04.csv,0.75439453125,20.0,20.0,1.0,0.28854314002828857,0.44785949506037326
dataset_nimda_559_1_rrc04.csv,0.6913699690402477,20.0,20.0,0.6906077348066298,0.1768033946251768,0.28153153153153154
dataset_nimda_559_5_rrc04.csv,0.81689453125,20.0,20.0,0.660541586073501,0.9660537482319661,0.784606547960942
dataset_nimda_6893_1_rrc04.csv,0.6618614551083591,20.0,20.0,1.0,0.011315417256011316,0.02237762237762238
dataset_nimda_6893_5_rrc04.csv,0.783203125,20.0,20.0,1.0,0.371994342291372,0.5422680412371134
