,accuracy,epoch,lag,precision_0,recall_0,f1_0
dataset_aws-leak_15547_1_rrc04.csv,0.04597222222222222,40.0,20.0,0.010230547550432277,1.0,0.02025388674939381
dataset_aws-leak_15547_5_rrc04.csv,0.013194444444444444,40.0,20.0,0.010445682451253482,1.0,0.020675396278428668
dataset_aws-leak_34781_1_rrc04.csv,0.9697222222222223,40.0,20.0,0.24567474048442905,1.0,0.39444444444444443
dataset_aws-leak_34781_5_rrc04.csv,0.8965277777777778,40.0,20.0,0.09146341463414634,1.0,0.16759776536312848
