,accuracy,epoch,lag,precision_0,recall_0,f1_0
dataset_moscow_blackout_1853_1_rrc05.csv,0.9577777777777777,99.0,20.0,0.350561797752809,0.9122807017543859,0.5064935064935066
dataset_moscow_blackout_1853_5_rrc05.csv,0.9409722222222222,99.0,20.0,0.2549019607843137,0.7428571428571429,0.3795620437956204
dataset_moscow_blackout_12793_1_rrc05.csv,0.9913888888888889,99.0,20.0,0.7823834196891192,0.8830409356725146,0.8296703296703298
dataset_moscow_blackout_12793_5_rrc05.csv,0.9604166666666667,99.0,20.0,0.358974358974359,0.8,0.49557522123893805
