,accuracy,epoch,lag,precision_0,recall_0,f1_0
dataset_slammer_513_1_rrc04.csv,0.9134722222222222,99.0,20.0,0.8733431516936672,0.5247787610619469,0.6556108347153123
dataset_slammer_513_5_rrc04.csv,0.9298611111111111,99.0,20.0,0.6971608832807571,0.9778761061946902,0.8139963167587477
dataset_slammer_559_1_rrc04.csv,0.8698611111111111,99.0,20.0,0.5468219311014071,0.9973451327433628,0.7063616421184582
dataset_slammer_559_5_rrc04.csv,0.8659722222222223,99.0,20.0,0.539568345323741,0.995575221238938,0.6998444790046656
dataset_slammer_6893_1_rrc04.csv,0.9275,99.0,20.0,0.8114754098360656,0.7008849557522124,0.7521367521367521
dataset_slammer_6893_5_rrc04.csv,0.73125,99.0,20.0,0.36824877250409166,0.995575221238938,0.5376344086021506
