,accuracy,epoch,lag,precision_0,recall_0,f1_0
dataset_nimda_513_1_rrc04.csv,0.6758900928792569,60.0,20.0,1.0,0.05233380480905234,0.09946236559139786
dataset_nimda_513_5_rrc04.csv,0.70751953125,60.0,20.0,1.0,0.15275813295615276,0.2650306748466258
dataset_nimda_559_1_rrc04.csv,0.7304566563467493,60.0,20.0,0.7321760694358338,0.3340876944837341,0.4588189588189589
dataset_nimda_559_5_rrc04.csv,0.82958984375,60.0,20.0,0.6937229437229437,0.9066478076379066,0.7860208461066831
dataset_nimda_6893_1_rrc04.csv,0.6599264705882353,60.0,20.0,1.0,0.005657708628005658,0.011251758087201125
dataset_nimda_6893_5_rrc04.csv,0.65576171875,60.0,20.0,1.0,0.002828854314002829,0.005641748942172073
