,accuracy,epoch,lag,precision_0,recall_0,f1_0
dataset_code-red_513_1_rrc04.csv,0.9652466367713004,70.0,20.0,0.7106060606060606,0.8916349809885932,0.7908937605396289
dataset_code-red_513_5_rrc04.csv,0.8222222222222222,70.0,20.0,0.292817679558011,1.0,0.45299145299145294
dataset_code-red_6893_1_rrc04.csv,0.9705717488789237,70.0,20.0,0.7283236994219653,0.9581749049429658,0.8275862068965517
dataset_code-red_6893_5_rrc04.csv,0.7618055555555555,70.0,20.0,0.23608017817371937,1.0,0.38198198198198197
