,accuracy,epoch,lag,precision_0,recall_0,f1_0
dataset_moscow_blackout_1853_1_rrc05.csv,0.7231944444444445,20.0,20.0,0.07350187265917603,0.9181286549707602,0.13610749891634158
dataset_moscow_blackout_1853_5_rrc05.csv,0.4666666666666667,20.0,20.0,0.03783102143757881,0.8571428571428571,0.07246376811594203
dataset_moscow_blackout_12793_1_rrc05.csv,0.4711111111111111,20.0,20.0,0.04113045672470351,0.9532163742690059,0.07885824866956942
dataset_moscow_blackout_12793_5_rrc05.csv,0.05625,20.0,20.0,0.025107604017216643,1.0,0.0489853044086774
