,accuracy,epoch,lag,precision_0,recall_0,f1_0
dataset_aws-leak_15547_1_rrc04.csv,0.22444444444444445,50.0,20.0,0.0125552608311229,1.0,0.024799161718477125
dataset_aws-leak_15547_5_rrc04.csv,0.016666666666666666,50.0,20.0,0.010482180293501049,1.0,0.02074688796680498
dataset_aws-leak_34781_1_rrc04.csv,0.9818055555555556,50.0,20.0,0.3484848484848485,0.971830985915493,0.5130111524163569
dataset_aws-leak_34781_5_rrc04.csv,0.9506944444444444,50.0,20.0,0.1744186046511628,1.0,0.297029702970297
