,accuracy,epoch,lag,precision_0,recall_0,f1_0
dataset_code-red_513_1_rrc04.csv,0.9701513452914798,40.0,20.0,0.7684391080617495,0.8517110266159695,0.8079350766456267
dataset_code-red_513_5_rrc04.csv,0.8541666666666666,40.0,20.0,0.33544303797468356,1.0,0.5023696682464455
dataset_code-red_6893_1_rrc04.csv,0.9781390134529148,40.0,20.0,0.8557692307692307,0.8460076045627376,0.8508604206500956
dataset_code-red_6893_5_rrc04.csv,0.8201388888888889,40.0,20.0,0.29041095890410956,1.0,0.45010615711252655
