,accuracy,epoch,lag,precision_0,recall_0,f1_0
dataset_aws-leak_15547_1_rrc04.csv,0.03847222222222222,20.0,20.0,0.010151558478696025,1.0,0.020099079971691438
dataset_aws-leak_15547_5_rrc04.csv,0.01597222222222222,20.0,20.0,0.01047486033519553,1.0,0.020732550103662747
dataset_aws-leak_34781_1_rrc04.csv,0.9770833333333333,20.0,20.0,0.3008474576271186,1.0,0.46254071661237783
dataset_aws-leak_34781_5_rrc04.csv,0.8527777777777777,20.0,20.0,0.06607929515418502,1.0,0.12396694214876032
