,accuracy,epoch,lag,precision_0,recall_0,f1_0
dataset_moscow_blackout_1853_1_rrc05.csv,0.9641666666666666,10.0,20.0,0.37168141592920356,0.7368421052631579,0.49411764705882355
dataset_moscow_blackout_1853_5_rrc05.csv,0.6055555555555555,10.0,20.0,0.04753820033955857,0.8,0.08974358974358974
dataset_moscow_blackout_12793_1_rrc05.csv,0.9688888888888889,10.0,20.0,0.4273972602739726,0.9122807017543859,0.582089552238806
dataset_moscow_blackout_12793_5_rrc05.csv,0.09583333333333334,10.0,20.0,0.02617801047120419,1.0,0.05102040816326531
