,accuracy,epoch,lag,precision_0,recall_0,f1_0
dataset_aws-leak_15547_1_rrc04.csv,0.13069444444444445,90.0,20.0,0.011216429699842023,1.0,0.022184033744727386
dataset_aws-leak_15547_5_rrc04.csv,0.015277777777777777,90.0,20.0,0.0104675505931612,1.0,0.02071823204419889
dataset_aws-leak_34781_1_rrc04.csv,0.9756944444444444,90.0,20.0,0.28688524590163933,0.9859154929577465,0.4444444444444444
dataset_aws-leak_34781_5_rrc04.csv,0.9402777777777778,90.0,20.0,0.1485148514851485,1.0,0.25862068965517243
