,accuracy,epoch,lag,precision_0,recall_0,f1_0
dataset_code-red_513_1_rrc04.csv,0.95277466367713,50.0,20.0,0.6173913043478261,0.9448669201520913,0.7468069120961683
dataset_code-red_513_5_rrc04.csv,0.7284722222222222,50.0,20.0,0.21327967806841047,1.0,0.351575456053068
dataset_code-red_6893_1_rrc04.csv,0.9658071748878924,50.0,20.0,0.6840731070496083,0.9961977186311787,0.8111455108359132
dataset_code-red_6893_5_rrc04.csv,0.6784722222222223,50.0,20.0,0.18629173989455183,1.0,0.31407407407407406
