,accuracy,epoch,lag,precision_0,recall_0,f1_0
dataset_as9121_13237_1_rrc05.csv,0.5786111111111111,90.0,20.0,0.025377449405717956,1.0,0.04949874686716792
dataset_as9121_13237_5_rrc05.csv,0.3770833333333333,90.0,20.0,0.017524644030668127,1.0,0.03444564047362755
