,accuracy,epoch,lag,precision_0,recall_0,f1_0
dataset_nimda_513_1_rrc04.csv,0.6705688854489165,90.0,20.0,1.0,0.036775106082036775,0.07094133697135062
dataset_nimda_513_5_rrc04.csv,0.70654296875,90.0,20.0,1.0,0.14992927864214992,0.2607626076260762
dataset_nimda_559_1_rrc04.csv,0.6832430340557275,90.0,20.0,0.6512166859791425,0.158981612446959,0.2555707139608913
dataset_nimda_559_5_rrc04.csv,0.76904296875,90.0,20.0,0.6751497005988024,0.637906647807638,0.656
dataset_nimda_6893_1_rrc04.csv,0.6590557275541795,90.0,20.0,1.0,0.0031117397454031117,0.006204173716864073
dataset_nimda_6893_5_rrc04.csv,0.65478515625,90.0,20.0,0.0,0.0,0.0
