,accuracy,epoch,lag,precision_0,recall_0,f1_0
dataset_moscow_blackout_1853_1_rrc05.csv,0.9593055555555555,80.0,20.0,0.3568075117370892,0.8888888888888888,0.509212730318258
dataset_moscow_blackout_1853_5_rrc05.csv,0.9305555555555556,80.0,20.0,0.2222222222222222,0.7428571428571429,0.34210526315789475
dataset_moscow_blackout_12793_1_rrc05.csv,0.9908333333333333,80.0,20.0,0.7692307692307693,0.8771929824561403,0.819672131147541
dataset_moscow_blackout_12793_5_rrc05.csv,0.9451388888888889,80.0,20.0,0.28,0.8,0.41481481481481486
