,accuracy,epoch,lag,precision_0,recall_0,f1_0
dataset_as9121_13237_1_rrc05.csv,0.5461111111111111,60.0,20.0,0.023603226770242007,1.0,0.04611792177466433
dataset_as9121_13237_5_rrc05.csv,0.33541666666666664,60.0,20.0,0.01644398766700925,1.0,0.032355915065722954
