,accuracy,epoch,lag,precision_0,recall_0,f1_0
dataset_nimda_513_1_rrc04.csv,0.6741486068111455,70.0,20.0,1.0,0.047241867043847245,0.0902215018908698
dataset_nimda_513_5_rrc04.csv,0.7060546875,70.0,20.0,1.0,0.1485148514851485,0.25862068965517243
dataset_nimda_559_1_rrc04.csv,0.697078173374613,70.0,20.0,0.6717687074829932,0.22347949080622348,0.335385268520484
dataset_nimda_559_5_rrc04.csv,0.8271484375,70.0,20.0,0.7054714784633295,0.8571428571428571,0.7739463601532567
dataset_nimda_6893_1_rrc04.csv,0.6599264705882353,70.0,20.0,1.0,0.005657708628005658,0.011251758087201125
dataset_nimda_6893_5_rrc04.csv,0.65478515625,70.0,20.0,0.0,0.0,0.0
