,accuracy,epoch,lag,precision_0,recall_0,f1_0
dataset_slammer_513_1_rrc04.csv,0.9061111111111111,90.0,20.0,0.9613821138211383,0.41858407079646015,0.5832305795314427
dataset_slammer_513_5_rrc04.csv,0.9534722222222223,90.0,20.0,0.7829181494661922,0.9734513274336283,0.8678500986193295
dataset_slammer_559_1_rrc04.csv,0.91875,90.0,20.0,0.6964671953857245,0.8548672566371681,0.767580452920143
dataset_slammer_559_5_rrc04.csv,0.9159722222222222,90.0,20.0,0.6530612244897959,0.9911504424778761,0.7873462214411246
dataset_slammer_6893_1_rrc04.csv,0.9358333333333333,90.0,20.0,0.9304123711340206,0.6389380530973451,0.7576075550891921
dataset_slammer_6893_5_rrc04.csv,0.8381944444444445,90.0,20.0,0.49230769230769234,0.9911504424778761,0.657856093979442
