,accuracy,epoch,lag,precision_0,recall_0,f1_0
dataset_aws-leak_15547_1_rrc04.csv,0.05986111111111111,30.0,20.0,0.010380116959064328,1.0,0.020546954131095356
dataset_aws-leak_15547_5_rrc04.csv,0.01597222222222222,30.0,20.0,0.01047486033519553,1.0,0.020732550103662747
dataset_aws-leak_34781_1_rrc04.csv,0.98,30.0,20.0,0.3302325581395349,1.0,0.4965034965034965
dataset_aws-leak_34781_5_rrc04.csv,0.9201388888888888,30.0,20.0,0.11538461538461539,1.0,0.20689655172413793
