,accuracy,epoch,lag,precision_0,recall_0,f1_0
dataset_nimda_513_1_rrc04.csv,0.6753095975232198,99.0,20.0,0.994475138121547,0.05091937765205092,0.0968783638320775
dataset_nimda_513_5_rrc04.csv,0.720703125,99.0,20.0,1.0,0.19094766619519093,0.3206650831353919
dataset_nimda_559_1_rrc04.csv,0.7144930340557275,99.0,20.0,0.7162962962962963,0.27355021216407355,0.39590583418628456
dataset_nimda_559_5_rrc04.csv,0.83740234375,99.0,20.0,0.7210401891252955,0.8628005657708628,0.7855763039278816
dataset_nimda_6893_1_rrc04.csv,0.6591524767801857,99.0,20.0,1.0,0.0033946251768033945,0.0067662813645334085
dataset_nimda_6893_5_rrc04.csv,0.65478515625,99.0,20.0,0.0,0.0,0.0
