,accuracy,epoch,lag,precision_0,recall_0,f1_0
dataset_code-red_513_1_rrc04.csv,0.9592208520179372,30.0,20.0,0.6527958387516255,0.9543726235741445,0.7752895752895753
dataset_code-red_513_5_rrc04.csv,0.5527777777777778,30.0,20.0,0.14133333333333334,1.0,0.2476635514018692
dataset_code-red_6893_1_rrc04.csv,0.9737948430493274,30.0,20.0,0.7397454031117398,0.9942965779467681,0.8483373884833739
dataset_code-red_6893_5_rrc04.csv,0.6840277777777778,30.0,20.0,0.1889483065953654,1.0,0.31784107946026985
