,accuracy,epoch,lag,precision_0,recall_0,f1_0
dataset_code-red_513_1_rrc04.csv,0.9613228699551569,90.0,20.0,0.6684636118598383,0.9429657794676806,0.7823343848580442
dataset_code-red_513_5_rrc04.csv,0.8076388888888889,90.0,20.0,0.27676240208877284,1.0,0.4335378323108384
dataset_code-red_6893_1_rrc04.csv,0.9652466367713004,90.0,20.0,0.683377308707124,0.9847908745247148,0.8068535825545172
dataset_code-red_6893_5_rrc04.csv,0.6930555555555555,90.0,20.0,0.19343065693430658,1.0,0.32415902140672787
