,accuracy,epoch,lag,precision_0,recall_0,f1_0
dataset_slammer_513_1_rrc04.csv,0.9377777777777778,20.0,20.0,0.962059620596206,0.6283185840707964,0.7601713062098501
dataset_slammer_513_5_rrc04.csv,0.8979166666666667,20.0,20.0,0.6076294277929155,0.9867256637168141,0.7521079258010118
dataset_slammer_559_1_rrc04.csv,0.9470833333333334,20.0,20.0,0.8328888888888889,0.8292035398230089,0.8310421286031041
dataset_slammer_559_5_rrc04.csv,0.8506944444444444,20.0,20.0,0.5126436781609195,0.9867256637168141,0.6747352496217851
dataset_slammer_6893_1_rrc04.csv,0.9380555555555555,20.0,20.0,0.9253731343283582,0.6584070796460177,0.7693898655635988
dataset_slammer_6893_5_rrc04.csv,0.6875,20.0,20.0,0.3328358208955224,0.9867256637168141,0.49776785714285715
