,accuracy,epoch,lag,precision_0,recall_0,f1_0
dataset_code-red_513_1_rrc04.csv,0.577354260089686,80.0,20.0,0.14850367024280067,1.0,0.2586037364798427
dataset_code-red_513_5_rrc04.csv,0.3402777777777778,80.0,20.0,0.10037878787878787,1.0,0.18244406196213425
dataset_code-red_6893_1_rrc04.csv,0.9042881165919282,80.0,20.0,0.43507030603804797,1.0,0.6063400576368877
dataset_code-red_6893_5_rrc04.csv,0.36041666666666666,80.0,20.0,0.10321324245374879,1.0,0.18711385701676964
