,accuracy,epoch,lag,precision_0,recall_0,f1_0
dataset_nimda_513_1_rrc04.csv,0.6669891640866873,40.0,20.0,1.0,0.02630834512022631,0.051267916207276734
dataset_nimda_513_5_rrc04.csv,0.6875,40.0,20.0,1.0,0.09476661951909476,0.1731266149870801
dataset_nimda_559_1_rrc04.csv,0.6616679566563467,40.0,20.0,0.5467980295566502,0.0628005657708628,0.112661760974372
dataset_nimda_559_5_rrc04.csv,0.7763671875,40.0,20.0,0.6912442396313364,0.6364922206506365,0.662739322533137
dataset_nimda_6893_1_rrc04.csv,0.6598297213622291,40.0,20.0,1.0,0.005374823196605375,0.010692177827799663
dataset_nimda_6893_5_rrc04.csv,0.65869140625,40.0,20.0,1.0,0.011315417256011316,0.02237762237762238
