,accuracy,epoch,lag,precision_0,recall_0,f1_0
dataset_slammer_513_1_rrc04.csv,0.9025,10.0,20.0,0.875438596491228,0.4415929203539823,0.5870588235294117
dataset_slammer_513_5_rrc04.csv,0.8923611111111112,10.0,20.0,0.5956873315363881,0.9778761061946902,0.7403685092127302
dataset_slammer_559_1_rrc04.csv,0.9133333333333333,10.0,20.0,0.8355437665782494,0.5575221238938053,0.6687898089171974
dataset_slammer_559_5_rrc04.csv,0.8722222222222222,10.0,20.0,0.5527638190954773,0.9734513274336283,0.7051282051282051
dataset_slammer_6893_1_rrc04.csv,0.9165277777777778,10.0,20.0,0.875177304964539,0.5460176991150443,0.6724795640326976
dataset_slammer_6893_5_rrc04.csv,0.7909722222222222,10.0,20.0,0.4254473161033797,0.9469026548672567,0.5871056241426611
