,accuracy,epoch,lag,precision_0,recall_0,f1_0
dataset_japan-earthquake_2497_1_rrc06.csv,0.9858333333333333,60.0,20.0,0.9672131147540983,0.7622739018087855,0.8526011560693642
dataset_japan-earthquake_2497_5_rrc06.csv,0.9493055555555555,60.0,20.0,0.5133333333333333,1.0,0.6784140969162996
