,accuracy,epoch,lag,precision_0,recall_0,f1_0
dataset_as9121_13237_1_rrc05.csv,0.5272222222222223,80.0,20.0,0.02268159632500718,1.0,0.04435710275126334
dataset_as9121_13237_5_rrc05.csv,0.24027777777777778,80.0,20.0,0.014414414414414415,1.0,0.02841918294849023
