,accuracy,epoch,lag,precision_0,recall_0,f1_0
dataset_moscow_blackout_1853_1_rrc05.csv,0.9576388888888889,30.0,20.0,0.33816425120772947,0.8187134502923976,0.4786324786324787
dataset_moscow_blackout_1853_5_rrc05.csv,0.8361111111111111,30.0,20.0,0.10276679841897234,0.7428571428571429,0.18055555555555558
dataset_moscow_blackout_12793_1_rrc05.csv,0.9847222222222223,30.0,20.0,0.6265560165975104,0.8830409356725146,0.7330097087378641
dataset_moscow_blackout_12793_5_rrc05.csv,0.23680555555555555,30.0,20.0,0.030864197530864196,1.0,0.059880239520958084
