,accuracy,epoch,lag,precision_0,recall_0,f1_0
dataset_japan-earthquake_2497_1_rrc06.csv,0.9944444444444445,30.0,20.0,0.9727520435967303,0.9224806201550387,0.9469496021220158
dataset_japan-earthquake_2497_5_rrc06.csv,0.4548611111111111,30.0,20.0,0.08932714617169374,1.0,0.16400425985090522
