,accuracy,epoch,lag,precision_0,recall_0,f1_0
dataset_japan-earthquake_2497_1_rrc06.csv,0.9920833333333333,70.0,20.0,0.9508196721311475,0.8992248062015504,0.9243027888446215
dataset_japan-earthquake_2497_5_rrc06.csv,0.9152777777777777,70.0,20.0,0.3869346733668342,1.0,0.5579710144927537
