,accuracy,epoch,lag,precision_0,recall_0,f1_0
dataset_moscow_blackout_1853_1_rrc05.csv,0.7654166666666666,70.0,20.0,0.08928571428571429,0.9649122807017544,0.16344725111441308
dataset_moscow_blackout_1853_5_rrc05.csv,0.8916666666666667,70.0,20.0,0.15819209039548024,0.8,0.26415094339622647
dataset_moscow_blackout_12793_1_rrc05.csv,0.9851388888888889,70.0,20.0,0.6322314049586777,0.8947368421052632,0.7409200968523002
dataset_moscow_blackout_12793_5_rrc05.csv,0.4270833333333333,70.0,20.0,0.039627039627039624,0.9714285714285714,0.0761478163493841
