,accuracy,epoch,lag,precision_0,recall_0,f1_0
dataset_slammer_513_1_rrc04.csv,0.9083333333333333,70.0,20.0,0.921146953405018,0.45486725663716815,0.6090047393364929
dataset_slammer_513_5_rrc04.csv,0.9451388888888889,70.0,20.0,0.7491525423728813,0.9778761061946902,0.8483685220729367
dataset_slammer_559_1_rrc04.csv,0.9161111111111111,70.0,20.0,0.6609547123623011,0.9557522123893806,0.7814761215629522
dataset_slammer_559_5_rrc04.csv,0.8895833333333333,70.0,20.0,0.587467362924282,0.995575221238938,0.7389162561576355
dataset_slammer_6893_1_rrc04.csv,0.9295833333333333,70.0,20.0,0.8775757575757576,0.6407079646017699,0.7406649616368287
dataset_slammer_6893_5_rrc04.csv,0.8013888888888889,70.0,20.0,0.4409448818897638,0.9911504424778761,0.6103542234332425
