,accuracy,epoch,lag,precision_0,recall_0,f1_0
dataset_aws-leak_15547_1_rrc04.csv,0.041805555555555554,60.0,20.0,0.010186513629842181,1.0,0.020167589830989915
dataset_aws-leak_15547_5_rrc04.csv,0.013194444444444444,60.0,20.0,0.010445682451253482,1.0,0.020675396278428668
dataset_aws-leak_34781_1_rrc04.csv,0.9693055555555555,60.0,20.0,0.24315068493150685,1.0,0.39118457300275483
dataset_aws-leak_34781_5_rrc04.csv,0.9076388888888889,60.0,20.0,0.10135135135135136,1.0,0.18404907975460125
