,accuracy,epoch,lag,precision_0,recall_0,f1_0
dataset_slammer_513_1_rrc04.csv,0.9265277777777777,80.0,20.0,0.8547815820543093,0.6407079646017699,0.7324228629236217
dataset_slammer_513_5_rrc04.csv,0.8881944444444444,80.0,20.0,0.5853018372703412,0.9867256637168141,0.7347611202635914
dataset_slammer_559_1_rrc04.csv,0.7658333333333334,80.0,20.0,0.40106761565836296,0.9973451327433628,0.5720812182741116
dataset_slammer_559_5_rrc04.csv,0.7840277777777778,80.0,20.0,0.4205607476635514,0.995575221238938,0.5913272010512484
dataset_slammer_6893_1_rrc04.csv,0.91625,80.0,20.0,0.7069913589945012,0.7964601769911505,0.7490636704119851
dataset_slammer_6893_5_rrc04.csv,0.6590277777777778,80.0,20.0,0.3146853146853147,0.995575221238938,0.4782146652497343
