,accuracy,epoch,lag,precision_0,recall_0,f1_0
dataset_as9121_13237_1_rrc05.csv,0.6834722222222223,99.0,20.0,0.033502968617472435,1.0,0.06483381206401313
dataset_as9121_13237_5_rrc05.csv,0.4576388888888889,99.0,20.0,0.020075282308657464,1.0,0.03936039360393604
