,accuracy,epoch,lag,precision_0,recall_0,f1_0
dataset_as9121_13237_1_rrc05.csv,0.30027777777777775,40.0,20.0,0.015438733632988078,1.0,0.030408006158583526
dataset_as9121_13237_5_rrc05.csv,0.2513888888888889,40.0,20.0,0.014625228519195612,1.0,0.028828828828828826
