,accuracy,epoch,lag,precision_0,recall_0,f1_0
dataset_nimda_513_1_rrc04.csv,0.6817917956656346,10.0,20.0,1.0,0.06958981612446959,0.1301243057392224
dataset_nimda_513_5_rrc04.csv,0.8623046875,10.0,20.0,1.0,0.6011315417256011,0.7508833922261484
dataset_nimda_559_1_rrc04.csv,0.6936919504643962,10.0,20.0,0.7392996108949417,0.16124469589816123,0.26474686483975846
dataset_nimda_559_5_rrc04.csv,0.75927734375,10.0,20.0,0.5891666666666666,1.0,0.7414787624541164
dataset_nimda_6893_1_rrc04.csv,0.6710526315789473,10.0,20.0,1.0,0.03818953323903819,0.07356948228882833
dataset_nimda_6893_5_rrc04.csv,0.83056640625,10.0,20.0,1.0,0.5091937765205092,0.6747891283973758
