,accuracy,epoch,lag,precision_0,recall_0,f1_0
dataset_moscow_blackout_1853_1_rrc05.csv,0.9633333333333334,50.0,20.0,0.376,0.8245614035087719,0.5164835164835165
dataset_moscow_blackout_1853_5_rrc05.csv,0.9305555555555556,50.0,20.0,0.2222222222222222,0.7428571428571429,0.34210526315789475
dataset_moscow_blackout_12793_1_rrc05.csv,0.9916666666666667,50.0,20.0,0.7967914438502673,0.8713450292397661,0.8324022346368715
dataset_moscow_blackout_12793_5_rrc05.csv,0.5840277777777778,50.0,20.0,0.04952076677316294,0.8857142857142857,0.09379727685325265
