,accuracy,epoch,lag,precision_0,recall_0,f1_0
dataset_japan-earthquake_2497_1_rrc06.csv,0.9948611111111111,20.0,20.0,0.972972972972973,0.9302325581395349,0.9511228533685601
dataset_japan-earthquake_2497_5_rrc06.csv,0.2513888888888889,20.0,20.0,0.06666666666666667,1.0,0.125
