,accuracy,epoch,lag,precision_0,recall_0,f1_0
dataset_japan-earthquake_2497_1_rrc06.csv,0.9252777777777778,10.0,20.0,0.4180238870792617,0.9948320413436692,0.5886850152905199
dataset_japan-earthquake_2497_5_rrc06.csv,0.06458333333333334,10.0,20.0,0.05407303370786517,1.0,0.10259826782145236
