,accuracy,epoch,lag,precision_0,recall_0,f1_0
dataset_aws-leak_15547_1_rrc04.csv,0.13041666666666665,99.0,20.0,0.011212886923562855,1.0,0.022177104482273932
dataset_aws-leak_15547_5_rrc04.csv,0.014583333333333334,99.0,20.0,0.010460251046025104,1.0,0.020703933747412008
dataset_aws-leak_34781_1_rrc04.csv,0.9780555555555556,99.0,20.0,0.30837004405286345,0.9859154929577465,0.46979865771812085
dataset_aws-leak_34781_5_rrc04.csv,0.9444444444444444,99.0,20.0,0.15789473684210525,1.0,0.2727272727272727
