,accuracy,epoch,lag,precision_0,recall_0,f1_0
dataset_code-red_513_1_rrc04.csv,0.9809417040358744,10.0,20.0,0.8995901639344263,0.8346007604562737,0.8658777120315582
dataset_code-red_513_5_rrc04.csv,0.7159722222222222,10.0,20.0,0.2058252427184466,1.0,0.3413848631239936
dataset_code-red_6893_1_rrc04.csv,0.9716928251121076,10.0,20.0,0.9263157894736842,0.6692015209125475,0.7770419426048565
dataset_code-red_6893_5_rrc04.csv,0.8263888888888888,10.0,20.0,0.29775280898876405,1.0,0.4588744588744589
