,accuracy,epoch,lag,precision_0,recall_0,f1_0
dataset_japan-earthquake_2497_1_rrc06.csv,0.9902777777777778,90.0,20.0,0.9703264094955489,0.8449612403100775,0.9033149171270718
dataset_japan-earthquake_2497_5_rrc06.csv,0.9541666666666667,90.0,20.0,0.5390070921985816,0.987012987012987,0.6972477064220183
