,accuracy,epoch,lag,precision_0,recall_0,f1_0
dataset_nimda_513_1_rrc04.csv,0.6652476780185759,50.0,20.0,1.0,0.021216407355021217,0.04155124653739613
dataset_nimda_513_5_rrc04.csv,0.68115234375,50.0,20.0,1.0,0.07637906647807638,0.14191852825229961
dataset_nimda_559_1_rrc04.csv,0.6606037151702786,50.0,20.0,0.5487364620938628,0.042998585572843,0.07974816369359918
dataset_nimda_559_5_rrc04.csv,0.724609375,50.0,20.0,0.6438631790744467,0.4526166902404526,0.53156146179402
dataset_nimda_6893_1_rrc04.csv,0.6591524767801857,50.0,20.0,1.0,0.0033946251768033945,0.0067662813645334085
dataset_nimda_6893_5_rrc04.csv,0.65478515625,50.0,20.0,0.0,0.0,0.0
