,accuracy,epoch,lag,precision_0,recall_0,f1_0
dataset_aws-leak_15547_1_rrc04.csv,0.021944444444444444,10.0,20.0,0.00998172360466751,1.0,0.019766146993318485
dataset_aws-leak_15547_5_rrc04.csv,0.013194444444444444,10.0,20.0,0.010445682451253482,1.0,0.020675396278428668
dataset_aws-leak_34781_1_rrc04.csv,0.9013888888888889,10.0,20.0,0.09090909090909091,1.0,0.16666666666666669
dataset_aws-leak_34781_5_rrc04.csv,0.15902777777777777,10.0,20.0,0.012234910277324634,1.0,0.024174053182917002
