,accuracy,epoch,lag,precision_0,recall_0,f1_0
dataset_as9121_13237_1_rrc05.csv,0.58,20.0,20.0,0.025459233000322268,1.0,0.049654305468258955
dataset_as9121_13237_5_rrc05.csv,0.3,20.0,20.0,0.015625,1.0,0.03076923076923077
