,accuracy,epoch,lag,precision_0,recall_0,f1_0
dataset_nimda_513_1_rrc04.csv,0.669891640866873,20.0,20.0,0.9694656488549618,0.03592644978783593,0.06928532460447355
dataset_nimda_513_5_rrc04.csv,0.84716796875,20.0,20.0,0.9900497512437811,0.562942008486563,0.7177637511271416
dataset_nimda_559_1_rrc04.csv,0.6958204334365325,20.0,20.0,0.8078740157480315,0.14512022630834512,0.24604316546762592
dataset_nimda_559_5_rrc04.csv,0.7255859375,20.0,20.0,0.5592804578904333,0.9674681753889675,0.7088082901554404
dataset_nimda_6893_1_rrc04.csv,0.6631191950464397,20.0,20.0,0.9649122807017544,0.015558698727015558,0.030623608017817373
dataset_nimda_6893_5_rrc04.csv,0.83837890625,20.0,20.0,0.9973544973544973,0.5332390381895332,0.6949308755760368
