,accuracy,epoch,lag,precision_0,recall_0,f1_0
dataset_japan-earthquake_2497_1_rrc06.csv,0.9841666666666666,20.0,20.0,0.8137931034482758,0.9147286821705426,0.8613138686131386
dataset_japan-earthquake_2497_5_rrc06.csv,0.08888888888888889,20.0,20.0,0.05543556515478762,1.0,0.10504774897680766
