,accuracy,precision_0,recall_0,f1_0
dataset_slammer_513_1_rrc04.csv,0.9383333333333334,0.9245049504950495,0.6610619469026549,0.7708978328173375
dataset_slammer_513_5_rrc04.csv,0.9152777777777777,0.6547619047619048,0.9734513274336283,0.7829181494661922
dataset_slammer_559_1_rrc04.csv,0.8747222222222222,0.5563241106719368,0.9964601769911504,0.7140139505389982
dataset_slammer_559_5_rrc04.csv,0.8277777777777777,0.4765957446808511,0.9911504424778761,0.6436781609195402
dataset_slammer_6893_1_rrc04.csv,0.9504166666666667,0.8705656759348035,0.8035398230088495,0.8357109986194201
dataset_slammer_6893_5_rrc04.csv,0.75,0.3848797250859107,0.9911504424778761,0.5544554455445545
