,accuracy,epoch,lag,precision_0,recall_0,f1_0
dataset_japan-earthquake_2497_1_rrc06.csv,0.98875,30.0,20.0,0.8731707317073171,0.9250645994832042,0.8983688833124216
dataset_japan-earthquake_2497_5_rrc06.csv,0.15833333333333333,30.0,20.0,0.05973622963537626,1.0,0.11273792093704246
