,accuracy,epoch,lag,precision_0,recall_0,f1_0
dataset_aws-leak_15547_1_rrc04.csv,0.035416666666666666,20.0,20.0,0.010119726339794756,1.0,0.020036686891491465
dataset_aws-leak_15547_5_rrc04.csv,0.0125,20.0,20.0,0.010438413361169102,1.0,0.02066115702479339
dataset_aws-leak_34781_1_rrc04.csv,0.9698611111111111,20.0,20.0,0.2465277777777778,1.0,0.39554317548746526
dataset_aws-leak_34781_5_rrc04.csv,0.8472222222222222,20.0,20.0,0.06382978723404255,1.0,0.12
