,accuracy,precision_0,recall_0,f1_0
dataset_slammer_513_1_rrc04.csv,0.8430555555555556,0.0,0.0,0.0
dataset_slammer_513_5_rrc04.csv,0.84375,1.0,0.004424778761061947,0.00881057268722467
dataset_slammer_559_1_rrc04.csv,0.8430555555555556,0.0,0.0,0.0
dataset_slammer_559_5_rrc04.csv,0.84375,1.0,0.004424778761061947,0.00881057268722467
dataset_slammer_6893_1_rrc04.csv,0.8430555555555556,0.0,0.0,0.0
dataset_slammer_6893_5_rrc04.csv,0.84375,1.0,0.004424778761061947,0.00881057268722467
