,accuracy,epoch,lag,precision_0,recall_0,f1_0
dataset_japan-earthquake_2497_1_rrc06.csv,0.97875,10.0,20.0,0.8128342245989305,0.7855297157622739,0.7989487516425756
dataset_japan-earthquake_2497_5_rrc06.csv,0.2111111111111111,10.0,20.0,0.06347897774113767,1.0,0.1193798449612403
