,accuracy,epoch,lag,precision_0,recall_0,f1_0
dataset_aws-leak_15547_1_rrc04.csv,0.3954166666666667,60.0,20.0,0.01604882459312839,1.0,0.03159065628476085
dataset_aws-leak_15547_5_rrc04.csv,0.017361111111111112,60.0,20.0,0.01048951048951049,1.0,0.020761245674740487
dataset_aws-leak_34781_1_rrc04.csv,0.9827777777777778,60.0,20.0,0.3626943005181347,0.9859154929577465,0.5303030303030304
dataset_aws-leak_34781_5_rrc04.csv,0.9611111111111111,60.0,20.0,0.2028985507246377,0.9333333333333333,0.33333333333333337
