,accuracy,epoch,lag,precision_0,recall_0,f1_0
dataset_aws-leak_15547_1_rrc04.csv,0.035,30.0,20.0,0.010115401054281237,1.0,0.02002820874471086
dataset_aws-leak_15547_5_rrc04.csv,0.010416666666666666,30.0,20.0,0.010416666666666666,1.0,0.020618556701030924
dataset_aws-leak_34781_1_rrc04.csv,0.9694444444444444,30.0,20.0,0.2422145328719723,0.9859154929577465,0.3888888888888889
dataset_aws-leak_34781_5_rrc04.csv,0.8965277777777778,30.0,20.0,0.09146341463414634,1.0,0.16759776536312848
