,accuracy,epoch,lag,precision_0,recall_0,f1_0
dataset_japan-earthquake_2497_1_rrc06.csv,0.9881944444444445,90.0,20.0,0.9631901840490797,0.8113695090439277,0.8807854137447405
dataset_japan-earthquake_2497_5_rrc06.csv,0.9569444444444445,90.0,20.0,0.5555555555555556,0.974025974025974,0.7075471698113207
