,accuracy,precision_0,recall_0,f1_0
dataset_slammer_513_1_rrc04.csv,0.9281944444444444,0.9017038007863696,0.6088495575221239,0.7268885367142104
dataset_slammer_513_5_rrc04.csv,0.93125,0.7028753993610224,0.9734513274336283,0.8163265306122449
dataset_slammer_559_1_rrc04.csv,0.8927777777777778,0.5945089757127772,0.9964601769911504,0.7447089947089947
dataset_slammer_559_5_rrc04.csv,0.8527777777777777,0.5161290322580645,0.9911504424778761,0.6787878787878787
dataset_slammer_6893_1_rrc04.csv,0.9361111111111111,0.8418367346938775,0.7300884955752213,0.7819905213270142
dataset_slammer_6893_5_rrc04.csv,0.7618055555555555,0.39646017699115044,0.9911504424778761,0.5663716814159292
