,accuracy,epoch,lag,precision_0,recall_0,f1_0
dataset_nimda_513_1_rrc04.csv,0.6852747678018576,70.0,20.0,0.993006993006993,0.08033946251768034,0.1486521852918084
dataset_nimda_513_5_rrc04.csv,0.73486328125,70.0,20.0,1.0,0.23196605374823195,0.3765786452353616
dataset_nimda_559_1_rrc04.csv,0.6965944272445821,70.0,20.0,0.6501128668171557,0.24441301272984442,0.3552631578947369
dataset_nimda_559_5_rrc04.csv,0.80078125,70.0,20.0,0.6790419161676646,0.801980198019802,0.7354085603112841
dataset_nimda_6893_1_rrc04.csv,0.6608939628482973,70.0,20.0,1.0,0.008486562942008486,0.016830294530154277
dataset_nimda_6893_5_rrc04.csv,0.6650390625,70.0,20.0,1.0,0.0297029702970297,0.05769230769230769
