,accuracy,epoch,lag,precision_0,recall_0,f1_0
dataset_as9121_13237_1_rrc05.csv,0.8297222222222222,60.0,20.0,0.059861857252494245,0.9873417721518988,0.11287988422575977
dataset_as9121_13237_5_rrc05.csv,0.7284722222222222,60.0,20.0,0.03931203931203931,1.0,0.07565011820330968
