,accuracy,epoch,lag,precision_0,recall_0,f1_0
dataset_japan-earthquake_2497_1_rrc06.csv,0.9920833333333333,60.0,20.0,0.9435483870967742,0.9069767441860465,0.9249011857707509
dataset_japan-earthquake_2497_5_rrc06.csv,0.7909722222222222,60.0,20.0,0.2037037037037037,1.0,0.3384615384615384
