,accuracy,epoch,lag,precision_0,recall_0,f1_0
dataset_aws-leak_15547_1_rrc04.csv,0.06333333333333334,90.0,20.0,0.010418195157740279,1.0,0.020621550972988675
dataset_aws-leak_15547_5_rrc04.csv,0.010416666666666666,90.0,20.0,0.010416666666666666,1.0,0.020618556701030924
dataset_aws-leak_34781_1_rrc04.csv,0.9723611111111111,90.0,20.0,0.26296296296296295,1.0,0.4164222873900293
dataset_aws-leak_34781_5_rrc04.csv,0.9409722222222222,90.0,20.0,0.15,1.0,0.2608695652173913
