,accuracy,epoch,lag,precision_0,recall_0,f1_0
dataset_japan-earthquake_2497_1_rrc06.csv,0.9848611111111111,40.0,20.0,0.9572368421052632,0.751937984496124,0.8422575976845151
dataset_japan-earthquake_2497_5_rrc06.csv,0.7479166666666667,40.0,20.0,0.175,1.0,0.2978723404255319
