,accuracy,epoch,lag,precision_0,recall_0,f1_0
dataset_code-red_513_1_rrc04.csv,0.9475896860986547,99.0,20.0,0.5964467005076142,0.8935361216730038,0.715372907153729
dataset_code-red_513_5_rrc04.csv,0.81875,99.0,20.0,0.2888283378746594,1.0,0.4482029598308668
dataset_code-red_6893_1_rrc04.csv,0.9624439461883408,99.0,20.0,0.6658097686375322,0.9847908745247148,0.794478527607362
dataset_code-red_6893_5_rrc04.csv,0.70625,99.0,20.0,0.2003780718336484,1.0,0.33385826771653543
