,accuracy,epoch,lag,precision_0,recall_0,f1_0
dataset_moscow_blackout_1853_1_rrc05.csv,0.9225,40.0,20.0,0.20902255639097744,0.8128654970760234,0.3325358851674642
dataset_moscow_blackout_1853_5_rrc05.csv,0.8277777777777777,40.0,20.0,0.09811320754716982,0.7428571428571429,0.17333333333333334
dataset_moscow_blackout_12793_1_rrc05.csv,0.9830555555555556,40.0,20.0,0.5976095617529881,0.8771929824561403,0.7109004739336493
dataset_moscow_blackout_12793_5_rrc05.csv,0.2625,40.0,20.0,0.03190519598906107,1.0,0.06183745583038869
