,accuracy,epoch,lag,precision_0,recall_0,f1_0
dataset_nimda_513_1_rrc04.csv,0.6877902476780186,99.0,20.0,0.9695121951219512,0.08995756718528995,0.16463888169816204
dataset_nimda_513_5_rrc04.csv,0.75341796875,99.0,20.0,0.9950980392156863,0.2871287128712871,0.44566410537870466
dataset_nimda_559_1_rrc04.csv,0.6929179566563467,99.0,20.0,0.6322344322344322,0.24413012729844413,0.3522448979591837
dataset_nimda_559_5_rrc04.csv,0.79638671875,99.0,20.0,0.6938502673796791,0.7340876944837341,0.7134020618556701
dataset_nimda_6893_1_rrc04.csv,0.660797213622291,99.0,20.0,1.0,0.008203677510608205,0.016273849607182943
dataset_nimda_6893_5_rrc04.csv,0.65869140625,99.0,20.0,1.0,0.011315417256011316,0.02237762237762238
