,accuracy,epoch,lag,precision_0,recall_0,f1_0
dataset_code-red_513_1_rrc04.csv,0.9503923766816144,70.0,20.0,0.6080402010050251,0.9201520912547528,0.7322239031770046
dataset_code-red_513_5_rrc04.csv,0.8125,70.0,20.0,0.28191489361702127,1.0,0.43983402489626555
dataset_code-red_6893_1_rrc04.csv,0.9701513452914798,70.0,20.0,0.7188811188811188,0.9771863117870723,0.8283642224012893
dataset_code-red_6893_5_rrc04.csv,0.7694444444444445,70.0,20.0,0.2420091324200913,1.0,0.3897058823529412
