,accuracy,epoch,lag,precision_0,recall_0,f1_0
dataset_code-red_513_1_rrc04.csv,0.9408632286995515,30.0,20.0,0.5658227848101266,0.8498098859315589,0.6793313069908815
dataset_code-red_513_5_rrc04.csv,0.6520833333333333,30.0,20.0,0.17462932454695224,1.0,0.2973352033660589
dataset_code-red_6893_1_rrc04.csv,0.9730941704035875,30.0,20.0,0.7427325581395349,0.9714828897338403,0.841845140032949
dataset_code-red_6893_5_rrc04.csv,0.6333333333333333,30.0,20.0,0.167192429022082,1.0,0.28648648648648645
