,accuracy,epoch,lag,precision_0,recall_0,f1_0
dataset_aws-leak_15547_1_rrc04.csv,0.3426388888888889,70.0,20.0,0.014779350541215654,1.0,0.029128205128205128
dataset_aws-leak_15547_5_rrc04.csv,0.017361111111111112,70.0,20.0,0.01048951048951049,1.0,0.020761245674740487
dataset_aws-leak_34781_1_rrc04.csv,0.9823611111111111,70.0,20.0,0.35714285714285715,0.9859154929577465,0.5243445692883896
dataset_aws-leak_34781_5_rrc04.csv,0.9611111111111111,70.0,20.0,0.2028985507246377,0.9333333333333333,0.33333333333333337
