,accuracy,epoch,lag,precision_0,recall_0,f1_0
dataset_aws-leak_15547_1_rrc04.csv,0.5745833333333333,10.0,20.0,0.02265475430759413,1.0,0.04430577223088924
dataset_aws-leak_15547_5_rrc04.csv,0.02013888888888889,10.0,20.0,0.010518934081346423,1.0,0.02081887578070784
dataset_aws-leak_34781_1_rrc04.csv,0.9879166666666667,10.0,20.0,0.44666666666666666,0.9436619718309859,0.6063348416289593
dataset_aws-leak_34781_5_rrc04.csv,0.9409722222222222,10.0,20.0,0.14285714285714285,0.9333333333333333,0.24778761061946902
