,accuracy,epoch,lag,precision_0,recall_0,f1_0
dataset_nimda_513_1_rrc04.csv,0.6640866873065016,10.0,20.0,0.9090909090909091,0.019801980198019802,0.03875968992248062
dataset_nimda_513_5_rrc04.csv,0.7138671875,10.0,20.0,0.9481481481481482,0.18104667609618105,0.30403800475059384
dataset_nimda_559_1_rrc04.csv,0.6566369969040248,10.0,20.0,0.3793103448275862,0.006223479490806223,0.01224603395491233
dataset_nimda_559_5_rrc04.csv,0.77294921875,10.0,20.0,0.7130281690140845,0.5728429985855729,0.6352941176470588
dataset_nimda_6893_1_rrc04.csv,0.6600232198142415,10.0,20.0,0.8620689655172413,0.007072135785007072,0.014029180695847361
dataset_nimda_6893_5_rrc04.csv,0.798828125,10.0,20.0,0.9867986798679867,0.4229137199434229,0.592079207920792
