,accuracy,epoch,lag,precision_0,recall_0,f1_0
dataset_code-red_513_1_rrc04.csv,0.937920403587444,20.0,20.0,0.5616641901931649,0.7186311787072244,0.6305254378648874
dataset_code-red_513_5_rrc04.csv,0.5465277777777777,20.0,20.0,0.13965744400527008,1.0,0.24508670520231213
dataset_code-red_6893_1_rrc04.csv,0.9684697309417041,20.0,20.0,0.7731397459165155,0.8098859315589354,0.7910863509749303
dataset_code-red_6893_5_rrc04.csv,0.69375,20.0,20.0,0.19378427787934185,1.0,0.3246554364471669
