,accuracy,precision_0,recall_0,f1_0
dataset_slammer_513_1_rrc04.csv,0.9648611111111111,0.9572471324296142,0.8123893805309734,0.8788894207754907
dataset_slammer_513_5_rrc04.csv,0.73125,0.367816091954023,0.9911504424778761,0.5365269461077844
dataset_slammer_559_1_rrc04.csv,0.8377777777777777,0.4916885389326334,0.9946902654867257,0.6580796252927401
dataset_slammer_559_5_rrc04.csv,0.5638888888888889,0.2635294117647059,0.9911504424778761,0.41635687732342014
dataset_slammer_6893_1_rrc04.csv,0.9022222222222223,0.6172907488986784,0.9920353982300885,0.7610319076714189
dataset_slammer_6893_5_rrc04.csv,0.5791666666666667,0.27053140096618356,0.9911504424778761,0.4250474383301707
