,accuracy,precision_0,recall_0,f1_0
dataset_slammer_513_1_rrc04.csv,0.9180555555555555,0.8868194842406877,0.547787610619469,0.6772428884026257
dataset_slammer_513_5_rrc04.csv,0.9381944444444444,0.7260726072607261,0.9734513274336283,0.831758034026465
dataset_slammer_559_1_rrc04.csv,0.9011111111111111,0.613958560523446,0.9964601769911504,0.7597840755735492
dataset_slammer_559_5_rrc04.csv,0.85625,0.5221445221445221,0.9911504424778761,0.6839694656488551
dataset_slammer_6893_1_rrc04.csv,0.9336111111111111,0.8340163934426229,0.720353982300885,0.7730294396961064
dataset_slammer_6893_5_rrc04.csv,0.7784722222222222,0.41404805914972276,0.9911504424778761,0.5840938722294654
