,accuracy,epoch,lag,precision_0,recall_0,f1_0
dataset_code-red_513_1_rrc04.csv,0.9515134529147982,50.0,20.0,0.6222826086956522,0.870722433460076,0.7258320126782883
dataset_code-red_513_5_rrc04.csv,0.8041666666666667,50.0,20.0,0.27319587628865977,1.0,0.4291497975708502
dataset_code-red_6893_1_rrc04.csv,0.9740751121076233,50.0,20.0,0.7489051094890511,0.9752851711026616,0.8472336911643269
dataset_code-red_6893_5_rrc04.csv,0.7638888888888888,50.0,20.0,0.23766816143497757,1.0,0.38405797101449274
