,accuracy,epoch,lag,precision_0,recall_0,f1_0
dataset_aws-leak_15547_1_rrc04.csv,0.17680555555555555,99.0,20.0,0.011837279093031011,1.0,0.023397594331850388
dataset_aws-leak_15547_5_rrc04.csv,0.011805555555555555,99.0,20.0,0.01043115438108484,1.0,0.02064693737095664
dataset_aws-leak_34781_1_rrc04.csv,0.97875,99.0,20.0,0.3153153153153153,0.9859154929577465,0.4778156996587031
dataset_aws-leak_34781_5_rrc04.csv,0.9520833333333333,99.0,20.0,0.17073170731707318,0.9333333333333333,0.288659793814433
