,accuracy,epoch,lag,precision_0,recall_0,f1_0
dataset_japan-earthquake_2497_1_rrc06.csv,0.9897222222222222,99.0,20.0,0.9589442815249267,0.8449612403100775,0.8983516483516484
dataset_japan-earthquake_2497_5_rrc06.csv,0.9534722222222223,99.0,20.0,0.5357142857142857,0.974025974025974,0.6912442396313364
