,accuracy,epoch,lag,precision_0,recall_0,f1_0
dataset_moscow_blackout_1853_1_rrc05.csv,0.9458333333333333,80.0,20.0,0.28901734104046245,0.8771929824561403,0.43478260869565216
dataset_moscow_blackout_1853_5_rrc05.csv,0.9340277777777778,80.0,20.0,0.23214285714285715,0.7428571428571429,0.35374149659863946
dataset_moscow_blackout_12793_1_rrc05.csv,0.9886111111111111,80.0,20.0,0.7109004739336493,0.8771929824561403,0.7853403141361256
dataset_moscow_blackout_12793_5_rrc05.csv,0.9416666666666667,80.0,20.0,0.27102803738317754,0.8285714285714286,0.40845070422535207
