,accuracy,precision_0,recall_0,f1_0
dataset_slammer_513_1_rrc04.csv,0.9529166666666666,0.9805589307411907,0.7141592920353982,0.8264208909370199
dataset_slammer_513_5_rrc04.csv,0.8222222222222222,0.4686192468619247,0.9911504424778761,0.6363636363636364
dataset_slammer_559_1_rrc04.csv,0.9845833333333334,0.929957805907173,0.9752212389380531,0.9520518358531318
dataset_slammer_559_5_rrc04.csv,0.7131944444444445,0.352755905511811,0.9911504424778761,0.5203252032520326
dataset_slammer_6893_1_rrc04.csv,0.9606944444444444,0.9343589743589743,0.8061946902654867,0.8655581947743468
dataset_slammer_6893_5_rrc04.csv,0.6145833333333334,0.2882882882882883,0.9911504424778761,0.44666001994017945
