,accuracy,precision_0,recall_0,f1_0
dataset_slammer_513_1_rrc04.csv,0.9269444444444445,0.9467455621301775,0.5663716814159292,0.7087486157253599
dataset_slammer_513_5_rrc04.csv,0.9430555555555555,0.7432432432432432,0.9734513274336283,0.8429118773946359
dataset_slammer_559_1_rrc04.csv,0.9619444444444445,0.8137829912023461,0.9823008849557522,0.8901363271852446
dataset_slammer_559_5_rrc04.csv,0.8826388888888889,0.5732647814910026,0.9867256637168141,0.7252032520325202
dataset_slammer_6893_1_rrc04.csv,0.9405555555555556,0.9119718309859155,0.6876106194690266,0.7840565085771948
dataset_slammer_6893_5_rrc04.csv,0.8347222222222223,0.4868995633187773,0.9867256637168141,0.652046783625731
