,accuracy,epoch,lag,precision_0,recall_0,f1_0
dataset_as9121_13237_1_rrc05.csv,0.735,70.0,20.0,0.03975842979365878,1.0,0.07647628267182961
dataset_as9121_13237_5_rrc05.csv,0.6201388888888889,70.0,20.0,0.028419182948490232,1.0,0.055267702936096716
