,accuracy,epoch,lag,precision_0,recall_0,f1_0
dataset_nimda_513_1_rrc04.csv,0.6702786377708978,50.0,20.0,0.9703703703703703,0.037057991513437055,0.07138964577656674
dataset_nimda_513_5_rrc04.csv,0.70849609375,50.0,20.0,0.9741379310344828,0.15983026874115983,0.27460510328068044
dataset_nimda_559_1_rrc04.csv,0.65218653250774,50.0,20.0,0.3333333333333333,0.016973125884016973,0.03230148048452221
dataset_nimda_559_5_rrc04.csv,0.72802734375,50.0,20.0,0.6258389261744967,0.5275813295615276,0.5725249424405219
dataset_nimda_6893_1_rrc04.csv,0.6601199690402477,50.0,20.0,0.9230769230769231,0.006789250353606789,0.013479359730412806
dataset_nimda_6893_5_rrc04.csv,0.66748046875,50.0,20.0,1.0,0.036775106082036775,0.07094133697135062
