,accuracy,epoch,lag,precision_0,recall_0,f1_0
dataset_moscow_blackout_1853_1_rrc05.csv,0.9580555555555555,99.0,20.0,0.3501144164759725,0.8947368421052632,0.5032894736842105
dataset_moscow_blackout_1853_5_rrc05.csv,0.9444444444444444,99.0,20.0,0.26804123711340205,0.7428571428571429,0.393939393939394
dataset_moscow_blackout_12793_1_rrc05.csv,0.9902777777777778,99.0,20.0,0.7537688442211056,0.8771929824561403,0.8108108108108107
dataset_moscow_blackout_12793_5_rrc05.csv,0.9597222222222223,99.0,20.0,0.35443037974683544,0.8,0.4912280701754386
