,accuracy,epoch,lag,precision_0,recall_0,f1_0
dataset_moscow_blackout_1853_1_rrc05.csv,0.8644444444444445,30.0,20.0,0.12418300653594772,0.7777777777777778,0.214170692431562
dataset_moscow_blackout_1853_5_rrc05.csv,0.6527777777777778,30.0,20.0,0.05029013539651837,0.7428571428571429,0.09420289855072463
dataset_moscow_blackout_12793_1_rrc05.csv,0.9269444444444445,30.0,20.0,0.23227752639517346,0.9005847953216374,0.3693045563549161
dataset_moscow_blackout_12793_5_rrc05.csv,0.16319444444444445,30.0,20.0,0.028225806451612902,1.0,0.05490196078431372
