,accuracy,epoch,lag,precision_0,recall_0,f1_0
dataset_as9121_13237_1_rrc05.csv,0.8427777777777777,90.0,20.0,0.06451612903225806,0.9873417721518988,0.12111801242236025
dataset_as9121_13237_5_rrc05.csv,0.6604166666666667,90.0,20.0,0.031683168316831684,1.0,0.061420345489443376
