,accuracy,epoch,lag,precision_0,recall_0,f1_0
dataset_aws-leak_15547_1_rrc04.csv,0.1698611111111111,80.0,20.0,0.011739417989417989,1.0,0.02320640627553522
dataset_aws-leak_15547_5_rrc04.csv,0.0125,80.0,20.0,0.010438413361169102,1.0,0.02066115702479339
dataset_aws-leak_34781_1_rrc04.csv,0.9777777777777777,80.0,20.0,0.3056768558951965,0.9859154929577465,0.4666666666666666
dataset_aws-leak_34781_5_rrc04.csv,0.95,80.0,20.0,0.16470588235294117,0.9333333333333333,0.27999999999999997
