,accuracy,precision_0,recall_0,f1_0
dataset_slammer_513_1_rrc04.csv,0.94125,0.9469026548672567,0.6628318584070797,0.7798021863612702
dataset_slammer_513_5_rrc04.csv,0.9034722222222222,0.6225352112676056,0.9778761061946902,0.7607573149741824
dataset_slammer_559_1_rrc04.csv,0.9286111111111112,0.6887254901960784,0.9946902654867257,0.8139029688631427
dataset_slammer_559_5_rrc04.csv,0.8215277777777777,0.46750524109014674,0.9867256637168141,0.6344238975817923
dataset_slammer_6893_1_rrc04.csv,0.9520833333333333,0.9118572927597062,0.7690265486725664,0.8343734997599617
dataset_slammer_6893_5_rrc04.csv,0.7222222222222222,0.36012861736334406,0.9911504424778761,0.5283018867924528
