,accuracy,precision_0,recall_0,f1_0
dataset_slammer_513_1_rrc04.csv,0.9116666666666666,0.9049180327868852,0.48849557522123893,0.6344827586206897
dataset_slammer_513_5_rrc04.csv,0.9486111111111111,0.7657342657342657,0.9690265486725663,0.8554687499999999
dataset_slammer_559_1_rrc04.csv,0.9476388888888889,0.7566462167689162,0.9823008849557522,0.8548324990373508
dataset_slammer_559_5_rrc04.csv,0.8895833333333333,0.5883905013192612,0.9867256637168141,0.7371900826446279
dataset_slammer_6893_1_rrc04.csv,0.9313888888888889,0.8785714285714286,0.6530973451327433,0.749238578680203
dataset_slammer_6893_5_rrc04.csv,0.8395833333333333,0.49448123620309054,0.9911504424778761,0.6597938144329897
