,accuracy,epoch,lag,precision_0,recall_0,f1_0
dataset_code-red_513_1_rrc04.csv,0.9579596412556054,90.0,20.0,0.6582633053221288,0.8935361216730038,0.7580645161290324
dataset_code-red_513_5_rrc04.csv,0.85,90.0,20.0,0.32919254658385094,1.0,0.4953271028037383
dataset_code-red_6893_1_rrc04.csv,0.9698710762331838,90.0,20.0,0.7156726768377254,0.9809885931558935,0.8275862068965517
dataset_code-red_6893_5_rrc04.csv,0.7618055555555555,90.0,20.0,0.23608017817371937,1.0,0.38198198198198197
