,accuracy,epoch,lag,precision_0,recall_0,f1_0
dataset_as9121_13237_1_rrc05.csv,0.8323611111111111,80.0,20.0,0.06074766355140187,0.9873417721518988,0.11445341159207631
dataset_as9121_13237_5_rrc05.csv,0.6861111111111111,80.0,20.0,0.03418803418803419,1.0,0.06611570247933884
