,accuracy,epoch,lag,precision_0,recall_0,f1_0
dataset_code-red_513_1_rrc04.csv,0.960902466367713,60.0,20.0,0.7068676716917923,0.8022813688212928,0.7515583259127337
dataset_code-red_513_5_rrc04.csv,0.8770833333333333,60.0,20.0,0.3650190114068441,0.9056603773584906,0.5203252032520326
dataset_code-red_6893_1_rrc04.csv,0.969310538116592,60.0,20.0,0.7755834829443446,0.8212927756653993,0.7977839335180055
dataset_code-red_6893_5_rrc04.csv,0.8333333333333334,60.0,20.0,0.3063583815028902,1.0,0.46902654867256643
