,accuracy,epoch,lag,precision_0,recall_0,f1_0
dataset_aws-leak_15547_1_rrc04.csv,0.15222222222222223,50.0,20.0,0.011497975708502025,1.0,0.022734550112071726
dataset_aws-leak_15547_5_rrc04.csv,0.013888888888888888,50.0,20.0,0.010452961672473868,1.0,0.020689655172413796
dataset_aws-leak_34781_1_rrc04.csv,0.9775,50.0,20.0,0.30303030303030304,0.9859154929577465,0.46357615894039733
dataset_aws-leak_34781_5_rrc04.csv,0.9444444444444444,50.0,20.0,0.15789473684210525,1.0,0.2727272727272727
