,accuracy,epoch,lag,precision_0,recall_0,f1_0
dataset_as9121_13237_1_rrc05.csv,0.7120833333333333,30.0,20.0,0.03671003717472119,1.0,0.07082025997310623
dataset_as9121_13237_5_rrc05.csv,0.6979166666666666,30.0,20.0,0.03547671840354767,1.0,0.06852248394004283
