,accuracy,epoch,lag,precision_0,recall_0,f1_0
dataset_moscow_blackout_1853_1_rrc05.csv,0.9520833333333333,70.0,20.0,0.31645569620253167,0.8771929824561403,0.4651162790697675
dataset_moscow_blackout_1853_5_rrc05.csv,0.9319444444444445,70.0,20.0,0.22608695652173913,0.7428571428571429,0.3466666666666667
dataset_moscow_blackout_12793_1_rrc05.csv,0.9886111111111111,70.0,20.0,0.7109004739336493,0.8771929824561403,0.7853403141361256
dataset_moscow_blackout_12793_5_rrc05.csv,0.9006944444444445,70.0,20.0,0.17857142857142858,0.8571428571428571,0.2955665024630542
