,accuracy,precision_0,recall_0,f1_0
dataset_slammer_513_1_rrc04.csv,0.8930555555555556,0.8529411764705882,0.38495575221238937,0.5304878048780488
dataset_slammer_513_5_rrc04.csv,0.9451388888888889,0.7560975609756098,0.9601769911504425,0.8460038986354776
dataset_slammer_559_1_rrc04.csv,0.9245833333333333,0.6801718845917741,0.9805309734513274,0.8031895614353027
dataset_slammer_559_5_rrc04.csv,0.8701388888888889,0.547911547911548,0.9867256637168141,0.7045813586097947
dataset_slammer_6893_1_rrc04.csv,0.9297222222222222,0.8398692810457516,0.6823008849557523,0.7529296875
dataset_slammer_6893_5_rrc04.csv,0.8194444444444444,0.46473029045643155,0.9911504424778761,0.632768361581921
