,accuracy,epoch,lag,precision_0,recall_0,f1_0
dataset_japan-earthquake_2497_1_rrc06.csv,0.99,70.0,20.0,0.9591836734693877,0.8501291989664083,0.9013698630136987
dataset_japan-earthquake_2497_5_rrc06.csv,0.94375,70.0,20.0,0.4873417721518987,1.0,0.6553191489361703
