,accuracy,precision_0,recall_0,f1_0
dataset_slammer_513_1_rrc04.csv,0.8986111111111111,0.8759398496240601,0.41238938053097346,0.5607701564380265
dataset_slammer_513_5_rrc04.csv,0.9479166666666666,0.7686832740213523,0.9557522123893806,0.8520710059171598
dataset_slammer_559_1_rrc04.csv,0.9320833333333334,0.7404351087771943,0.8734513274336283,0.8014616321559075
dataset_slammer_559_5_rrc04.csv,0.8833333333333333,0.5747422680412371,0.9867256637168141,0.726384364820847
dataset_slammer_6893_1_rrc04.csv,0.93,0.8699763593380615,0.6513274336283186,0.7449392712550607
dataset_slammer_6893_5_rrc04.csv,0.8506944444444444,0.5125858123569794,0.9911504424778761,0.6757164404223228
