,accuracy,epoch,lag,precision_0,recall_0,f1_0
dataset_as9121_13237_1_rrc05.csv,0.885,10.0,20.0,0.08435072142064373,0.9620253164556962,0.1551020408163265
dataset_as9121_13237_5_rrc05.csv,0.7006944444444444,10.0,20.0,0.035794183445190156,1.0,0.0691144708423326
