,accuracy,epoch,lag,precision_0,recall_0,f1_0
dataset_as9121_13237_1_rrc05.csv,0.7969444444444445,40.0,20.0,0.05126541207008436,1.0,0.09753086419753086
dataset_as9121_13237_5_rrc05.csv,0.7416666666666667,40.0,20.0,0.041237113402061855,1.0,0.0792079207920792
