,accuracy,epoch,lag,precision_0,recall_0,f1_0
dataset_moscow_blackout_1853_1_rrc05.csv,0.8506944444444444,10.0,20.0,0.12767710049423395,0.9064327485380117,0.22382671480144406
dataset_moscow_blackout_1853_5_rrc05.csv,0.4583333333333333,10.0,20.0,0.04294478527607362,1.0,0.08235294117647059
dataset_moscow_blackout_12793_1_rrc05.csv,0.6431944444444444,10.0,20.0,0.05951506245407789,0.9473684210526315,0.1119944694089181
dataset_moscow_blackout_12793_5_rrc05.csv,0.06041666666666667,10.0,20.0,0.02521613832853026,1.0,0.049191848208011243
