,accuracy,epoch,lag,precision_0,recall_0,f1_0
dataset_as9121_13237_1_rrc05.csv,0.26055555555555554,50.0,20.0,0.014621506570423838,1.0,0.028821597956950017
dataset_as9121_13237_5_rrc05.csv,0.4826388888888889,50.0,20.0,0.02102496714848883,1.0,0.04118404118404119
