,accuracy,epoch,lag,precision_0,recall_0,f1_0
dataset_code-red_513_1_rrc04.csv,0.9515134529147982,40.0,20.0,0.6181102362204725,0.8954372623574145,0.7313664596273292
dataset_code-red_513_5_rrc04.csv,0.7576388888888889,40.0,20.0,0.23296703296703297,1.0,0.3778966131907308
dataset_code-red_6893_1_rrc04.csv,0.9739349775784754,40.0,20.0,0.749266862170088,0.9714828897338403,0.8460264900662252
dataset_code-red_6893_5_rrc04.csv,0.7145833333333333,40.0,20.0,0.20502901353965183,1.0,0.3402889245585875
