,accuracy,epoch,lag,precision_0,recall_0,f1_0
dataset_moscow_blackout_1853_1_rrc05.csv,0.8020833333333334,50.0,20.0,0.10114503816793893,0.9298245614035088,0.18244406196213428
dataset_moscow_blackout_1853_5_rrc05.csv,0.8416666666666667,50.0,20.0,0.10612244897959183,0.7428571428571429,0.18571428571428572
dataset_moscow_blackout_12793_1_rrc05.csv,0.9806944444444444,50.0,20.0,0.5588235294117647,0.8888888888888888,0.6862302483069977
dataset_moscow_blackout_12793_5_rrc05.csv,0.25416666666666665,50.0,20.0,0.031559963931469794,1.0,0.061188811188811185
