,accuracy,epoch,lag,precision_0,recall_0,f1_0
dataset_nimda_513_1_rrc04.csv,0.6776315789473685,90.0,20.0,0.9903381642512077,0.05799151343705799,0.10956707642971673
dataset_nimda_513_5_rrc04.csv,0.72705078125,90.0,20.0,1.0,0.20933521923620935,0.34619883040935673
dataset_nimda_559_1_rrc04.csv,0.6464783281733746,90.0,20.0,0.3613053613053613,0.04384724186704385,0.07820383451059536
dataset_nimda_559_5_rrc04.csv,0.68798828125,90.0,20.0,0.5772727272727273,0.3592644978783593,0.44289450741063646
dataset_nimda_6893_1_rrc04.csv,0.6601199690402477,90.0,20.0,1.0,0.006223479490806223,0.012369974697779026
dataset_nimda_6893_5_rrc04.csv,0.6572265625,90.0,20.0,1.0,0.007072135785007072,0.014044943820224719
