,accuracy,precision_0,recall_0,f1_0
dataset_slammer_513_1_rrc04.csv,0.9097222222222222,0.8773584905660378,0.49380530973451325,0.6319365798414496
dataset_slammer_513_5_rrc04.csv,0.9423611111111111,0.7423728813559322,0.9690265486725663,0.8406909788867561
dataset_slammer_559_1_rrc04.csv,0.9175,0.6561771561771562,0.9964601769911504,0.7912860154602951
dataset_slammer_559_5_rrc04.csv,0.8680555555555556,0.5436893203883495,0.9911504424778761,0.7021943573667712
dataset_slammer_6893_1_rrc04.csv,0.9313888888888889,0.8382978723404255,0.6973451327433628,0.7613526570048309
dataset_slammer_6893_5_rrc04.csv,0.8020833333333334,0.4418145956607495,0.9911504424778761,0.6111869031377899
