,accuracy,epoch,lag,precision_0,recall_0,f1_0
dataset_japan-earthquake_2497_1_rrc06.csv,0.9890277777777777,50.0,20.0,0.9583333333333334,0.8320413436692506,0.8907330567081604
dataset_japan-earthquake_2497_5_rrc06.csv,0.8006944444444445,50.0,20.0,0.21153846153846154,1.0,0.34920634920634924
