,accuracy,epoch,lag,precision_0,recall_0,f1_0
dataset_code-red_513_1_rrc04.csv,0.9491311659192825,80.0,20.0,0.5990279465370595,0.9372623574144486,0.7309117865085248
dataset_code-red_513_5_rrc04.csv,0.8006944444444445,80.0,20.0,0.2697201017811705,1.0,0.42484969939879763
dataset_code-red_6893_1_rrc04.csv,0.9658071748878924,80.0,20.0,0.6870026525198939,0.9847908745247148,0.8093750000000001
dataset_code-red_6893_5_rrc04.csv,0.74375,80.0,20.0,0.2231578947368421,1.0,0.36488812392426856
