,accuracy,epoch,lag,precision_0,recall_0,f1_0
dataset_nimda_513_1_rrc04.csv,0.7331656346749226,60.0,20.0,0.9923954372623575,0.2214992927864215,0.3621646623496762
dataset_nimda_513_5_rrc04.csv,0.7978515625,60.0,20.0,0.9899665551839465,0.4186704384724187,0.5884691848906561
dataset_nimda_559_1_rrc04.csv,0.7200077399380805,60.0,20.0,0.5498677454488875,0.9997171145685997,0.7094960851234691
dataset_nimda_559_5_rrc04.csv,0.70751953125,60.0,20.0,0.5414746543778802,0.9971711456859972,0.701841712294674
dataset_nimda_6893_1_rrc04.csv,0.6635061919504643,60.0,20.0,0.9384615384615385,0.017256011315417256,0.03388888888888889
dataset_nimda_6893_5_rrc04.csv,0.7373046875,60.0,20.0,1.0,0.23903818953323905,0.38584474885844755
