,accuracy,epoch,lag,precision_0,recall_0,f1_0
dataset_moscow_blackout_1853_1_rrc05.csv,0.9073611111111111,60.0,20.0,0.1836734693877551,0.8421052631578947,0.30157068062827225
dataset_moscow_blackout_1853_5_rrc05.csv,0.9104166666666667,60.0,20.0,0.1780821917808219,0.7428571428571429,0.287292817679558
dataset_moscow_blackout_12793_1_rrc05.csv,0.9856944444444444,60.0,20.0,0.646551724137931,0.8771929824561403,0.7444168734491315
dataset_moscow_blackout_12793_5_rrc05.csv,0.5006944444444444,60.0,20.0,0.0427807486631016,0.9142857142857143,0.08173690932311622
