,accuracy,epoch,lag,precision_0,recall_0,f1_0
dataset_as9121_13237_1_rrc05.csv,0.75625,99.0,20.0,0.0430752453653217,1.0,0.08259278619968635
dataset_as9121_13237_5_rrc05.csv,0.5673611111111111,99.0,20.0,0.025039123630672927,1.0,0.048854961832061075
