,accuracy,epoch,lag,precision_0,recall_0,f1_0
dataset_nimda_513_1_rrc04.csv,0.6740518575851393,80.0,20.0,0.9940476190476191,0.047241867043847245,0.09019713745611666
dataset_nimda_513_5_rrc04.csv,0.7158203125,80.0,20.0,1.0,0.1768033946251768,0.3004807692307692
dataset_nimda_559_1_rrc04.csv,0.6480263157894737,80.0,20.0,0.23857868020304568,0.013295615275813296,0.025187566988210074
dataset_nimda_559_5_rrc04.csv,0.671875,80.0,20.0,0.5449871465295629,0.29985855728429983,0.38686131386861305
dataset_nimda_6893_1_rrc04.csv,0.6600232198142415,80.0,20.0,1.0,0.005940594059405941,0.011811023622047244
dataset_nimda_6893_5_rrc04.csv,0.6572265625,80.0,20.0,1.0,0.007072135785007072,0.014044943820224719
