,accuracy,precision_0,recall_0,f1_0
dataset_slammer_513_1_rrc04.csv,0.9038888888888889,0.8711864406779661,0.45486725663716815,0.5976744186046512
dataset_slammer_513_5_rrc04.csv,0.9444444444444444,0.7517241379310344,0.9646017699115044,0.8449612403100775
dataset_slammer_559_1_rrc04.csv,0.9229166666666667,0.6714370900417412,0.9964601769911504,0.802280014250089
dataset_slammer_559_5_rrc04.csv,0.8694444444444445,0.5463414634146342,0.9911504424778761,0.7044025157232705
dataset_slammer_6893_1_rrc04.csv,0.9311111111111111,0.8386752136752137,0.6946902654867256,0.7599225556631171
dataset_slammer_6893_5_rrc04.csv,0.8131944444444444,0.45621181262729127,0.9911504424778761,0.6248256624825663
