,accuracy,epoch,lag,precision_0,recall_0,f1_0
dataset_japan-earthquake_2497_1_rrc06.csv,0.9895833333333334,80.0,20.0,0.9508670520231214,0.8501291989664083,0.8976807639836288
dataset_japan-earthquake_2497_5_rrc06.csv,0.95,80.0,20.0,0.5170068027210885,0.987012987012987,0.6785714285714286
