,accuracy,precision_0,recall_0,f1_0
dataset_slammer_513_1_rrc04.csv,0.8998611111111111,0.8619469026548673,0.43097345132743364,0.5746312684365782
dataset_slammer_513_5_rrc04.csv,0.9409722222222222,0.7389830508474576,0.9646017699115044,0.836852207293666
dataset_slammer_559_1_rrc04.csv,0.8988888888888888,0.6086486486486486,0.9964601769911504,0.7557046979865771
dataset_slammer_559_5_rrc04.csv,0.85625,0.5220417633410673,0.995575221238938,0.6849315068493151
dataset_slammer_6893_1_rrc04.csv,0.9315277777777777,0.810126582278481,0.736283185840708,0.7714418173388967
dataset_slammer_6893_5_rrc04.csv,0.7875,0.42424242424242425,0.9911504424778761,0.5941644562334217
