,accuracy,epoch,lag,precision_0,recall_0,f1_0
dataset_moscow_blackout_1853_1_rrc05.csv,0.9298611111111111,90.0,20.0,0.24228395061728394,0.9181286549707602,0.3833943833943834
dataset_moscow_blackout_1853_5_rrc05.csv,0.9361111111111111,90.0,20.0,0.24324324324324326,0.7714285714285715,0.36986301369863017
dataset_moscow_blackout_12793_1_rrc05.csv,0.9884722222222222,90.0,20.0,0.705607476635514,0.8830409356725146,0.7844155844155845
dataset_moscow_blackout_12793_5_rrc05.csv,0.9472222222222222,90.0,20.0,0.29292929292929293,0.8285714285714286,0.4328358208955224
