,accuracy,epoch,lag,precision_0,recall_0,f1_0
dataset_moscow_blackout_1853_1_rrc05.csv,0.63125,20.0,20.0,0.05611150822015726,0.9181286549707602,0.10575951498821154
dataset_moscow_blackout_1853_5_rrc05.csv,0.43472222222222223,20.0,20.0,0.04014167650531287,0.9714285714285714,0.07709750566893422
dataset_moscow_blackout_12793_1_rrc05.csv,0.6469444444444444,20.0,20.0,0.05912978802528821,0.9298245614035088,0.11118881118881119
dataset_moscow_blackout_12793_5_rrc05.csv,0.07569444444444444,20.0,20.0,0.02562225475841874,1.0,0.049964311206281226
