,accuracy,epoch,lag,precision_0,recall_0,f1_0
dataset_nimda_513_1_rrc04.csv,0.666311919504644,30.0,20.0,0.9574468085106383,0.02545968882602546,0.04960044089280794
dataset_nimda_513_5_rrc04.csv,0.7373046875,30.0,20.0,0.9774011299435028,0.2446958981612447,0.39140271493212664
dataset_nimda_559_1_rrc04.csv,0.6575077399380805,30.0,20.0,0.2727272727272727,0.0008486562942008486,0.001692047377326565
dataset_nimda_559_5_rrc04.csv,0.78076171875,30.0,20.0,0.6420704845814978,0.8246110325318247,0.7219814241486069
dataset_nimda_6893_1_rrc04.csv,0.6607004643962848,30.0,20.0,0.9117647058823529,0.00876944837340877,0.017371812832726256
dataset_nimda_6893_5_rrc04.csv,0.78515625,30.0,20.0,0.9962825278810409,0.37906647807637905,0.5491803278688525
