,accuracy,epoch,lag,precision_0,recall_0,f1_0
dataset_nimda_513_1_rrc04.csv,0.6734713622291022,40.0,20.0,0.9761904761904762,0.04639321074964639,0.08857682959762354
dataset_nimda_513_5_rrc04.csv,0.73486328125,40.0,20.0,0.9767441860465116,0.2376237623762376,0.3822525597269625
dataset_nimda_559_1_rrc04.csv,0.6755998452012384,40.0,20.0,0.6326530612244898,0.12277227722772277,0.20563847429519072
dataset_nimda_559_5_rrc04.csv,0.78271484375,40.0,20.0,0.6485260770975056,0.809052333804809,0.7199496538703587
dataset_nimda_6893_1_rrc04.csv,0.66031346749226,40.0,20.0,0.875,0.007920792079207921,0.01569946733950098
dataset_nimda_6893_5_rrc04.csv,0.77099609375,40.0,20.0,0.9917355371900827,0.33946251768033947,0.505795574288725
