,accuracy,epoch,lag,precision_0,recall_0,f1_0
dataset_aws-leak_15547_1_rrc04.csv,0.043194444444444445,40.0,20.0,0.010201149425287357,1.0,0.020196273645285166
dataset_aws-leak_15547_5_rrc04.csv,0.010416666666666666,40.0,20.0,0.010416666666666666,1.0,0.020618556701030924
dataset_aws-leak_34781_1_rrc04.csv,0.9734722222222222,40.0,20.0,0.2692307692307692,0.9859154929577465,0.42296072507552873
dataset_aws-leak_34781_5_rrc04.csv,0.9138888888888889,40.0,20.0,0.1079136690647482,1.0,0.1948051948051948
