,accuracy,epoch,lag,precision_0,recall_0,f1_0
dataset_code-red_513_1_rrc04.csv,0.983604260089686,10.0,20.0,0.908183632734531,0.8650190114068441,0.8860759493670887
dataset_code-red_513_5_rrc04.csv,0.7020833333333333,10.0,20.0,0.19813084112149532,1.0,0.33073322932917315
dataset_code-red_6893_1_rrc04.csv,0.9614630044843049,10.0,20.0,0.8242894056847545,0.6064638783269962,0.6987951807228916
dataset_code-red_6893_5_rrc04.csv,0.7701388888888889,10.0,20.0,0.2425629290617849,1.0,0.39042357274401474
