,accuracy,precision_0,recall_0,f1_0
dataset_slammer_513_1_rrc04.csv,0.9104166666666667,0.825503355704698,0.5442477876106194,0.656
dataset_slammer_513_5_rrc04.csv,0.7833333333333333,0.4179389312977099,0.9690265486725663,0.5840000000000001
dataset_slammer_559_1_rrc04.csv,0.9105555555555556,0.7601713062098501,0.6283185840707964,0.687984496124031
dataset_slammer_559_5_rrc04.csv,0.8166666666666667,0.459915611814346,0.9646017699115044,0.6228571428571429
dataset_slammer_6893_1_rrc04.csv,0.9066666666666666,0.7675233644859814,0.5814159292035398,0.661631419939577
dataset_slammer_6893_5_rrc04.csv,0.74375,0.37608318890814557,0.9601769911504425,0.5404732254047323
