,accuracy,precision_0,recall_0,f1_0
dataset_slammer_513_1_rrc04.csv,0.87625,0.8169761273209549,0.27256637168141595,0.40875912408759135
dataset_slammer_513_5_rrc04.csv,0.9479166666666666,0.7806691449814126,0.9292035398230089,0.8484848484848485
dataset_slammer_559_1_rrc04.csv,0.9186111111111112,0.6910112359550562,0.8707964601769912,0.7705559906029757
dataset_slammer_559_5_rrc04.csv,0.8777777777777778,0.5631313131313131,0.9867256637168141,0.7170418006430868
dataset_slammer_6893_1_rrc04.csv,0.9304166666666667,0.8730723606168446,0.6513274336283186,0.7460719716168271
dataset_slammer_6893_5_rrc04.csv,0.8569444444444444,0.5235849056603774,0.9823008849557522,0.683076923076923
