,accuracy,epoch,lag,precision_0,recall_0,f1_0
dataset_code-red_513_1_rrc04.csv,0.3870515695067265,79.0,20.0,0.1073469387755102,1.0,0.19388131220051605
dataset_code-red_513_5_rrc04.csv,0.45555555555555555,79.0,20.0,0.11910112359550562,1.0,0.21285140562249
dataset_code-red_6893_1_rrc04.csv,0.7732623318385651,79.0,20.0,0.24147727272727273,0.9695817490494296,0.38665655799848375
dataset_code-red_6893_5_rrc04.csv,0.775,79.0,20.0,0.24651162790697675,1.0,0.3955223880597015
