,accuracy,epoch,lag,precision_0,recall_0,f1_0
dataset_nimda_513_1_rrc04.csv,0.6579914860681114,95.0,20.0,0.5,0.0002828854314002829,0.0005654509471303364
dataset_nimda_513_5_rrc04.csv,0.65869140625,95.0,20.0,0.9,0.01272984441301273,0.02510460251046025
dataset_nimda_559_1_rrc04.csv,0.6590557275541795,95.0,20.0,0.7391304347826086,0.004809052333804809,0.009555930297920179
dataset_nimda_559_5_rrc04.csv,0.80322265625,95.0,20.0,0.9393063583815029,0.4596888260254597,0.6172839506172839
dataset_nimda_6893_1_rrc04.csv,0.6589589783281734,95.0,20.0,0.7083333333333334,0.004809052333804809,0.009553245293621802
dataset_nimda_6893_5_rrc04.csv,0.66015625,95.0,20.0,0.9230769230769231,0.016973125884016973,0.03333333333333333
