,accuracy,epoch,lag,precision_0,recall_0,f1_0
dataset_moscow_blackout_1853_1_rrc05.csv,0.7027777777777777,9.0,20.0,0.06263882718791648,0.8245614035087719,0.11643270024772916
dataset_moscow_blackout_1853_5_rrc05.csv,0.8840277777777777,9.0,20.0,0.11176470588235295,0.5428571428571428,0.18536585365853658
dataset_moscow_blackout_12793_1_rrc05.csv,0.06930555555555555,9.0,20.0,0.023496789258610623,0.9415204678362573,0.04584935212871992
dataset_moscow_blackout_12793_5_rrc05.csv,0.13680555555555557,9.0,20.0,0.025902668759811617,0.9428571428571428,0.05042016806722689
