,accuracy,epoch,lag,precision_0,recall_0,f1_0
dataset_slammer_513_1_rrc04.csv,0.9413888888888889,88.0,20.0,0.9254807692307693,0.6814159292035398,0.7849133537206932
dataset_slammer_513_5_rrc04.csv,0.9611111111111111,88.0,20.0,0.8863636363636364,0.8628318584070797,0.8744394618834082
dataset_slammer_559_1_rrc04.csv,0.4797222222222222,88.0,20.0,0.23141683778234087,0.9973451327433628,0.3756666666666667
dataset_slammer_559_5_rrc04.csv,0.5520833333333334,88.0,20.0,0.25891829689298046,0.995575221238938,0.4109589041095891
dataset_slammer_6893_1_rrc04.csv,0.9554166666666667,88.0,20.0,0.8826868495742668,0.8256637168141593,0.8532235939643346
dataset_slammer_6893_5_rrc04.csv,0.9520833333333333,88.0,20.0,0.8792270531400966,0.8053097345132744,0.8406466512702079
