,accuracy,epoch,lag,precision_0,recall_0,f1_0
dataset_japan-earthquake_2497_1_rrc06.csv,0.9506944444444444,17.0,20.0,0.8809523809523809,0.09560723514211886,0.17249417249417248
dataset_japan-earthquake_2497_5_rrc06.csv,0.9770833333333333,17.0,20.0,0.8055555555555556,0.7532467532467533,0.778523489932886
dataset_japan-earthquake_10026_1_rv-sydney.csv,0.9788888888888889,17.0,20.0,0.8961937716262975,0.6797900262467191,0.7731343283582089
