,accuracy,epoch,lag,precision_0,recall_0,f1_0
dataset_slammer_513_1_rrc04.csv,0.9413888888888889,81.0,20.0,0.9285714285714286,0.6787610619469027,0.7842535787321063
dataset_slammer_513_5_rrc04.csv,0.9618055555555556,81.0,20.0,0.8904109589041096,0.8628318584070797,0.8764044943820225
dataset_slammer_559_1_rrc04.csv,0.46347222222222223,81.0,20.0,0.22598756767595748,0.9973451327433628,0.3684812816740232
dataset_slammer_559_5_rrc04.csv,0.5513888888888889,81.0,20.0,0.25862068965517243,0.995575221238938,0.41058394160583944
dataset_slammer_6893_1_rrc04.csv,0.9561111111111111,81.0,20.0,0.8990196078431373,0.8115044247787611,0.8530232558139534
dataset_slammer_6893_5_rrc04.csv,0.9520833333333333,81.0,20.0,0.8792270531400966,0.8053097345132744,0.8406466512702079
