,accuracy,epoch,lag,precision_0,recall_0,f1_0
dataset_slammer_513_1_rrc04.csv,0.9552777777777778,37.0,20.0,0.9675925925925926,0.7398230088495575,0.8385155466399198
dataset_slammer_513_5_rrc04.csv,0.9645833333333333,37.0,20.0,0.9487179487179487,0.8185840707964602,0.8788598574821852
dataset_slammer_559_1_rrc04.csv,0.7211111111111111,37.0,20.0,0.35938500960922487,0.9929203539823008,0.5277516462841015
dataset_slammer_559_5_rrc04.csv,0.8444444444444444,37.0,20.0,0.5022522522522522,0.9867256637168141,0.6656716417910448
dataset_slammer_6893_1_rrc04.csv,0.9693055555555555,37.0,20.0,0.9840255591054313,0.8176991150442477,0.8931851135814403
dataset_slammer_6893_5_rrc04.csv,0.9631944444444445,37.0,20.0,0.9779005524861878,0.7831858407079646,0.8697788697788698
