,accuracy,epoch,lag,precision_0,recall_0,f1_0
dataset_as9121_13237_1_rrc05.csv,0.9325,51.0,20.0,0.13595706618962433,0.9620253164556962,0.23824451410658307
dataset_as9121_13237_5_rrc05.csv,0.8944444444444445,51.0,20.0,0.08024691358024691,0.8125,0.14606741573033707
