,accuracy,epoch,lag,precision_0,recall_0,f1_0
dataset_moscow_blackout_1853_1_rrc05.csv,0.7198611111111111,66.0,20.0,0.07621671258034894,0.9707602339181286,0.14133673903788846
dataset_moscow_blackout_1853_5_rrc05.csv,0.8243055555555555,66.0,20.0,0.09926470588235294,0.7714285714285715,0.17589576547231273
dataset_moscow_blackout_12793_1_rrc05.csv,0.9918055555555556,66.0,20.0,0.7947368421052632,0.8830409356725146,0.8365650969529086
dataset_moscow_blackout_12793_5_rrc05.csv,0.9597222222222223,66.0,20.0,0.35064935064935066,0.7714285714285715,0.4821428571428572
