,accuracy,epoch,lag,precision_0,recall_0,f1_0
dataset_nimda_513_1_rrc04.csv,0.6584752321981424,12.0,20.0,0.5757575757575758,0.005374823196605375,0.010650224215246636
dataset_nimda_513_5_rrc04.csv,0.6552734375,12.0,20.0,0.5294117647058824,0.01272984441301273,0.024861878453038676
dataset_nimda_559_1_rrc04.csv,0.6502515479876161,12.0,20.0,0.3165137614678899,0.01951909476661952,0.03677058353317346
dataset_nimda_559_5_rrc04.csv,0.654296875,12.0,20.0,0.4827586206896552,0.019801980198019802,0.03804347826086957
dataset_nimda_6893_1_rrc04.csv,0.6575077399380805,12.0,20.0,0.3333333333333333,0.0014144271570014145,0.0028169014084507044
dataset_nimda_6893_5_rrc04.csv,0.65234375,12.0,20.0,0.2222222222222222,0.002828854314002829,0.005586592178770951
