,accuracy,epoch,lag,precision_0,recall_0,f1_0
dataset_as9121_13237_1_rrc05.csv,0.955,27.0,20.0,0.1867007672634271,0.9240506329113924,0.31063829787234043
dataset_as9121_13237_5_rrc05.csv,0.9375,27.0,20.0,0.11458333333333333,0.6875,0.1964285714285714
