,accuracy,epoch,lag,precision_0,recall_0,f1_0
dataset_as9121_13237_1_rrc05.csv,0.90875,2.0,20.0,0.08948863636363637,0.7974683544303798,0.16091954022988506
dataset_as9121_13237_5_rrc05.csv,0.9215277777777777,2.0,20.0,0.010101010101010102,0.0625,0.01739130434782609
