,accuracy,epoch,lag,precision_0,recall_0,f1_0
dataset_japan-earthquake_2497_1_rrc06.csv,0.9422222222222222,66.0,20.0,0.4818976279650437,0.9974160206718347,0.6498316498316499
dataset_japan-earthquake_2497_5_rrc06.csv,0.7902777777777777,66.0,20.0,0.20316622691292877,1.0,0.33771929824561403
dataset_japan-earthquake_10026_1_rv-sydney.csv,0.9801388888888889,66.0,20.0,0.732421875,0.984251968503937,0.83986562150056
