,accuracy,epoch,lag,precision_0,recall_0,f1_0
dataset_as9121_13237_1_rrc05.csv,0.9498611111111112,84.0,20.0,0.17660550458715596,0.9746835443037974,0.29902912621359223
dataset_as9121_13237_5_rrc05.csv,0.9048611111111111,84.0,20.0,0.08843537414965986,0.8125,0.15950920245398773
