,accuracy,epoch,lag,precision_0,recall_0,f1_0
dataset_japan-earthquake_2497_1_rrc06.csv,0.9326388888888889,34.0,20.0,0.4435483870967742,0.9948320413436692,0.6135458167330677
dataset_japan-earthquake_2497_5_rrc06.csv,0.8055555555555556,34.0,20.0,0.21568627450980393,1.0,0.3548387096774193
dataset_japan-earthquake_10026_1_rv-sydney.csv,0.97875,34.0,20.0,0.7209302325581395,0.9763779527559056,0.8294314381270902
