,accuracy,epoch,lag,precision_0,recall_0,f1_0
dataset_aws-leak_15547_1_rrc04.csv,0.5754166666666667,76.0,20.0,0.022698209718670075,1.0,0.04438887152235073
dataset_aws-leak_15547_5_rrc04.csv,0.02847222222222222,76.0,20.0,0.010608203677510608,1.0,0.02099370188943317
dataset_aws-leak_34781_1_rrc04.csv,0.9873611111111111,76.0,20.0,0.4358974358974359,0.9577464788732394,0.5991189427312776
dataset_aws-leak_34781_5_rrc04.csv,0.96875,76.0,20.0,0.2413793103448276,0.9333333333333333,0.3835616438356165
