,accuracy,epoch,lag,precision_0,recall_0,f1_0
dataset_code-red_513_1_rrc04.csv,0.6769899103139013,56.0,20.0,0.18580007064641468,1.0,0.31337503723562704
dataset_code-red_513_5_rrc04.csv,0.6513888888888889,56.0,20.0,0.17434210526315788,1.0,0.29691876750700275
dataset_code-red_6893_1_rrc04.csv,0.9524943946188341,56.0,20.0,0.6133333333333333,0.9619771863117871,0.7490747594374538
dataset_code-red_6893_5_rrc04.csv,0.8868055555555555,56.0,20.0,0.38910505836575876,0.9433962264150944,0.5509641873278237
