,accuracy,epoch,lag,precision_0,recall_0,f1_0
dataset_japan-earthquake_2497_1_rrc06.csv,0.9763888888888889,68.0,20.0,0.6969147005444646,0.9922480620155039,0.8187633262260128
dataset_japan-earthquake_2497_5_rrc06.csv,0.8527777777777777,68.0,20.0,0.2664359861591695,1.0,0.4207650273224044
dataset_japan-earthquake_10026_1_rv-sydney.csv,0.9822222222222222,68.0,20.0,0.7576374745417516,0.9763779527559056,0.853211009174312
