,accuracy,epoch,lag,precision_0,recall_0,f1_0
dataset_japan-earthquake_2497_1_rrc06.csv,0.8830555555555556,61.0,20.0,0.3148901545972335,1.0,0.47896039603960394
dataset_japan-earthquake_2497_5_rrc06.csv,0.7138888888888889,61.0,20.0,0.1574642126789366,1.0,0.27208480565371024
dataset_japan-earthquake_10026_1_rv-sydney.csv,0.9730555555555556,61.0,20.0,0.6660746003552398,0.984251968503937,0.7944915254237288
