,accuracy,epoch,lag,precision_0,recall_0,f1_0
dataset_slammer_513_1_rrc04.csv,0.9436111111111111,90.0,20.0,0.9189814814814815,0.7026548672566372,0.7963891675025075
dataset_slammer_513_5_rrc04.csv,0.9618055555555556,90.0,20.0,0.8834080717488789,0.8716814159292036,0.8775055679287305
dataset_slammer_559_1_rrc04.csv,0.45180555555555557,90.0,20.0,0.22224413330704004,0.9973451327433628,0.3634897597161748
dataset_slammer_559_5_rrc04.csv,0.5458333333333333,90.0,20.0,0.25626423690205014,0.995575221238938,0.40760869565217395
dataset_slammer_6893_1_rrc04.csv,0.9440277777777778,90.0,20.0,0.8067510548523207,0.8460176991150442,0.8259179265658746
dataset_slammer_6893_5_rrc04.csv,0.9506944444444444,90.0,20.0,0.8708133971291866,0.8053097345132744,0.8367816091954022
