,accuracy,epoch,lag,precision_0,recall_0,f1_0
dataset_moscow_blackout_1853_1_rrc05.csv,0.465,30.0,20.0,0.042505592841163314,1.0,0.08154506437768241
dataset_moscow_blackout_1853_5_rrc05.csv,0.8041666666666667,30.0,20.0,0.08695652173913043,0.7428571428571429,0.15568862275449102
dataset_moscow_blackout_12793_1_rrc05.csv,0.9680555555555556,30.0,20.0,0.4178272980501393,0.8771929824561403,0.5660377358490567
dataset_moscow_blackout_12793_5_rrc05.csv,0.4576388888888889,30.0,20.0,0.03375,0.7714285714285715,0.06467065868263473
