,accuracy,epoch,lag,precision_0,recall_0,f1_0
dataset_as9121_13237_1_rrc05.csv,0.9597222222222223,22.0,20.0,0.19943019943019943,0.8860759493670886,0.32558139534883723
dataset_as9121_13237_5_rrc05.csv,0.9597222222222223,22.0,20.0,0.15,0.5625,0.23684210526315785
