,accuracy,epoch,lag,precision_0,recall_0,f1_0
dataset_aws-leak_15547_1_rrc04.csv,0.8022222222222222,37.0,20.0,0.04566823371390195,0.9577464788732394,0.08717948717948718
dataset_aws-leak_15547_5_rrc04.csv,0.25625,37.0,20.0,0.013812154696132596,1.0,0.027247956403269755
dataset_aws-leak_34781_1_rrc04.csv,0.98875,37.0,20.0,0.4652777777777778,0.9436619718309859,0.6232558139534884
dataset_aws-leak_34781_5_rrc04.csv,0.9701388888888889,37.0,20.0,0.22,0.7333333333333333,0.3384615384615385
