,accuracy,epoch,lag,precision_0,recall_0,f1_0
dataset_as9121_13237_1_rrc05.csv,0.7565277777777778,31.0,20.0,0.04212253829321663,0.9746835443037974,0.08075511274252754
dataset_as9121_13237_5_rrc05.csv,0.8895833333333333,31.0,20.0,0.07692307692307693,0.8125,0.14054054054054055
