,accuracy,epoch,lag,precision_0,recall_0,f1_0
dataset_moscow_blackout_1853_1_rrc05.csv,0.9711111111111111,69.0,20.0,0.43853820598006643,0.7719298245614035,0.559322033898305
dataset_moscow_blackout_1853_5_rrc05.csv,0.9347222222222222,69.0,20.0,0.23423423423423423,0.7428571428571429,0.3561643835616438
dataset_moscow_blackout_12793_1_rrc05.csv,0.9934722222222222,69.0,20.0,0.8522727272727273,0.8771929824561403,0.8645533141210374
dataset_moscow_blackout_12793_5_rrc05.csv,0.9673611111111111,69.0,20.0,0.4,0.6857142857142857,0.5052631578947367
