,accuracy,epoch,lag,precision_0,recall_0,f1_0
dataset_japan-earthquake_2497_1_rrc06.csv,0.9620833333333333,77.0,20.0,0.5874233128834356,0.9896640826873385,0.7372473532242543
dataset_japan-earthquake_2497_5_rrc06.csv,0.8215277777777777,77.0,20.0,0.23053892215568864,1.0,0.3746958637469587
dataset_japan-earthquake_10026_1_rv-sydney.csv,0.9826388888888888,77.0,20.0,0.7601626016260162,0.9816272965879265,0.856815578465063
