,accuracy,epoch,lag,precision_0,recall_0,f1_0
dataset_as9121_13237_1_rrc05.csv,0.9423611111111111,85.0,20.0,0.15714285714285714,0.9746835443037974,0.27065026362038663
dataset_as9121_13237_5_rrc05.csv,0.9,85.0,20.0,0.08974358974358974,0.875,0.1627906976744186
