,accuracy,epoch,lag,precision_0,recall_0,f1_0
dataset_moscow_blackout_1853_1_rrc05.csv,0.9759722222222222,74.0,20.0,0.49606299212598426,0.7368421052631579,0.5929411764705882
dataset_moscow_blackout_1853_5_rrc05.csv,0.9381944444444444,74.0,20.0,0.2403846153846154,0.7142857142857143,0.3597122302158273
dataset_moscow_blackout_12793_1_rrc05.csv,0.9934722222222222,74.0,20.0,0.8563218390804598,0.8713450292397661,0.8637681159420291
dataset_moscow_blackout_12793_5_rrc05.csv,0.9680555555555556,74.0,20.0,0.40350877192982454,0.6571428571428571,0.5
