,accuracy,epoch,lag,precision_0,recall_0,f1_0
dataset_japan-earthquake_2497_1_rrc06.csv,0.9818055555555556,25.0,20.0,0.8422459893048129,0.813953488372093,0.8278580814717478
dataset_japan-earthquake_2497_5_rrc06.csv,0.9479166666666666,25.0,20.0,0.5072463768115942,0.9090909090909091,0.6511627906976745
dataset_japan-earthquake_10026_1_rv-sydney.csv,0.9827777777777778,25.0,20.0,0.7927107061503417,0.9133858267716536,0.848780487804878
