,accuracy,epoch,lag,precision_0,recall_0,f1_0
dataset_moscow_blackout_1853_1_rrc05.csv,0.9563888888888888,55.0,20.0,0.32432432432432434,0.7719298245614035,0.45674740484429066
dataset_moscow_blackout_1853_5_rrc05.csv,0.9083333333333333,55.0,20.0,0.174496644295302,0.7428571428571429,0.2826086956521739
dataset_moscow_blackout_12793_1_rrc05.csv,0.9911111111111112,55.0,20.0,0.7801047120418848,0.8713450292397661,0.8232044198895027
dataset_moscow_blackout_12793_5_rrc05.csv,0.9569444444444445,55.0,20.0,0.3333333333333333,0.7714285714285715,0.4655172413793103
