,accuracy,epoch,lag,precision_0,recall_0,f1_0
dataset_malaysian-telecom_25091_1_rrc04.csv,0.5022222222222222,1.0,20.0,0.04326793872614888,0.8702702702702703,0.08243727598566308
dataset_malaysian-telecom_25091_5_rrc04.csv,0.7486111111111111,1.0,20.0,0.05722070844686648,0.5675675675675675,0.10396039603960397
