,accuracy,epoch,lag,precision_0,recall_0,f1_0
dataset_code-red_513_1_rrc04.csv,0.9638452914798207,86.0,20.0,0.7087227414330218,0.8650190114068441,0.779109589041096
dataset_code-red_513_5_rrc04.csv,0.86875,86.0,20.0,0.3593220338983051,1.0,0.5286783042394014
dataset_code-red_6893_1_rrc04.csv,0.9485706278026906,86.0,20.0,0.8994974874371859,0.3403041825095057,0.4937931034482759
dataset_code-red_6893_5_rrc04.csv,0.9743055555555555,86.0,20.0,0.8,0.8679245283018868,0.832579185520362
