,accuracy,epoch,lag,precision_0,recall_0,f1_0
dataset_japan-earthquake_2497_1_rrc06.csv,0.9865277777777778,24.0,20.0,0.8403755868544601,0.9250645994832042,0.8806888068880689
dataset_japan-earthquake_2497_5_rrc06.csv,0.94375,24.0,20.0,0.4864864864864865,0.935064935064935,0.64
dataset_japan-earthquake_10026_1_rv-sydney.csv,0.9823611111111111,24.0,20.0,0.786036036036036,0.916010498687664,0.846060606060606
