,accuracy,epoch,lag,precision_0,recall_0,f1_0
dataset_japan-earthquake_2497_1_rrc06.csv,0.9277777777777778,16.0,20.0,0.4220398593200469,0.9302325581395349,0.5806451612903226
dataset_japan-earthquake_2497_5_rrc06.csv,0.9486111111111111,16.0,20.0,0.5107913669064749,0.922077922077922,0.6574074074074073
dataset_japan-earthquake_10026_1_rv-sydney.csv,0.8409722222222222,16.0,20.0,0.23435326842837273,0.884514435695538,0.37053326003298515
