,accuracy,epoch,lag,precision_0,recall_0,f1_0
dataset_aws-leak_15547_1_rrc04.csv,0.6843055555555555,29.0,20.0,0.030290102389078498,1.0,0.05879917184265011
dataset_aws-leak_15547_5_rrc04.csv,0.15763888888888888,29.0,20.0,0.012214983713355049,1.0,0.024135156878519713
dataset_aws-leak_34781_1_rrc04.csv,0.9861111111111112,29.0,20.0,0.4110429447852761,0.9436619718309859,0.5726495726495727
dataset_aws-leak_34781_5_rrc04.csv,0.9694444444444444,29.0,20.0,0.20408163265306123,0.6666666666666666,0.3125
