,accuracy,epoch,lag,precision_0,recall_0,f1_0
dataset_nimda_513_1_rrc04.csv,0.6579914860681114,79.0,20.0,0.5,0.0002828854314002829,0.0005654509471303364
dataset_nimda_513_5_rrc04.csv,0.66015625,79.0,20.0,0.9230769230769231,0.016973125884016973,0.03333333333333333
dataset_nimda_559_1_rrc04.csv,0.6756965944272446,79.0,20.0,0.9740932642487047,0.053182461103253184,0.10085836909871247
dataset_nimda_559_5_rrc04.csv,0.82373046875,79.0,20.0,0.9158653846153846,0.5388967468175389,0.678539626001781
dataset_nimda_6893_1_rrc04.csv,0.659249226006192,79.0,20.0,0.76,0.005374823196605375,0.010674157303370787
dataset_nimda_6893_5_rrc04.csv,0.66064453125,79.0,20.0,0.9285714285714286,0.018387553041018388,0.03606102635228849
