,accuracy,epoch,lag,precision_0,recall_0,f1_0
dataset_malaysian-telecom_25091_1_rrc04.csv,0.02652777777777778,80.0,20.0,0.02571587433972755,1.0,0.05014229570402493
dataset_malaysian-telecom_25091_5_rrc04.csv,0.12361111111111112,80.0,20.0,0.02848344880677444,1.0,0.05538922155688623
