,accuracy,epoch,lag,precision_0,recall_0,f1_0
dataset_nimda_513_1_rrc04.csv,0.6582817337461301,64.0,20.0,0.8,0.0011315417256011315,0.002259887005649717
dataset_nimda_513_5_rrc04.csv,0.66015625,64.0,20.0,0.9230769230769231,0.016973125884016973,0.03333333333333333
dataset_nimda_559_1_rrc04.csv,0.7018188854489165,64.0,20.0,0.9913232104121475,0.1292786421499293,0.22872872872872874
dataset_nimda_559_5_rrc04.csv,0.83544921875,64.0,20.0,0.8234265734265734,0.6661951909476662,0.7365129007036748
dataset_nimda_6893_1_rrc04.csv,0.6594427244582043,64.0,20.0,0.8,0.005657708628005658,0.011235955056179777
dataset_nimda_6893_5_rrc04.csv,0.6611328125,64.0,20.0,0.9333333333333333,0.019801980198019802,0.038781163434903045
