,accuracy,epoch,lag,precision_0,recall_0,f1_0
dataset_as9121_13237_1_rrc05.csv,0.9565277777777778,23.0,20.0,0.18716577540106952,0.8860759493670886,0.30905077262693154
dataset_as9121_13237_5_rrc05.csv,0.9527777777777777,23.0,20.0,0.1388888888888889,0.625,0.2272727272727273
