,accuracy,epoch,lag,precision_0,recall_0,f1_0
dataset_japan-earthquake_2497_1_rrc06.csv,0.9815277777777778,76.0,20.0,0.75,0.9844961240310077,0.8513966480446927
dataset_japan-earthquake_2497_5_rrc06.csv,0.8631944444444445,76.0,20.0,0.28102189781021897,1.0,0.4387464387464387
dataset_japan-earthquake_10026_1_rv-sydney.csv,0.9823611111111111,76.0,20.0,0.758130081300813,0.979002624671916,0.8545246277205041
