,accuracy,epoch,lag,precision_0,recall_0,f1_0
dataset_as9121_13237_1_rrc05.csv,0.705,66.0,20.0,0.035860190649114845,1.0,0.06923751095530237
dataset_as9121_13237_5_rrc05.csv,0.8819444444444444,66.0,20.0,0.07692307692307693,0.875,0.14141414141414144
