,accuracy,epoch,lag,precision_0,recall_0,f1_0
dataset_japan-earthquake_2497_1_rrc06.csv,0.99,58.0,20.0,0.8571428571428571,0.9767441860465116,0.9130434782608695
dataset_japan-earthquake_2497_5_rrc06.csv,0.9381944444444444,58.0,20.0,0.463855421686747,1.0,0.6337448559670782
dataset_japan-earthquake_10026_1_rv-sydney.csv,0.9863888888888889,58.0,20.0,0.8223234624145785,0.94750656167979,0.8804878048780488
