,accuracy,epoch,lag,precision_0,recall_0,f1_0
dataset_japan-earthquake_2497_1_rrc06.csv,0.9641666666666666,37.0,20.0,0.6006240249609984,0.9948320413436692,0.7490272373540856
dataset_japan-earthquake_2497_5_rrc06.csv,0.8284722222222223,37.0,20.0,0.23765432098765432,1.0,0.38403990024937656
dataset_japan-earthquake_10026_1_rv-sydney.csv,0.9826388888888888,37.0,20.0,0.7711864406779662,0.9553805774278216,0.8534583821805393
