,accuracy,epoch,lag,precision_0,recall_0,f1_0
dataset_as9121_13237_1_rrc05.csv,0.9909722222222223,15.0,20.0,0.559322033898305,0.8354430379746836,0.6700507614213198
dataset_as9121_13237_5_rrc05.csv,0.9798611111111111,15.0,20.0,0.19047619047619047,0.25,0.2162162162162162
