,accuracy,epoch,lag,precision_0,recall_0,f1_0
dataset_malaysian-telecom_25091_1_rrc04.csv,0.5915277777777778,7.0,20.0,0.05605670103092784,0.9405405405405406,0.10580723624201886
dataset_malaysian-telecom_25091_5_rrc04.csv,0.8361111111111111,7.0,20.0,0.11877394636015326,0.8378378378378378,0.2080536912751678
