,accuracy,epoch,lag,precision_0,recall_0,f1_0
dataset_malaysian-telecom_25091_1_rrc04.csv,0.8476388888888889,10.0,20.0,0.13344051446945338,0.8972972972972973,0.2323303009097271
dataset_malaysian-telecom_25091_5_rrc04.csv,0.9340277777777778,10.0,20.0,0.2542372881355932,0.8108108108108109,0.3870967741935484
