,accuracy,epoch,lag,precision_0,recall_0,f1_0
dataset_code-red_513_1_rrc04.csv,0.9565582959641256,37.0,20.0,0.6788079470198676,0.779467680608365,0.7256637168141594
dataset_code-red_513_5_rrc04.csv,0.8951388888888889,37.0,20.0,0.39631336405529954,0.8113207547169812,0.5325077399380805
dataset_code-red_6893_1_rrc04.csv,0.938060538116592,37.0,20.0,0.92,0.17490494296577946,0.2939297124600639
dataset_code-red_6893_5_rrc04.csv,0.9388888888888889,37.0,20.0,0.6285714285714286,0.41509433962264153,0.5000000000000001
