,accuracy,epoch,lag,precision_0,recall_0,f1_0
dataset_japan-earthquake_2497_1_rrc06.csv,0.36541666666666667,62.0,20.0,0.07808716707021791,1.0,0.14486243683323974
dataset_japan-earthquake_2497_5_rrc06.csv,0.3541666666666667,62.0,20.0,0.07646474677259185,1.0,0.14206642066420663
dataset_japan-earthquake_10026_1_rv-sydney.csv,0.6609722222222222,62.0,20.0,0.13501063075832742,1.0,0.23790196690602558
