,accuracy,epoch,lag,precision_0,recall_0,f1_0
dataset_moscow_blackout_1853_1_rrc05.csv,0.9244444444444444,73.0,20.0,0.22852983988355166,0.9181286549707602,0.36596736596736595
dataset_moscow_blackout_1853_5_rrc05.csv,0.8736111111111111,73.0,20.0,0.1306532663316583,0.7428571428571429,0.22222222222222224
dataset_moscow_blackout_12793_1_rrc05.csv,0.9933333333333333,73.0,20.0,0.8435754189944135,0.8830409356725146,0.8628571428571428
dataset_moscow_blackout_12793_5_rrc05.csv,0.9659722222222222,73.0,20.0,0.390625,0.7142857142857143,0.505050505050505
