,accuracy,epoch,lag,precision_0,recall_0,f1_0
dataset_japan-earthquake_2497_1_rrc06.csv,0.4165277777777778,26.0,20.0,0.08435047951176984,1.0,0.1555778894472362
dataset_japan-earthquake_2497_5_rrc06.csv,0.4638888888888889,26.0,20.0,0.09069493521790342,1.0,0.16630669546436286
dataset_japan-earthquake_10026_1_rv-sydney.csv,0.6266666666666667,26.0,20.0,0.12389957613302902,0.9973753280839895,0.22041763341067286
