,accuracy,epoch,lag,precision_0,recall_0,f1_0
dataset_code-red_513_1_rrc04.csv,0.9562780269058296,55.0,20.0,0.7041984732824428,0.7015209125475285,0.7028571428571428
dataset_code-red_513_5_rrc04.csv,0.8972222222222223,55.0,20.0,0.4027777777777778,0.8207547169811321,0.5403726708074534
dataset_code-red_6893_1_rrc04.csv,0.9271300448430493,55.0,20.0,0.8,0.015209125475285171,0.029850746268656716
dataset_code-red_6893_5_rrc04.csv,0.9513888888888888,55.0,20.0,0.7571428571428571,0.5,0.6022727272727273
