,accuracy,epoch,lag,precision_0,recall_0,f1_0
dataset_nimda_513_1_rrc04.csv,0.6581849845201239,94.0,20.0,0.75,0.0008486562942008486,0.0016953941791466515
dataset_nimda_513_5_rrc04.csv,0.66357421875,94.0,20.0,0.95,0.026874115983026876,0.05226960110041265
dataset_nimda_559_1_rrc04.csv,0.7075270897832817,94.0,20.0,0.9637681159420289,0.1504950495049505,0.2603376559823831
dataset_nimda_559_5_rrc04.csv,0.81201171875,94.0,20.0,0.7656765676567657,0.6562942008486563,0.7067783701447069
dataset_nimda_6893_1_rrc04.csv,0.6599264705882353,94.0,20.0,0.7777777777777778,0.007920792079207921,0.0156818818258191
dataset_nimda_6893_5_rrc04.csv,0.662109375,94.0,20.0,0.9411764705882353,0.02263083451202263,0.044198895027624314
