,accuracy,epoch,lag,precision_0,recall_0,f1_0
dataset_slammer_513_1_rrc04.csv,0.9354166666666667,65.0,20.0,0.9392338177014531,0.6292035398230088,0.7535771065182829
dataset_slammer_513_5_rrc04.csv,0.9555555555555556,65.0,20.0,0.905,0.8008849557522124,0.8497652582159625
dataset_slammer_559_1_rrc04.csv,0.56375,65.0,20.0,0.2642438452520516,0.9973451327433628,0.4177942539388323
dataset_slammer_559_5_rrc04.csv,0.5861111111111111,65.0,20.0,0.27383863080684595,0.9911504424778761,0.4291187739463601
dataset_slammer_6893_1_rrc04.csv,0.94625,65.0,20.0,0.9470517448856799,0.6964601769911505,0.8026517083120857
dataset_slammer_6893_5_rrc04.csv,0.95625,65.0,20.0,0.9179487179487179,0.7920353982300885,0.8503562945368169
