,accuracy,epoch,lag,precision_0,recall_0,f1_0
dataset_aws-leak_15547_1_rrc04.csv,0.8040277777777778,2.0,20.0,0.002228826151560178,0.04225352112676056,0.004234297812279464
dataset_aws-leak_15547_5_rrc04.csv,0.9326388888888889,2.0,20.0,0.0,0.0,0.0
dataset_aws-leak_34781_1_rrc04.csv,0.9005555555555556,2.0,20.0,0.06942590120160214,0.7323943661971831,0.1268292682926829
dataset_aws-leak_34781_5_rrc04.csv,0.9604166666666667,2.0,20.0,0.0,0.0,0.0
