,accuracy,epoch,lag,precision_0,recall_0,f1_0
dataset_code-red_513_1_rrc04.csv,0.6234585201793722,88.0,20.0,0.16370992841581078,1.0,0.28135865204600163
dataset_code-red_513_5_rrc04.csv,0.5486111111111112,88.0,20.0,0.1402116402116402,1.0,0.2459396751740139
dataset_code-red_6893_1_rrc04.csv,0.9547365470852018,88.0,20.0,0.6264009962640099,0.9562737642585551,0.7569601203912716
dataset_code-red_6893_5_rrc04.csv,0.9180555555555555,88.0,20.0,0.4732142857142857,1.0,0.6424242424242425
