,accuracy,epoch,lag,precision_0,recall_0,f1_0
dataset_malaysian-telecom_25091_1_rrc04.csv,0.07152777777777777,51.0,20.0,0.026928675400291122,1.0,0.052445074415308296
dataset_malaysian-telecom_25091_5_rrc04.csv,0.49375,51.0,20.0,0.048302872062663184,1.0,0.0921544209215442
