,accuracy,epoch,lag,precision_0,recall_0,f1_0
dataset_nimda_513_1_rrc04.csv,0.6579914860681114,91.0,20.0,0.5,0.0002828854314002829,0.0005654509471303364
dataset_nimda_513_5_rrc04.csv,0.6611328125,91.0,20.0,0.9333333333333333,0.019801980198019802,0.038781163434903045
dataset_nimda_559_1_rrc04.csv,0.6872097523219814,91.0,20.0,0.9603658536585366,0.0891089108910891,0.16308568470100956
dataset_nimda_559_5_rrc04.csv,0.82080078125,91.0,20.0,0.8003533568904594,0.6407355021216408,0.7117046347211312
dataset_nimda_6893_1_rrc04.csv,0.6598297213622291,91.0,20.0,0.7714285714285715,0.007637906647807638,0.015126050420168067
dataset_nimda_6893_5_rrc04.csv,0.662109375,91.0,20.0,0.9411764705882353,0.02263083451202263,0.044198895027624314
