,accuracy,epoch,lag,precision_0,recall_0,f1_0
dataset_aws-leak_15547_1_rrc04.csv,0.7786111111111111,3.0,20.0,0.0032615786040443573,0.07042253521126761,0.006234413965087282
dataset_aws-leak_15547_5_rrc04.csv,0.91875,3.0,20.0,0.0,0.0,0.0
dataset_aws-leak_34781_1_rrc04.csv,0.9019444444444444,3.0,20.0,0.07036535859269283,0.7323943661971831,0.12839506172839507
dataset_aws-leak_34781_5_rrc04.csv,0.9597222222222223,3.0,20.0,0.0,0.0,0.0
