,accuracy,epoch,lag,precision_0,recall_0,f1_0
dataset_malaysian-telecom_25091_1_rrc04.csv,0.02736111111111111,14.0,20.0,0.02573734001112966,1.0,0.05018310050183101
dataset_malaysian-telecom_25091_5_rrc04.csv,0.06388888888888888,14.0,20.0,0.026714801444043323,1.0,0.05203938115330521
