,accuracy,epoch,lag,precision_0,recall_0,f1_0
dataset_nimda_513_1_rrc04.csv,0.6579914860681114,96.0,20.0,0.5,0.0002828854314002829,0.0005654509471303364
dataset_nimda_513_5_rrc04.csv,0.66015625,96.0,20.0,0.9230769230769231,0.016973125884016973,0.03333333333333333
dataset_nimda_559_1_rrc04.csv,0.6629256965944272,96.0,20.0,0.9047619047619048,0.016124469589816125,0.03168426903835464
dataset_nimda_559_5_rrc04.csv,0.80712890625,96.0,20.0,0.9239130434782609,0.4809052333804809,0.6325581395348837
dataset_nimda_6893_1_rrc04.csv,0.6589589783281734,96.0,20.0,0.7083333333333334,0.004809052333804809,0.009553245293621802
dataset_nimda_6893_5_rrc04.csv,0.66064453125,96.0,20.0,0.9285714285714286,0.018387553041018388,0.03606102635228849
