,accuracy,epoch,lag,precision_0,recall_0,f1_0
dataset_japan-earthquake_2497_1_rrc06.csv,0.9838888888888889,44.0,20.0,0.7770961145194274,0.9819121447028424,0.8675799086757991
dataset_japan-earthquake_2497_5_rrc06.csv,0.8534722222222222,44.0,20.0,0.2673611111111111,1.0,0.42191780821917807
dataset_japan-earthquake_10026_1_rv-sydney.csv,0.9847222222222223,44.0,20.0,0.8031319910514542,0.9422572178477691,0.8671497584541064
