,accuracy,epoch,lag,precision_0,recall_0,f1_0
dataset_code-red_513_1_rrc04.csv,0.9037275784753364,99.0,20.0,0.432296047098402,0.9771863117870723,0.5994169096209913
dataset_code-red_513_5_rrc04.csv,0.6958333333333333,99.0,20.0,0.1948529411764706,1.0,0.3261538461538462
dataset_code-red_6893_1_rrc04.csv,0.9697309417040358,99.0,20.0,0.8708133971291866,0.6920152091254753,0.7711864406779662
dataset_code-red_6893_5_rrc04.csv,0.9652777777777778,99.0,20.0,0.7028985507246377,0.9150943396226415,0.7950819672131149
