,accuracy,epoch,lag,precision_0,recall_0,f1_0
dataset_code-red_513_1_rrc04.csv,0.9568385650224215,18.0,20.0,0.7242798353909465,0.6692015209125475,0.6956521739130435
dataset_code-red_513_5_rrc04.csv,0.9027777777777778,18.0,20.0,0.3712121212121212,0.46226415094339623,0.411764705882353
dataset_code-red_6893_1_rrc04.csv,0.9239069506726457,18.0,20.0,0.0,0.0,0.0
dataset_code-red_6893_5_rrc04.csv,0.9152777777777777,18.0,20.0,0.0,0.0,0.0
