,accuracy,epoch,lag,precision_0,recall_0,f1_0
dataset_nimda_513_1_rrc04.csv,0.6583784829721362,83.0,20.0,0.8333333333333334,0.0014144271570014145,0.0028240609997175936
dataset_nimda_513_5_rrc04.csv,0.6611328125,83.0,20.0,0.9333333333333333,0.019801980198019802,0.038781163434903045
dataset_nimda_559_1_rrc04.csv,0.6965944272445821,83.0,20.0,0.965034965034965,0.11711456859971711,0.20887991927346117
dataset_nimda_559_5_rrc04.csv,0.81396484375,83.0,20.0,0.8146718146718147,0.5968882602545968,0.6889795918367347
dataset_nimda_6893_1_rrc04.csv,0.6595394736842105,83.0,20.0,0.7666666666666667,0.006506364922206506,0.012903225806451615
dataset_nimda_6893_5_rrc04.csv,0.66162109375,83.0,20.0,0.9375,0.021216407355021217,0.04149377593360996
