,accuracy,epoch,lag,precision_0,recall_0,f1_0
dataset_slammer_513_1_rrc04.csv,0.9163888888888889,80.0,20.0,0.7003034901365706,0.8168141592920354,0.7540849673202615
dataset_slammer_513_5_rrc04.csv,0.9708333333333333,80.0,20.0,0.8833333333333333,0.9380530973451328,0.9098712446351931
dataset_slammer_559_1_rrc04.csv,0.25222222222222224,80.0,20.0,0.17347252072459318,1.0,0.2956567242281528
dataset_slammer_559_5_rrc04.csv,0.49444444444444446,80.0,20.0,0.23634453781512604,0.995575221238938,0.38200339558573854
dataset_slammer_6893_1_rrc04.csv,0.7186111111111111,80.0,20.0,0.34956346541302885,0.9212389380530973,0.5068159688412853
dataset_slammer_6893_5_rrc04.csv,0.9395833333333333,80.0,20.0,0.8008658008658008,0.8185840707964602,0.8096280087527352
