,accuracy,epoch,lag,precision_0,recall_0,f1_0
dataset_japan-earthquake_2497_1_rrc06.csv,0.9625,14.0,20.0,0.6519480519480519,0.648578811369509,0.6502590673575129
dataset_japan-earthquake_2497_5_rrc06.csv,0.9548611111111112,14.0,20.0,0.5476190476190477,0.8961038961038961,0.6798029556650246
dataset_japan-earthquake_10026_1_rv-sydney.csv,0.9516666666666667,14.0,20.0,0.5310734463276836,0.7401574803149606,0.618421052631579
