,accuracy,epoch,lag,precision_0,recall_0,f1_0
dataset_japan-earthquake_2497_1_rrc06.csv,0.9883333333333333,35.0,20.0,0.8894601542416453,0.8940568475452196,0.8917525773195877
dataset_japan-earthquake_2497_5_rrc06.csv,0.9548611111111112,35.0,20.0,0.5441176470588235,0.961038961038961,0.6948356807511736
dataset_japan-earthquake_10026_1_rv-sydney.csv,0.9856944444444444,35.0,20.0,0.8247663551401869,0.926509186351706,0.8726823238566132
