,accuracy,epoch,lag,precision_0,recall_0,f1_0
dataset_moscow_blackout_1853_1_rrc05.csv,0.9311111111111111,79.0,20.0,0.22780569514237856,0.7953216374269005,0.35416666666666663
dataset_moscow_blackout_1853_5_rrc05.csv,0.8826388888888889,79.0,20.0,0.13978494623655913,0.7428571428571429,0.23529411764705882
dataset_moscow_blackout_12793_1_rrc05.csv,0.9934722222222222,79.0,20.0,0.848314606741573,0.8830409356725146,0.8653295128939827
dataset_moscow_blackout_12793_5_rrc05.csv,0.9666666666666667,79.0,20.0,0.4,0.7428571428571429,0.52
