,accuracy,epoch,lag,precision_0,recall_0,f1_0
dataset_slammer_513_1_rrc04.csv,0.9381944444444444,62.0,20.0,0.9363057324840764,0.6504424778761062,0.7676240208877284
dataset_slammer_513_5_rrc04.csv,0.95625,62.0,20.0,0.8899521531100478,0.8230088495575221,0.8551724137931034
dataset_slammer_559_1_rrc04.csv,0.5679166666666666,62.0,20.0,0.26611570247933886,0.9973451327433628,0.4201304753028891
dataset_slammer_559_5_rrc04.csv,0.5847222222222223,62.0,20.0,0.2737226277372263,0.995575221238938,0.42938931297709926
dataset_slammer_6893_1_rrc04.csv,0.9475,62.0,20.0,0.9321839080459771,0.7176991150442478,0.811
dataset_slammer_6893_5_rrc04.csv,0.9576388888888889,62.0,20.0,0.9187817258883249,0.8008849557522124,0.8557919621749408
