,accuracy,epoch,lag,precision_0,recall_0,f1_0
dataset_nimda_513_1_rrc04.csv,0.6578947368421053,68.0,20.0,0.0,0.0,0.0
dataset_nimda_513_5_rrc04.csv,0.6572265625,68.0,20.0,0.8571428571428571,0.008486562942008486,0.01680672268907563
dataset_nimda_559_1_rrc04.csv,0.6577979876160991,68.0,20.0,0.0,0.0,0.0
dataset_nimda_559_5_rrc04.csv,0.7705078125,68.0,20.0,0.9575289575289575,0.3507779349363508,0.5134575569358178
dataset_nimda_6893_1_rrc04.csv,0.658765479876161,68.0,20.0,0.75,0.0033946251768033945,0.006758659532526048
dataset_nimda_6893_5_rrc04.csv,0.65771484375,68.0,20.0,0.875,0.009900990099009901,0.019580419580419582
