,accuracy,epoch,lag,precision_0,recall_0,f1_0
dataset_aws-leak_15547_1_rrc04.csv,0.2608333333333333,55.0,20.0,0.013165214166512146,1.0,0.025988286969253295
dataset_aws-leak_15547_5_rrc04.csv,0.021527777777777778,55.0,20.0,0.010533707865168539,1.0,0.020847810979847115
dataset_aws-leak_34781_1_rrc04.csv,0.9843055555555555,55.0,20.0,0.38333333333333336,0.971830985915493,0.5498007968127491
dataset_aws-leak_34781_5_rrc04.csv,0.9652777777777778,55.0,20.0,0.21311475409836064,0.8666666666666667,0.3421052631578947
