,accuracy,epoch,lag,precision_0,recall_0,f1_0
dataset_nimda_513_1_rrc04.csv,0.6578947368421053,48.0,20.0,0.0,0.0,0.0
dataset_nimda_513_5_rrc04.csv,0.65576171875,48.0,20.0,0.75,0.004243281471004243,0.008438818565400843
dataset_nimda_559_1_rrc04.csv,0.6578947368421053,48.0,20.0,0.0,0.0,0.0
dataset_nimda_559_5_rrc04.csv,0.734375,48.0,20.0,0.9939393939393939,0.23196605374823195,0.37614678899082565
dataset_nimda_6893_1_rrc04.csv,0.658765479876161,48.0,20.0,0.8333333333333334,0.002828854314002829,0.005638567803777841
dataset_nimda_6893_5_rrc04.csv,0.65576171875,48.0,20.0,1.0,0.002828854314002829,0.005641748942172073
