,accuracy,epoch,lag,precision_0,recall_0,f1_0
dataset_code-red_513_1_rrc04.csv,0.9302130044843049,11.0,20.0,0.548951048951049,0.2984790874524715,0.3866995073891626
dataset_code-red_513_5_rrc04.csv,0.9333333333333333,11.0,20.0,0.5568181818181818,0.46226415094339623,0.5051546391752577
dataset_code-red_6893_1_rrc04.csv,0.9232062780269058,11.0,20.0,0.328125,0.039923954372623575,0.0711864406779661
dataset_code-red_6893_5_rrc04.csv,0.9145833333333333,11.0,20.0,0.20689655172413793,0.05660377358490566,0.08888888888888888
