,accuracy,epoch,lag,precision_0,recall_0,f1_0
dataset_aws-leak_15547_1_rrc04.csv,0.18416666666666667,80.0,20.0,0.011942809083263246,1.0,0.02360372340425532
dataset_aws-leak_15547_5_rrc04.csv,0.017361111111111112,80.0,20.0,0.01048951048951049,1.0,0.020761245674740487
dataset_aws-leak_34781_1_rrc04.csv,0.9826388888888888,80.0,20.0,0.359375,0.971830985915493,0.5247148288973384
dataset_aws-leak_34781_5_rrc04.csv,0.9611111111111111,80.0,20.0,0.2028985507246377,0.9333333333333333,0.33333333333333337
