,accuracy,epoch,lag,precision_0,recall_0,f1_0
dataset_nimda_513_1_rrc04.csv,0.6579914860681114,41.0,20.0,0.5,0.0002828854314002829,0.0005654509471303364
dataset_nimda_513_5_rrc04.csv,0.65576171875,41.0,20.0,0.75,0.004243281471004243,0.008438818565400843
dataset_nimda_559_1_rrc04.csv,0.6761803405572755,41.0,20.0,0.9947368421052631,0.053465346534653464,0.10147651006711408
dataset_nimda_559_5_rrc04.csv,0.814453125,41.0,20.0,0.9794721407624634,0.4724186704384724,0.6374045801526718
dataset_nimda_6893_1_rrc04.csv,0.6588622291021672,41.0,20.0,0.8461538461538461,0.0031117397454031117,0.0062006764374295375
dataset_nimda_6893_5_rrc04.csv,0.65576171875,41.0,20.0,1.0,0.002828854314002829,0.005641748942172073
