,accuracy,epoch,lag,precision_0,recall_0,f1_0
dataset_japan-earthquake_2497_1_rrc06.csv,0.9880555555555556,29.0,20.0,0.8412698412698413,0.958656330749354,0.8961352657004831
dataset_japan-earthquake_2497_5_rrc06.csv,0.93125,29.0,20.0,0.43529411764705883,0.961038961038961,0.5991902834008097
dataset_japan-earthquake_10026_1_rv-sydney.csv,0.9827777777777778,29.0,20.0,0.7913832199546486,0.916010498687664,0.8491484184914844
