,accuracy,epoch,lag,precision_0,recall_0,f1_0
dataset_moscow_blackout_1853_1_rrc05.csv,0.9393055555555555,77.0,20.0,0.26501766784452296,0.8771929824561403,0.40705563093622793
dataset_moscow_blackout_1853_5_rrc05.csv,0.88125,77.0,20.0,0.13829787234042554,0.7428571428571429,0.23318385650224216
dataset_moscow_blackout_12793_1_rrc05.csv,0.9934722222222222,77.0,20.0,0.848314606741573,0.8830409356725146,0.8653295128939827
dataset_moscow_blackout_12793_5_rrc05.csv,0.9666666666666667,77.0,20.0,0.4,0.7428571428571429,0.52
