,accuracy,epoch,lag,precision_0,recall_0,f1_0
dataset_slammer_513_1_rrc04.csv,0.9368055555555556,99.0,20.0,0.8994082840236687,0.672566371681416,0.769620253164557
dataset_slammer_513_5_rrc04.csv,0.9569444444444445,99.0,20.0,0.8727272727272727,0.8495575221238938,0.8609865470852017
dataset_slammer_559_1_rrc04.csv,0.3898611111111111,99.0,20.0,0.20438485232832035,0.9982300884955753,0.3392991427282298
dataset_slammer_559_5_rrc04.csv,0.5173611111111112,99.0,20.0,0.24483133841131666,0.995575221238938,0.39301310043668125
dataset_slammer_6893_1_rrc04.csv,0.9070833333333334,99.0,20.0,0.6631280962491154,0.8292035398230089,0.7369248918600079
dataset_slammer_6893_5_rrc04.csv,0.9472222222222222,99.0,20.0,0.8504672897196262,0.8053097345132744,0.8272727272727272
