,accuracy,epoch,lag,precision_0,recall_0,f1_0
dataset_aws-leak_15547_1_rrc04.csv,0.9066666666666666,1.0,20.0,0.0,0.0,0.0
dataset_aws-leak_15547_5_rrc04.csv,0.95,1.0,20.0,0.0,0.0,0.0
dataset_aws-leak_34781_1_rrc04.csv,0.9344444444444444,1.0,20.0,0.10139165009940358,0.7183098591549296,0.17770034843205576
dataset_aws-leak_34781_5_rrc04.csv,0.9722222222222222,1.0,20.0,0.0,0.0,0.0
