,accuracy,epoch,lag,precision_0,recall_0,f1_0
dataset_japan-earthquake_2497_1_rrc06.csv,0.3447222222222222,28.0,20.0,0.07580803134182175,1.0,0.1409322651128915
dataset_japan-earthquake_2497_5_rrc06.csv,0.37083333333333335,28.0,20.0,0.07833163784333673,1.0,0.14528301886792452
dataset_japan-earthquake_10026_1_rv-sydney.csv,0.5593055555555555,28.0,20.0,0.1072031513787282,1.0,0.19364675984752225
