,accuracy,epoch,lag,precision_0,recall_0,f1_0
dataset_code-red_513_1_rrc04.csv,0.1890414798206278,85.0,20.0,0.08332013305876762,1.0,0.15382365842959497
dataset_code-red_513_5_rrc04.csv,0.2861111111111111,85.0,20.0,0.09347442680776014,1.0,0.17096774193548386
dataset_code-red_6893_1_rrc04.csv,0.6029988789237668,85.0,20.0,0.15638963360142985,0.9980988593155894,0.2704094772083441
dataset_code-red_6893_5_rrc04.csv,0.6923611111111111,85.0,20.0,0.1930783242258652,1.0,0.3236641221374046
