,accuracy,epoch,lag,precision_0,recall_0,f1_0
dataset_as9121_13237_1_rrc05.csv,0.8951388888888889,75.0,20.0,0.09375,0.9873417721518988,0.17124039517014272
dataset_as9121_13237_5_rrc05.csv,0.9027777777777778,75.0,20.0,0.09210526315789473,0.875,0.16666666666666669
