,accuracy,epoch,lag,precision_0,recall_0,f1_0
dataset_code-red_513_1_rrc04.csv,0.7054372197309418,83.0,20.0,0.20015220700152206,1.0,0.33354470513633483
dataset_code-red_513_5_rrc04.csv,0.5576388888888889,83.0,20.0,0.1426648721399731,1.0,0.24970553592461722
dataset_code-red_6893_1_rrc04.csv,0.9405829596412556,83.0,20.0,0.5560439560439561,0.9619771863117871,0.7047353760445683
dataset_code-red_6893_5_rrc04.csv,0.8854166666666666,83.0,20.0,0.39114391143911437,1.0,0.5623342175066313
