,accuracy,epoch,lag,precision_0,recall_0,f1_0
dataset_slammer_513_1_rrc04.csv,0.7433333333333333,84.0,20.0,0.3765474552957359,0.9690265486725663,0.5423476968796435
dataset_slammer_513_5_rrc04.csv,0.9625,84.0,20.0,0.8185185185185185,0.9778761061946902,0.8911290322580645
dataset_slammer_559_1_rrc04.csv,0.2086111111111111,84.0,20.0,0.16549502050380785,1.0,0.2839909525006283
dataset_slammer_559_5_rrc04.csv,0.47291666666666665,84.0,20.0,0.22944162436548224,1.0,0.37324525185796864
dataset_slammer_6893_1_rrc04.csv,0.46680555555555553,84.0,20.0,0.2267500504337301,0.9946902654867257,0.36931164777394443
dataset_slammer_6893_5_rrc04.csv,0.9263888888888889,84.0,20.0,0.7272727272727273,0.8495575221238938,0.7836734693877551
