,accuracy,epoch,lag,precision_0,recall_0,f1_0
dataset_moscow_blackout_1853_1_rrc05.csv,0.9593055555555555,17.0,20.0,0.33602150537634407,0.7309941520467836,0.4604051565377532
dataset_moscow_blackout_1853_5_rrc05.csv,0.9576388888888889,17.0,20.0,0.26785714285714285,0.42857142857142855,0.32967032967032966
dataset_moscow_blackout_12793_1_rrc05.csv,0.9790277777777778,17.0,20.0,0.5387596899224806,0.8128654970760234,0.648018648018648
dataset_moscow_blackout_12793_5_rrc05.csv,0.9444444444444444,17.0,20.0,0.24719101123595505,0.6285714285714286,0.3548387096774193
