,accuracy,epoch,lag,precision_0,recall_0,f1_0
dataset_japan-earthquake_2497_1_rrc06.csv,0.3536111111111111,4.0,20.0,0.06091788433834122,0.7648578811369509,0.11284788410217308
dataset_japan-earthquake_2497_5_rrc06.csv,0.41597222222222224,4.0,20.0,0.08021978021978023,0.948051948051948,0.1479229989868288
dataset_japan-earthquake_10026_1_rv-sydney.csv,0.75875,4.0,20.0,0.06649616368286446,0.27296587926509186,0.10694087403598972
