,accuracy,epoch,lag,precision_0,recall_0,f1_0
dataset_aws-leak_15547_1_rrc04.csv,0.09083333333333334,83.0,20.0,0.010729938038385976,1.0,0.021232057416267942
dataset_aws-leak_15547_5_rrc04.csv,0.016666666666666666,83.0,20.0,0.010482180293501049,1.0,0.02074688796680498
dataset_aws-leak_34781_1_rrc04.csv,0.9769444444444444,83.0,20.0,0.2978723404255319,0.9859154929577465,0.45751633986928103
dataset_aws-leak_34781_5_rrc04.csv,0.9576388888888889,83.0,20.0,0.19736842105263158,1.0,0.32967032967032966
