,accuracy,epoch,lag,precision_0,recall_0,f1_0
dataset_aws-leak_15547_1_rrc04.csv,0.04875,42.0,20.0,0.010260115606936416,1.0,0.020311829495065083
dataset_aws-leak_15547_5_rrc04.csv,0.016666666666666666,42.0,20.0,0.010482180293501049,1.0,0.02074688796680498
dataset_aws-leak_34781_1_rrc04.csv,0.9590277777777778,42.0,20.0,0.19230769230769232,0.9859154929577465,0.32183908045977017
dataset_aws-leak_34781_5_rrc04.csv,0.9583333333333334,42.0,20.0,0.1917808219178082,0.9333333333333333,0.3181818181818181
