,accuracy,epoch,lag,precision_0,recall_0,f1_0
dataset_moscow_blackout_1853_1_rrc05.csv,0.9601388888888889,32.0,20.0,0.34574468085106386,0.7602339181286549,0.4753199268738574
dataset_moscow_blackout_1853_5_rrc05.csv,0.9326388888888889,32.0,20.0,0.20754716981132076,0.6285714285714286,0.31205673758865254
dataset_moscow_blackout_12793_1_rrc05.csv,0.9866666666666667,32.0,20.0,0.6728110599078341,0.8538011695906432,0.752577319587629
dataset_moscow_blackout_12793_5_rrc05.csv,0.9375,32.0,20.0,0.23300970873786409,0.6857142857142857,0.34782608695652173
