,accuracy,epoch,lag,precision_0,recall_0,f1_0
dataset_as9121_13237_1_rrc05.csv,0.9683333333333334,19.0,20.0,0.24398625429553264,0.8987341772151899,0.3837837837837838
dataset_as9121_13237_5_rrc05.csv,0.9701388888888889,19.0,20.0,0.2,0.5625,0.2950819672131148
