,accuracy,epoch,lag,precision_0,recall_0,f1_0
dataset_moscow_blackout_1853_1_rrc05.csv,0.9718055555555556,53.0,20.0,0.4432624113475177,0.7309941520467836,0.5518763796909492
dataset_moscow_blackout_1853_5_rrc05.csv,0.9381944444444444,53.0,20.0,0.2403846153846154,0.7142857142857143,0.3597122302158273
dataset_moscow_blackout_12793_1_rrc05.csv,0.9927777777777778,53.0,20.0,0.8361581920903954,0.8654970760233918,0.8505747126436781
dataset_moscow_blackout_12793_5_rrc05.csv,0.9631944444444445,53.0,20.0,0.36764705882352944,0.7142857142857143,0.48543689320388345
