,accuracy,epoch,lag,precision_0,recall_0,f1_0
dataset_code-red_513_1_rrc04.csv,0.843890134529148,54.0,20.0,0.3196319018404908,0.9904942965779467,0.48330241187384043
dataset_code-red_513_5_rrc04.csv,0.7715277777777778,54.0,20.0,0.24367816091954023,1.0,0.39186691312384475
dataset_code-red_6893_1_rrc04.csv,0.9723934977578476,54.0,20.0,0.7737104825291181,0.8840304182509505,0.8251996450754214
dataset_code-red_6893_5_rrc04.csv,0.94375,54.0,20.0,0.577639751552795,0.8773584905660378,0.696629213483146
