,accuracy,epoch,lag,precision_0,recall_0,f1_0
dataset_aws-leak_15547_1_rrc04.csv,0.05541666666666667,46.0,20.0,0.010331781140861467,1.0,0.02045225406884632
dataset_aws-leak_15547_5_rrc04.csv,0.016666666666666666,46.0,20.0,0.010482180293501049,1.0,0.02074688796680498
dataset_aws-leak_34781_1_rrc04.csv,0.9725,46.0,20.0,0.26217228464419473,0.9859154929577465,0.4142011834319526
dataset_aws-leak_34781_5_rrc04.csv,0.9597222222222223,46.0,20.0,0.19718309859154928,0.9333333333333333,0.3255813953488372
