,accuracy,epoch,lag,precision_0,recall_0,f1_0
dataset_nimda_513_1_rrc04.csv,0.6578947368421053,52.0,20.0,0.0,0.0,0.0
dataset_nimda_513_5_rrc04.csv,0.65625,52.0,20.0,0.8,0.005657708628005658,0.011235955056179777
dataset_nimda_559_1_rrc04.csv,0.6578947368421053,52.0,20.0,0.0,0.0,0.0
dataset_nimda_559_5_rrc04.csv,0.73291015625,52.0,20.0,0.9878048780487805,0.22913719943422914,0.37198622273249143
dataset_nimda_6893_1_rrc04.csv,0.6588622291021672,52.0,20.0,0.8461538461538461,0.0031117397454031117,0.0062006764374295375
dataset_nimda_6893_5_rrc04.csv,0.65576171875,52.0,20.0,0.75,0.004243281471004243,0.008438818565400843
