,accuracy,epoch,lag,precision_0,recall_0,f1_0
dataset_aws-leak_15547_1_rrc04.csv,0.3169444444444444,56.0,20.0,0.014231308879534978,1.0,0.02806324110671937
dataset_aws-leak_15547_5_rrc04.csv,0.025694444444444443,56.0,20.0,0.010578279266572637,1.0,0.020935101186322396
dataset_aws-leak_34781_1_rrc04.csv,0.9858333333333333,56.0,20.0,0.40828402366863903,0.971830985915493,0.575
dataset_aws-leak_34781_5_rrc04.csv,0.9659722222222222,56.0,20.0,0.21666666666666667,0.8666666666666667,0.3466666666666666
