,accuracy,epoch,lag,precision_0,recall_0,f1_0
dataset_slammer_513_1_rrc04.csv,0.7681944444444444,14.0,20.0,0.35502958579881655,0.584070796460177,0.44161927065908324
dataset_slammer_513_5_rrc04.csv,0.8729166666666667,14.0,20.0,0.6869565217391305,0.3495575221238938,0.4633431085043988
dataset_slammer_559_1_rrc04.csv,0.8456944444444444,14.0,20.0,0.5168738898756661,0.2575221238938053,0.34376845835794445
dataset_slammer_559_5_rrc04.csv,0.8875,14.0,20.0,0.8018867924528302,0.37610619469026546,0.5120481927710844
dataset_slammer_6893_1_rrc04.csv,0.8451388888888889,14.0,20.0,0.5114854517611026,0.29557522123893804,0.3746494671901289
dataset_slammer_6893_5_rrc04.csv,0.8715277777777778,14.0,20.0,0.7070707070707071,0.30973451327433627,0.4307692307692308
