,accuracy,epoch,lag,precision_0,recall_0,f1_0
dataset_japan-earthquake_2497_1_rrc06.csv,0.9645833333333333,39.0,20.0,0.6041009463722398,0.9896640826873385,0.7502448579823703
dataset_japan-earthquake_2497_5_rrc06.csv,0.7527777777777778,39.0,20.0,0.17782909930715934,1.0,0.30196078431372547
dataset_japan-earthquake_10026_1_rv-sydney.csv,0.9818055555555556,39.0,20.0,0.7659574468085106,0.9448818897637795,0.8460634547591069
