,accuracy,epoch,lag,precision_0,recall_0,f1_0
dataset_code-red_513_1_rrc04.csv,0.9665078475336323,35.0,20.0,0.7682242990654206,0.7813688212927756,0.7747408105560792
dataset_code-red_513_5_rrc04.csv,0.8986111111111111,35.0,20.0,0.4056603773584906,0.8113207547169812,0.5408805031446542
dataset_code-red_6893_1_rrc04.csv,0.9271300448430493,35.0,20.0,0.625,0.028517110266159697,0.05454545454545455
dataset_code-red_6893_5_rrc04.csv,0.9465277777777777,35.0,20.0,0.7636363636363637,0.39622641509433965,0.5217391304347826
