,accuracy,epoch,lag,precision_0,recall_0,f1_0
dataset_nimda_513_1_rrc04.csv,0.6579914860681114,92.0,20.0,0.5,0.0002828854314002829,0.0005654509471303364
dataset_nimda_513_5_rrc04.csv,0.65869140625,92.0,20.0,0.9,0.01272984441301273,0.02510460251046025
dataset_nimda_559_1_rrc04.csv,0.6601199690402477,92.0,20.0,0.84375,0.007637906647807638,0.015138772077375946
dataset_nimda_559_5_rrc04.csv,0.80029296875,92.0,20.0,0.9434523809523809,0.44837340876944837,0.6078619367209971
dataset_nimda_6893_1_rrc04.csv,0.658765479876161,92.0,20.0,0.7,0.0039603960396039604,0.007876230661040788
dataset_nimda_6893_5_rrc04.csv,0.65966796875,92.0,20.0,0.9166666666666666,0.015558698727015558,0.030598052851182195
