,accuracy,epoch,lag,precision_0,recall_0,f1_0
dataset_japan-earthquake_2497_1_rrc06.csv,0.9890277777777777,64.0,20.0,0.8515981735159818,0.9638242894056848,0.9042424242424242
dataset_japan-earthquake_2497_5_rrc06.csv,0.9395833333333333,64.0,20.0,0.4695121951219512,1.0,0.6390041493775933
dataset_japan-earthquake_10026_1_rv-sydney.csv,0.9836111111111111,64.0,20.0,0.7791932059447984,0.963254593175853,0.8615023474178405
