,accuracy,epoch,lag,precision_0,recall_0,f1_0
dataset_moscow_blackout_1853_1_rrc05.csv,0.9709722222222222,3.0,20.0,0.0,0.0,0.0
dataset_moscow_blackout_1853_5_rrc05.csv,0.9618055555555556,3.0,20.0,0.045454545454545456,0.02857142857142857,0.03508771929824561
dataset_moscow_blackout_12793_1_rrc05.csv,0.9655555555555555,3.0,20.0,0.3157894736842105,0.38596491228070173,0.34736842105263155
dataset_moscow_blackout_12793_5_rrc05.csv,0.8833333333333333,3.0,20.0,0.047619047619047616,0.2,0.07692307692307693
