,accuracy,epoch,lag,precision_0,recall_0,f1_0
dataset_nimda_513_1_rrc04.csv,0.6578947368421053,32.0,20.0,0.0,0.0,0.0
dataset_nimda_513_5_rrc04.csv,0.654296875,32.0,20.0,0.0,0.0,0.0
dataset_nimda_559_1_rrc04.csv,0.6992066563467493,32.0,20.0,0.9885321100917431,0.12192362093352192,0.21707378494082097
dataset_nimda_559_5_rrc04.csv,0.87060546875,32.0,20.0,0.9077490774907749,0.695898161244696,0.787830264211369
dataset_nimda_6893_1_rrc04.csv,0.6583784829721362,32.0,20.0,0.8333333333333334,0.0014144271570014145,0.0028240609997175936
dataset_nimda_6893_5_rrc04.csv,0.6552734375,32.0,20.0,1.0,0.0014144271570014145,0.0028248587570621473
