,accuracy,epoch,lag,precision_0,recall_0,f1_0
dataset_aws-leak_15547_1_rrc04.csv,0.9591666666666666,22.0,20.0,0.18413597733711048,0.9154929577464789,0.30660377358490565
dataset_aws-leak_15547_5_rrc04.csv,0.8354166666666667,22.0,20.0,0.05241935483870968,0.8666666666666667,0.09885931558935362
dataset_aws-leak_34781_1_rrc04.csv,0.9852777777777778,22.0,20.0,0.3939393939393939,0.9154929577464789,0.5508474576271186
dataset_aws-leak_34781_5_rrc04.csv,0.9736111111111111,22.0,20.0,0.20512820512820512,0.5333333333333333,0.2962962962962963
