,accuracy,epoch,lag,precision_0,recall_0,f1_0
dataset_as9121_13237_1_rrc05.csv,0.9326388888888889,63.0,20.0,0.13620071684587814,0.9620253164556962,0.23861852433281008
dataset_as9121_13237_5_rrc05.csv,0.8861111111111111,63.0,20.0,0.07954545454545454,0.875,0.14583333333333331
