,accuracy,epoch,lag,precision_0,recall_0,f1_0
dataset_aws-leak_15547_1_rrc04.csv,0.4097222222222222,69.0,20.0,0.01643138162462393,1.0,0.03233151183970856
dataset_aws-leak_15547_5_rrc04.csv,0.02361111111111111,69.0,20.0,0.01055594651653765,1.0,0.020891364902506964
dataset_aws-leak_34781_1_rrc04.csv,0.9858333333333333,69.0,20.0,0.40828402366863903,0.971830985915493,0.575
dataset_aws-leak_34781_5_rrc04.csv,0.9652777777777778,69.0,20.0,0.2222222222222222,0.9333333333333333,0.358974358974359
