,accuracy,epoch,lag,precision_0,recall_0,f1_0
dataset_nimda_513_1_rrc04.csv,0.6578947368421053,70.0,20.0,0.0,0.0,0.0
dataset_nimda_513_5_rrc04.csv,0.658203125,70.0,20.0,0.8888888888888888,0.011315417256011316,0.022346368715083803
dataset_nimda_559_1_rrc04.csv,0.6593459752321982,70.0,20.0,0.8888888888888888,0.004526166902404526,0.009006473402758232
dataset_nimda_559_5_rrc04.csv,0.81103515625,70.0,20.0,0.9571428571428572,0.4738330975954738,0.6338694418164617
dataset_nimda_6893_1_rrc04.csv,0.6588622291021672,70.0,20.0,0.7368421052631579,0.0039603960396039604,0.007878446820483963
dataset_nimda_6893_5_rrc04.csv,0.6591796875,70.0,20.0,0.9090909090909091,0.014144271570014143,0.027855153203342614
