,accuracy,epoch,lag,precision_0,recall_0,f1_0
dataset_aws-leak_15547_1_rrc04.csv,0.08666666666666667,89.0,20.0,0.010681510455844742,1.0,0.02113724322715094
dataset_aws-leak_15547_5_rrc04.csv,0.016666666666666666,89.0,20.0,0.010482180293501049,1.0,0.02074688796680498
dataset_aws-leak_34781_1_rrc04.csv,0.9766666666666667,89.0,20.0,0.29535864978902954,0.9859154929577465,0.4545454545454546
dataset_aws-leak_34781_5_rrc04.csv,0.95625,89.0,20.0,0.19230769230769232,1.0,0.32258064516129037
