,accuracy,epoch,lag,precision_0,recall_0,f1_0
dataset_nimda_513_1_rrc04.csv,0.658765479876161,78.0,20.0,0.9,0.002545968882602546,0.005077574047954866
dataset_nimda_513_5_rrc04.csv,0.6689453125,78.0,20.0,0.967741935483871,0.042432814710042434,0.0813008130081301
dataset_nimda_559_1_rrc04.csv,0.7510642414860681,78.0,20.0,0.958969465648855,0.2842998585572843,0.43857735108007856
dataset_nimda_559_5_rrc04.csv,0.82373046875,78.0,20.0,0.7443502824858758,0.7454031117397454,0.7448763250883392
dataset_nimda_6893_1_rrc04.csv,0.6599264705882353,78.0,20.0,0.7941176470588235,0.007637906647807638,0.015130288596245448
dataset_nimda_6893_5_rrc04.csv,0.662109375,78.0,20.0,0.9411764705882353,0.02263083451202263,0.044198895027624314
