,accuracy,epoch,lag,precision_0,recall_0,f1_0
dataset_nimda_513_1_rrc04.csv,0.6582817337461301,62.0,20.0,0.8,0.0011315417256011315,0.002259887005649717
dataset_nimda_513_5_rrc04.csv,0.65966796875,62.0,20.0,0.9166666666666666,0.015558698727015558,0.030598052851182195
dataset_nimda_559_1_rrc04.csv,0.687016253869969,62.0,20.0,0.987012987012987,0.085997171145686,0.15820973198022378
dataset_nimda_559_5_rrc04.csv,0.83447265625,62.0,20.0,0.8739837398373984,0.6082036775106082,0.7172643869891577
dataset_nimda_6893_1_rrc04.csv,0.6591524767801857,62.0,20.0,0.7727272727272727,0.004809052333804809,0.009558616811920157
dataset_nimda_6893_5_rrc04.csv,0.65966796875,62.0,20.0,0.9166666666666666,0.015558698727015558,0.030598052851182195
