,accuracy,epoch,lag,precision_0,recall_0,f1_0
dataset_as9121_13237_1_rrc05.csv,0.9608333333333333,69.0,20.0,0.2140845070422535,0.9620253164556962,0.35023041474654376
dataset_as9121_13237_5_rrc05.csv,0.9291666666666667,69.0,20.0,0.11607142857142858,0.8125,0.203125
