,accuracy,epoch,lag,precision_0,recall_0,f1_0
dataset_as9121_13237_1_rrc05.csv,0.9545833333333333,74.0,20.0,0.19,0.9620253164556962,0.3173277661795407
dataset_as9121_13237_5_rrc05.csv,0.925,74.0,20.0,0.11016949152542373,0.8125,0.19402985074626863
