,accuracy,epoch,lag,precision_0,recall_0,f1_0
dataset_code-red_513_1_rrc04.csv,0.889854260089686,97.0,20.0,0.3998459167950693,0.9866920152091255,0.569078947368421
dataset_code-red_513_5_rrc04.csv,0.6868055555555556,97.0,20.0,0.19030520646319568,1.0,0.3197586726998492
dataset_code-red_6893_1_rrc04.csv,0.9690302690582959,97.0,20.0,0.8381374722838137,0.7186311787072244,0.7737973387922211
dataset_code-red_6893_5_rrc04.csv,0.9666666666666667,97.0,20.0,0.7071428571428572,0.9339622641509434,0.8048780487804879
