,accuracy,epoch,lag,precision_0,recall_0,f1_0
dataset_as9121_13237_1_rrc05.csv,0.9515277777777778,76.0,20.0,0.18160377358490565,0.9746835443037974,0.30616302186878724
dataset_as9121_13237_5_rrc05.csv,0.9097222222222222,76.0,20.0,0.09285714285714286,0.8125,0.16666666666666669
