,accuracy,epoch,lag,precision_0,recall_0,f1_0
dataset_code-red_513_1_rrc04.csv,0.8995235426008968,9.0,20.0,0.34913112164297,0.42015209125475284,0.3813632441760138
dataset_code-red_513_5_rrc04.csv,0.9291666666666667,9.0,20.0,0.52,0.49056603773584906,0.5048543689320388
dataset_code-red_6893_1_rrc04.csv,0.9159192825112108,9.0,20.0,0.362962962962963,0.18631178707224336,0.24623115577889448
dataset_code-red_6893_5_rrc04.csv,0.9222222222222223,9.0,20.0,0.44,0.20754716981132076,0.28205128205128205
