,accuracy,epoch,lag,precision_0,recall_0,f1_0
dataset_moscow_blackout_1853_1_rrc05.csv,0.9631944444444445,83.0,20.0,0.3687150837988827,0.7719298245614035,0.499054820415879
dataset_moscow_blackout_1853_5_rrc05.csv,0.9166666666666666,83.0,20.0,0.1897810218978102,0.7428571428571429,0.3023255813953488
dataset_moscow_blackout_12793_1_rrc05.csv,0.9934722222222222,83.0,20.0,0.8522727272727273,0.8771929824561403,0.8645533141210374
dataset_moscow_blackout_12793_5_rrc05.csv,0.9673611111111111,83.0,20.0,0.4,0.6857142857142857,0.5052631578947367
