,accuracy,epoch,lag,precision_0,recall_0,f1_0
dataset_code-red_513_1_rrc04.csv,0.7854540358744395,96.0,20.0,0.2549975621647977,0.9942965779467681,0.4058983313930927
dataset_code-red_513_5_rrc04.csv,0.6097222222222223,96.0,20.0,0.15868263473053892,1.0,0.2739018087855297
dataset_code-red_6893_1_rrc04.csv,0.9695908071748879,96.0,20.0,0.776386404293381,0.8250950570342205,0.7999999999999999
dataset_code-red_6893_5_rrc04.csv,0.9618055555555556,96.0,20.0,0.6583850931677019,1.0,0.7940074906367041
