,accuracy,epoch,lag,precision_0,recall_0,f1_0
dataset_as9121_13237_1_rrc05.csv,0.9580555555555555,55.0,20.0,0.20107238605898123,0.9493670886075949,0.33185840707964603
dataset_as9121_13237_5_rrc05.csv,0.9166666666666666,55.0,20.0,0.1,0.8125,0.17808219178082194
