,accuracy,epoch,lag,precision_0,recall_0,f1_0
dataset_japan-earthquake_2497_1_rrc06.csv,0.6004166666666667,94.0,20.0,0.11856617647058823,1.0,0.21199671322925223
dataset_japan-earthquake_2497_5_rrc06.csv,0.53125,94.0,20.0,0.1023936170212766,1.0,0.18576598311218334
dataset_japan-earthquake_10026_1_rv-sydney.csv,0.9040277777777778,94.0,20.0,0.3540489642184557,0.9868766404199475,0.5211365211365211
