,accuracy,epoch,lag,precision_0,recall_0,f1_0
dataset_slammer_513_1_rrc04.csv,0.9361111111111111,92.0,20.0,0.8832951945080092,0.6831858407079646,0.7704590818363275
dataset_slammer_513_5_rrc04.csv,0.9604166666666667,92.0,20.0,0.8789237668161435,0.8672566371681416,0.8730512249443207
dataset_slammer_559_1_rrc04.csv,0.41333333333333333,92.0,20.0,0.2108411214953271,0.9982300884955753,0.34814814814814815
dataset_slammer_559_5_rrc04.csv,0.5263888888888889,92.0,20.0,0.24834437086092714,0.995575221238938,0.39752650176678445
dataset_slammer_6893_1_rrc04.csv,0.9006944444444445,92.0,20.0,0.6408689748811949,0.8353982300884956,0.7253169419900115
dataset_slammer_6893_5_rrc04.csv,0.9479166666666666,92.0,20.0,0.8544600938967136,0.8053097345132744,0.8291571753986333
