,accuracy,epoch,lag,precision_0,recall_0,f1_0
dataset_moscow_blackout_1853_1_rrc05.csv,0.8511111111111112,27.0,20.0,0.1273779983457403,0.9005847953216374,0.22318840579710145
dataset_moscow_blackout_1853_5_rrc05.csv,0.9138888888888889,27.0,20.0,0.17037037037037037,0.6571428571428571,0.27058823529411763
dataset_moscow_blackout_12793_1_rrc05.csv,0.9698611111111111,27.0,20.0,0.4327485380116959,0.8654970760233918,0.5769980506822612
dataset_moscow_blackout_12793_5_rrc05.csv,0.5104166666666666,27.0,20.0,0.034722222222222224,0.7142857142857143,0.06622516556291391
