,accuracy,epoch,lag,precision_0,recall_0,f1_0
dataset_slammer_513_1_rrc04.csv,0.6206944444444444,69.0,20.0,0.2919157785287237,0.9938053097345133,0.451275868997388
dataset_slammer_513_5_rrc04.csv,0.94375,69.0,20.0,0.7441077441077442,0.9778761061946902,0.8451242829827915
dataset_slammer_559_1_rrc04.csv,0.18194444444444444,69.0,20.0,0.16096866096866097,1.0,0.2773006134969325
dataset_slammer_559_5_rrc04.csv,0.43125,69.0,20.0,0.21626794258373205,1.0,0.3556254917387883
dataset_slammer_6893_1_rrc04.csv,0.33569444444444446,69.0,20.0,0.19089524454222373,0.9982300884955753,0.3205000710328172
dataset_slammer_6893_5_rrc04.csv,0.8895833333333333,69.0,20.0,0.6050156739811913,0.8539823008849557,0.708256880733945
