,accuracy,epoch,lag,precision_0,recall_0,f1_0
dataset_code-red_513_1_rrc04.csv,0.7316423766816144,62.0,20.0,0.21525215252152521,0.9980988593155894,0.3541315345699831
dataset_code-red_513_5_rrc04.csv,0.6368055555555555,62.0,20.0,0.1685214626391097,1.0,0.28843537414965986
dataset_code-red_6893_1_rrc04.csv,0.9557174887892377,62.0,20.0,0.637434554973822,0.9258555133079848,0.7550387596899224
dataset_code-red_6893_5_rrc04.csv,0.9131944444444444,62.0,20.0,0.4588744588744589,1.0,0.629080118694362
