,accuracy,epoch,lag,precision_0,recall_0,f1_0
dataset_slammer_513_1_rrc04.csv,0.9415277777777777,68.0,20.0,0.8017021276595745,0.8336283185840708,0.8173535791757051
dataset_slammer_513_5_rrc04.csv,0.9729166666666667,68.0,20.0,0.891213389121339,0.9424778761061947,0.9161290322580645
dataset_slammer_559_1_rrc04.csv,0.22208333333333333,68.0,20.0,0.16787995840142625,1.0,0.28749522961455287
dataset_slammer_559_5_rrc04.csv,0.4965277777777778,68.0,20.0,0.23709167544783982,0.995575221238938,0.3829787234042553
dataset_slammer_6893_1_rrc04.csv,0.7258333333333333,68.0,20.0,0.35829415715245133,0.9442477876106194,0.5194741966893865
dataset_slammer_6893_5_rrc04.csv,0.9472222222222222,68.0,20.0,0.831858407079646,0.831858407079646,0.831858407079646
