,accuracy,epoch,lag,precision_0,recall_0,f1_0
dataset_nimda_513_1_rrc04.csv,0.6580882352941176,63.0,20.0,0.6666666666666666,0.0005657708628005657,0.0011305822498586774
dataset_nimda_513_5_rrc04.csv,0.65869140625,63.0,20.0,0.9,0.01272984441301273,0.02510460251046025
dataset_nimda_559_1_rrc04.csv,0.6712461300309598,63.0,20.0,0.9858156028368794,0.039321074964639324,0.07562568008705116
dataset_nimda_559_5_rrc04.csv,0.8203125,63.0,20.0,0.9448818897637795,0.5091937765205092,0.661764705882353
dataset_nimda_6893_1_rrc04.csv,0.6588622291021672,63.0,20.0,0.7647058823529411,0.0036775106082036777,0.0073198198198198205
dataset_nimda_6893_5_rrc04.csv,0.6591796875,63.0,20.0,0.9090909090909091,0.014144271570014143,0.027855153203342614
