,accuracy,epoch,lag,precision_0,recall_0,f1_0
dataset_japan-earthquake_2497_1_rrc06.csv,0.9834722222222222,19.0,20.0,0.8743016759776536,0.8087855297157622,0.8402684563758389
dataset_japan-earthquake_2497_5_rrc06.csv,0.9611111111111111,19.0,20.0,0.5853658536585366,0.935064935064935,0.72
dataset_japan-earthquake_10026_1_rv-sydney.csv,0.9841666666666666,19.0,20.0,0.8027210884353742,0.9291338582677166,0.8613138686131387
