,accuracy,epoch,lag,precision_0,recall_0,f1_0
dataset_japan-earthquake_2497_1_rrc06.csv,0.8123611111111111,82.0,20.0,0.22235023041474655,0.9974160206718347,0.36363636363636365
dataset_japan-earthquake_2497_5_rrc06.csv,0.6791666666666667,82.0,20.0,0.14285714285714285,1.0,0.25
dataset_japan-earthquake_10026_1_rv-sydney.csv,0.95125,82.0,20.0,0.5207756232686981,0.9868766404199475,0.6817769718948322
