,accuracy,epoch,lag,precision_0,recall_0,f1_0
dataset_slammer_513_1_rrc04.csv,0.5355555555555556,52.0,20.0,0.2519049753473779,0.9946902654867257,0.4020028612303291
dataset_slammer_513_5_rrc04.csv,0.9451388888888889,52.0,20.0,0.7491525423728813,0.9778761061946902,0.8483685220729367
dataset_slammer_559_1_rrc04.csv,0.1811111111111111,52.0,20.0,0.16083119840592086,1.0,0.2770966159882295
dataset_slammer_559_5_rrc04.csv,0.45555555555555555,52.0,20.0,0.22376237623762377,1.0,0.36569579288025894
dataset_slammer_6893_1_rrc04.csv,0.2777777777777778,52.0,20.0,0.17851500789889416,1.0,0.30294906166219837
dataset_slammer_6893_5_rrc04.csv,0.9243055555555556,52.0,20.0,0.7127272727272728,0.8672566371681416,0.7824351297405189
