,accuracy,epoch,lag,precision_0,recall_0,f1_0
dataset_japan-earthquake_2497_1_rrc06.csv,0.9866666666666667,95.0,20.0,0.8197802197802198,0.9638242894056848,0.8859857482185273
dataset_japan-earthquake_2497_5_rrc06.csv,0.9347222222222222,95.0,20.0,0.4502923976608187,1.0,0.6209677419354839
dataset_japan-earthquake_10026_1_rv-sydney.csv,0.9856944444444444,95.0,20.0,0.8021739130434783,0.968503937007874,0.8775267538644471
