,accuracy,epoch,lag,precision_0,recall_0,f1_0
dataset_slammer_513_1_rrc04.csv,0.9327777777777778,94.0,20.0,0.9216710182767625,0.6247787610619469,0.7447257383966245
dataset_slammer_513_5_rrc04.csv,0.9555555555555556,94.0,20.0,0.8894230769230769,0.8185840707964602,0.8525345622119815
dataset_slammer_559_1_rrc04.csv,0.5215277777777778,94.0,20.0,0.2466622893412125,0.9973451327433628,0.3955079838568169
dataset_slammer_559_5_rrc04.csv,0.5555555555555556,94.0,20.0,0.2604166666666667,0.995575221238938,0.41284403669724773
dataset_slammer_6893_1_rrc04.csv,0.9433333333333334,94.0,20.0,0.90744920993228,0.7115044247787611,0.7976190476190477
dataset_slammer_6893_5_rrc04.csv,0.9513888888888888,94.0,20.0,0.8786407766990292,0.8008849557522124,0.837962962962963
