,accuracy,epoch,lag,precision_0,recall_0,f1_0
dataset_as9121_13237_1_rrc05.csv,0.9629166666666666,71.0,20.0,0.22189349112426035,0.9493670886075949,0.3597122302158274
dataset_as9121_13237_5_rrc05.csv,0.9326388888888889,71.0,20.0,0.12149532710280374,0.8125,0.21138211382113822
