,accuracy,epoch,lag,precision_0,recall_0,f1_0
dataset_malaysian-telecom_25091_1_rrc04.csv,0.4963888888888889,2.0,20.0,0.04423841059602649,0.9027027027027027,0.08434343434343435
dataset_malaysian-telecom_25091_5_rrc04.csv,0.7631944444444444,2.0,20.0,0.07303370786516854,0.7027027027027027,0.13231552162849872
