,accuracy,epoch,lag,precision_0,recall_0,f1_0
dataset_japan-earthquake_2497_1_rrc06.csv,0.9836111111111111,93.0,20.0,0.7739307535641547,0.9819121447028424,0.8656036446469249
dataset_japan-earthquake_2497_5_rrc06.csv,0.8847222222222222,93.0,20.0,0.3168724279835391,1.0,0.48125
dataset_japan-earthquake_10026_1_rv-sydney.csv,0.9834722222222222,93.0,20.0,0.7717842323651453,0.9763779527559056,0.8621089223638471
