,accuracy,epoch,lag,precision_0,recall_0,f1_0
dataset_as9121_13237_1_rrc05.csv,0.8911111111111111,68.0,20.0,0.09059233449477352,0.9873417721518988,0.16595744680851063
dataset_as9121_13237_5_rrc05.csv,0.9020833333333333,68.0,20.0,0.0915032679738562,0.875,0.16568047337278105
