,accuracy,epoch,lag,precision_0,recall_0,f1_0
dataset_as9121_13237_1_rrc05.csv,0.9506944444444444,4.0,20.0,0.15841584158415842,0.810126582278481,0.26501035196687367
dataset_as9121_13237_5_rrc05.csv,0.9298611111111111,4.0,20.0,0.011494252873563218,0.0625,0.019417475728155338
