,accuracy,epoch,lag,precision_0,recall_0,f1_0
dataset_aws-leak_15547_1_rrc04.csv,0.9356944444444445,9.0,20.0,0.10483870967741936,0.7323943661971831,0.1834215167548501
dataset_aws-leak_15547_5_rrc04.csv,0.9277777777777778,9.0,20.0,0.0,0.0,0.0
dataset_aws-leak_34781_1_rrc04.csv,0.9831944444444445,9.0,20.0,0.34177215189873417,0.7605633802816901,0.4716157205240175
dataset_aws-leak_34781_5_rrc04.csv,0.9680555555555556,9.0,20.0,0.0,0.0,0.0
