,accuracy,epoch,lag,precision_0,recall_0,f1_0
dataset_japan-earthquake_2497_1_rrc06.csv,0.8423611111111111,9.0,20.0,0.18412162162162163,0.5633074935400517,0.27753023551877787
dataset_japan-earthquake_2497_5_rrc06.csv,0.8965277777777778,9.0,20.0,0.3269230769230769,0.8831168831168831,0.47719298245614034
dataset_japan-earthquake_10026_1_rv-sydney.csv,0.9047222222222222,9.0,20.0,0.27866473149492016,0.5039370078740157,0.35887850467289717
