,accuracy,epoch,lag,precision_0,recall_0,f1_0
dataset_aws-leak_15547_1_rrc04.csv,0.52125,73.0,20.0,0.020181921546333144,1.0,0.039565338534410695
dataset_aws-leak_15547_5_rrc04.csv,0.02638888888888889,73.0,20.0,0.01058574453069866,1.0,0.02094972067039106
dataset_aws-leak_34781_1_rrc04.csv,0.9866666666666667,73.0,20.0,0.4233128834355828,0.971830985915493,0.5897435897435898
dataset_aws-leak_34781_5_rrc04.csv,0.9666666666666667,73.0,20.0,0.22950819672131148,0.9333333333333333,0.3684210526315789
