,accuracy,epoch,lag,precision_0,recall_0,f1_0
dataset_nimda_513_1_rrc04.csv,0.6580882352941176,87.0,20.0,0.6666666666666666,0.0005657708628005657,0.0011305822498586774
dataset_nimda_513_5_rrc04.csv,0.66064453125,87.0,20.0,0.9285714285714286,0.018387553041018388,0.03606102635228849
dataset_nimda_559_1_rrc04.csv,0.6780185758513931,87.0,20.0,0.9726027397260274,0.06025459688826026,0.1134789557805008
dataset_nimda_559_5_rrc04.csv,0.81396484375,87.0,20.0,0.8899521531100478,0.5261669024045261,0.6613333333333333
dataset_nimda_6893_1_rrc04.csv,0.6593459752321982,87.0,20.0,0.75,0.005940594059405941,0.011787819253438116
dataset_nimda_6893_5_rrc04.csv,0.66064453125,87.0,20.0,0.9285714285714286,0.018387553041018388,0.03606102635228849
