,accuracy,epoch,lag,precision_0,recall_0,f1_0
dataset_code-red_513_1_rrc04.csv,0.7090807174887892,91.0,20.0,0.202152190622598,1.0,0.33631713554987214
dataset_code-red_513_5_rrc04.csv,0.5576388888888889,91.0,20.0,0.1426648721399731,1.0,0.24970553592461722
dataset_code-red_6893_1_rrc04.csv,0.9651065022421524,91.0,20.0,0.6942496493688639,0.94106463878327,0.7990314769975786
dataset_code-red_6893_5_rrc04.csv,0.9284722222222223,91.0,20.0,0.507177033492823,1.0,0.673015873015873
