,accuracy,epoch,lag,precision_0,recall_0,f1_0
dataset_moscow_blackout_1853_1_rrc05.csv,0.9722222222222222,2.0,20.0,0.0,0.0,0.0
dataset_moscow_blackout_1853_5_rrc05.csv,0.9611111111111111,2.0,20.0,0.0,0.0,0.0
dataset_moscow_blackout_12793_1_rrc05.csv,0.9716666666666667,2.0,20.0,0.22950819672131148,0.08187134502923976,0.12068965517241377
dataset_moscow_blackout_12793_5_rrc05.csv,0.94375,2.0,20.0,0.057692307692307696,0.08571428571428572,0.06896551724137932
