,accuracy,epoch,lag,precision_0,recall_0,f1_0
dataset_japan-earthquake_2497_1_rrc06.csv,0.9668055555555556,27.0,20.0,0.6209150326797386,0.9819121447028424,0.7607607607607608
dataset_japan-earthquake_2497_5_rrc06.csv,0.8979166666666667,27.0,20.0,0.34375,1.0,0.5116279069767442
dataset_japan-earthquake_10026_1_rv-sydney.csv,0.9801388888888889,27.0,20.0,0.741869918699187,0.958005249343832,0.8361970217640319
