,accuracy,epoch,lag,precision_0,recall_0,f1_0
dataset_aws-leak_15547_1_rrc04.csv,0.13777777777777778,59.0,20.0,0.011307533046663482,1.0,0.02236220472440945
dataset_aws-leak_15547_5_rrc04.csv,0.017361111111111112,59.0,20.0,0.01048951048951049,1.0,0.020761245674740487
dataset_aws-leak_34781_1_rrc04.csv,0.9816666666666667,59.0,20.0,0.34673366834170855,0.971830985915493,0.5111111111111111
dataset_aws-leak_34781_5_rrc04.csv,0.9638888888888889,59.0,20.0,0.2153846153846154,0.9333333333333333,0.3500000000000001
