,accuracy,epoch,lag,precision_0,recall_0,f1_0
dataset_aws-leak_15547_1_rrc04.csv,0.9027777777777778,20.0,20.0,0.08781127129750983,0.9436619718309859,0.1606714628297362
dataset_aws-leak_15547_5_rrc04.csv,0.6451388888888889,20.0,20.0,0.02490421455938697,0.8666666666666667,0.048417132216014895
dataset_aws-leak_34781_1_rrc04.csv,0.9852777777777778,20.0,20.0,0.3939393939393939,0.9154929577464789,0.5508474576271186
dataset_aws-leak_34781_5_rrc04.csv,0.9791666666666666,20.0,20.0,0.25806451612903225,0.5333333333333333,0.34782608695652173
