,accuracy,epoch,lag,precision_0,recall_0,f1_0
dataset_moscow_blackout_1853_1_rrc05.csv,0.9605555555555556,84.0,20.0,0.35013262599469497,0.7719298245614035,0.48175182481751827
dataset_moscow_blackout_1853_5_rrc05.csv,0.9055555555555556,84.0,20.0,0.16993464052287582,0.7428571428571429,0.276595744680851
dataset_moscow_blackout_12793_1_rrc05.csv,0.9933333333333333,84.0,20.0,0.847457627118644,0.8771929824561403,0.8620689655172413
dataset_moscow_blackout_12793_5_rrc05.csv,0.9659722222222222,84.0,20.0,0.3870967741935484,0.6857142857142857,0.4948453608247423
