,accuracy,epoch,lag,precision_0,recall_0,f1_0
dataset_slammer_513_1_rrc04.csv,0.8458333333333333,41.0,20.0,0.5047438330170778,0.9415929203539823,0.6571957998764669
dataset_slammer_513_5_rrc04.csv,0.9569444444444445,41.0,20.0,0.8904761904761904,0.827433628318584,0.8577981651376148
dataset_slammer_559_1_rrc04.csv,0.4323611111111111,41.0,20.0,0.21659957830170595,1.0,0.356073735623129
dataset_slammer_559_5_rrc04.csv,0.6319444444444444,41.0,20.0,0.2978723404255319,0.9911504424778761,0.45807770961145194
dataset_slammer_6893_1_rrc04.csv,0.7076388888888889,41.0,20.0,0.33905579399141633,0.9088495575221239,0.4938687184419332
dataset_slammer_6893_5_rrc04.csv,0.9631944444444445,41.0,20.0,0.9625668449197861,0.7964601769911505,0.8716707021791767
