,accuracy,epoch,lag,precision_0,recall_0,f1_0
dataset_code-red_513_1_rrc04.csv,0.2945627802690583,71.0,20.0,0.09460431654676259,1.0,0.17285573447255997
dataset_code-red_513_5_rrc04.csv,0.41597222222222224,71.0,20.0,0.1119324181626188,1.0,0.201329534662868
dataset_code-red_6893_1_rrc04.csv,0.7204316143497758,71.0,20.0,0.2060824329731893,0.9790874524714829,0.34049586776859503
dataset_code-red_6893_5_rrc04.csv,0.75,71.0,20.0,0.22746781115879827,1.0,0.3706293706293706
