,accuracy,epoch,lag,precision_0,recall_0,f1_0
dataset_nimda_513_1_rrc04.csv,0.6579914860681114,97.0,20.0,0.5,0.0002828854314002829,0.0005654509471303364
dataset_nimda_513_5_rrc04.csv,0.66015625,97.0,20.0,0.9230769230769231,0.016973125884016973,0.03333333333333333
dataset_nimda_559_1_rrc04.csv,0.6704721362229102,97.0,20.0,0.951048951048951,0.03847241867043847,0.07395323545405111
dataset_nimda_559_5_rrc04.csv,0.8125,97.0,20.0,0.9151670951156813,0.5035360678925035,0.6496350364963503
dataset_nimda_6893_1_rrc04.csv,0.659249226006192,97.0,20.0,0.7407407407407407,0.005657708628005658,0.011229646266142618
dataset_nimda_6893_5_rrc04.csv,0.66064453125,97.0,20.0,0.9285714285714286,0.018387553041018388,0.03606102635228849
