,accuracy,epoch,lag,precision_0,recall_0,f1_0
dataset_nimda_513_1_rrc04.csv,0.6579914860681114,56.0,20.0,0.5,0.0002828854314002829,0.0005654509471303364
dataset_nimda_513_5_rrc04.csv,0.65771484375,56.0,20.0,0.875,0.009900990099009901,0.019580419580419582
dataset_nimda_559_1_rrc04.csv,0.6818885448916409,56.0,20.0,0.9920318725099602,0.07043847241867043,0.13153724247226622
dataset_nimda_559_5_rrc04.csv,0.833984375,56.0,20.0,0.9050772626931567,0.57991513437058,0.7068965517241379
dataset_nimda_6893_1_rrc04.csv,0.6591524767801857,56.0,20.0,0.8333333333333334,0.004243281471004243,0.008443568815085843
dataset_nimda_6893_5_rrc04.csv,0.65869140625,56.0,20.0,0.9,0.01272984441301273,0.02510460251046025
