,accuracy,epoch,lag,precision_0,recall_0,f1_0
dataset_code-red_513_1_rrc04.csv,0.9397421524663677,13.0,20.0,0.6791044776119403,0.34600760456273766,0.45843828715365237
dataset_code-red_513_5_rrc04.csv,0.9409722222222222,13.0,20.0,0.6,0.5943396226415094,0.5971563981042655
dataset_code-red_6893_1_rrc04.csv,0.9232062780269058,13.0,20.0,0.225,0.017110266159695818,0.03180212014134275
dataset_code-red_6893_5_rrc04.csv,0.9180555555555555,13.0,20.0,0.3,0.08490566037735849,0.1323529411764706
