,accuracy,epoch,lag,precision_0,recall_0,f1_0
dataset_slammer_513_1_rrc04.csv,0.38416666666666666,47.0,20.0,0.20309130122214233,1.0,0.33761577532118314
dataset_slammer_513_5_rrc04.csv,0.7798611111111111,47.0,20.0,0.41527001862197394,0.9867256637168141,0.5845347313237222
dataset_slammer_559_1_rrc04.csv,0.18263888888888888,47.0,20.0,0.16108339272986458,1.0,0.2774708410067526
dataset_slammer_559_5_rrc04.csv,0.45069444444444445,47.0,20.0,0.22167487684729065,0.995575221238938,0.36261079774375504
dataset_slammer_6893_1_rrc04.csv,0.19486111111111112,47.0,20.0,0.16312978201241518,1.0,0.28050142733027184
dataset_slammer_6893_5_rrc04.csv,0.8652777777777778,47.0,20.0,0.5451977401129944,0.8539823008849557,0.6655172413793103
