,accuracy,epoch,lag,precision_0,recall_0,f1_0
dataset_code-red_513_1_rrc04.csv,0.9334360986547086,89.0,20.0,0.5301775147928994,0.8517110266159695,0.6535375638220278
dataset_code-red_513_5_rrc04.csv,0.7986111111111112,89.0,20.0,0.2676767676767677,1.0,0.4223107569721115
dataset_code-red_6893_1_rrc04.csv,0.9625840807174888,89.0,20.0,0.8960244648318043,0.5570342205323194,0.686987104337632
dataset_code-red_6893_5_rrc04.csv,0.9694444444444444,89.0,20.0,0.75,0.8773584905660378,0.8086956521739131
