,accuracy,epoch,lag,precision_0,recall_0,f1_0
dataset_nimda_513_1_rrc04.csv,0.6578947368421053,19.0,20.0,0.0,0.0,0.0
dataset_nimda_513_5_rrc04.csv,0.654296875,19.0,20.0,0.0,0.0,0.0
dataset_nimda_559_1_rrc04.csv,0.6999806501547987,19.0,20.0,0.9597457627118644,0.12814710042432814,0.22610431744447215
dataset_nimda_559_5_rrc04.csv,0.7080078125,19.0,20.0,0.8865248226950354,0.1768033946251768,0.29481132075471694
dataset_nimda_6893_1_rrc04.csv,0.6579914860681114,19.0,20.0,0.5,0.0005657708628005657,0.0011302627860977678
dataset_nimda_6893_5_rrc04.csv,0.6552734375,19.0,20.0,1.0,0.0014144271570014145,0.0028248587570621473
