,accuracy,epoch,lag,precision_0,recall_0,f1_0
dataset_aws-leak_15547_1_rrc04.csv,0.8961111111111111,28.0,20.0,0.08364083640836409,0.9577464788732394,0.15384615384615383
dataset_aws-leak_15547_5_rrc04.csv,0.25277777777777777,28.0,20.0,0.013748854262144821,1.0,0.027124773960216998
dataset_aws-leak_34781_1_rrc04.csv,0.9845833333333334,28.0,20.0,0.38372093023255816,0.9295774647887324,0.54320987654321
dataset_aws-leak_34781_5_rrc04.csv,0.9680555555555556,28.0,20.0,0.19607843137254902,0.6666666666666666,0.303030303030303
