,accuracy,epoch,lag,precision_0,recall_0,f1_0
dataset_slammer_513_1_rrc04.csv,0.7415277777777778,86.0,20.0,0.37504273504273505,0.9707964601769912,0.5410604192355117
dataset_slammer_513_5_rrc04.csv,0.9625,86.0,20.0,0.8233082706766918,0.9690265486725663,0.8902439024390244
dataset_slammer_559_1_rrc04.csv,0.21375,86.0,20.0,0.1663967015167133,1.0,0.2853175104153516
dataset_slammer_559_5_rrc04.csv,0.4777777777777778,86.0,20.0,0.2305327868852459,0.995575221238938,0.37437603993344426
dataset_slammer_6893_1_rrc04.csv,0.46569444444444447,86.0,20.0,0.22638469284994964,0.9946902654867257,0.36882690730106643
dataset_slammer_6893_5_rrc04.csv,0.93125,86.0,20.0,0.7490196078431373,0.8451327433628318,0.7941787941787942
