,accuracy,epoch,lag,precision_0,recall_0,f1_0
dataset_slammer_513_1_rrc04.csv,0.74375,40.0,20.0,0.379100439634765,0.9920353982300885,0.5485686322485931
dataset_slammer_513_5_rrc04.csv,0.9729166666666667,40.0,20.0,0.891213389121339,0.9424778761061947,0.9161290322580645
dataset_slammer_559_1_rrc04.csv,0.31375,40.0,20.0,0.18613078570252017,1.0,0.3138452992639911
dataset_slammer_559_5_rrc04.csv,0.5743055555555555,40.0,20.0,0.26881720430107525,0.995575221238938,0.4233301975540921
dataset_slammer_6893_1_rrc04.csv,0.56625,40.0,20.0,0.2627945727207808,0.9769911504424779,0.4141812042768712
dataset_slammer_6893_5_rrc04.csv,0.9652777777777778,40.0,20.0,0.9536082474226805,0.8185840707964602,0.8809523809523809
