,accuracy,epoch,lag,precision_0,recall_0,f1_0
dataset_malaysian-telecom_25091_1_rrc04.csv,0.027083333333333334,97.0,20.0,0.02573018080667594,1.0,0.050169491525423736
dataset_malaysian-telecom_25091_5_rrc04.csv,0.19652777777777777,97.0,20.0,0.03098827470686767,1.0,0.06011372867587327
