,accuracy,epoch,lag,precision_0,recall_0,f1_0
dataset_slammer_513_1_rrc04.csv,0.9368055555555556,78.0,20.0,0.9255989911727617,0.6495575221238938,0.7633905356214248
dataset_slammer_513_5_rrc04.csv,0.9583333333333334,78.0,20.0,0.8952380952380953,0.831858407079646,0.8623853211009175
dataset_slammer_559_1_rrc04.csv,0.46152777777777776,78.0,20.0,0.22535492901419715,0.9973451327433628,0.3676398629913554
dataset_slammer_559_5_rrc04.csv,0.5534722222222223,78.0,20.0,0.25951557093425603,0.995575221238938,0.4117108874656907
dataset_slammer_6893_1_rrc04.csv,0.9431944444444444,78.0,20.0,0.8476374156219865,0.7778761061946903,0.811259806183664
dataset_slammer_6893_5_rrc04.csv,0.9534722222222223,78.0,20.0,0.8878048780487805,0.8053097345132744,0.8445475638051043
