,accuracy,epoch,lag,precision_0,recall_0,f1_0
dataset_moscow_blackout_1853_1_rrc05.csv,0.9625,78.0,20.0,0.362116991643454,0.7602339181286549,0.49056603773584906
dataset_moscow_blackout_1853_5_rrc05.csv,0.9194444444444444,78.0,20.0,0.19548872180451127,0.7428571428571429,0.30952380952380953
dataset_moscow_blackout_12793_1_rrc05.csv,0.9934722222222222,78.0,20.0,0.8522727272727273,0.8771929824561403,0.8645533141210374
dataset_moscow_blackout_12793_5_rrc05.csv,0.9666666666666667,78.0,20.0,0.39344262295081966,0.6857142857142857,0.5
