,accuracy,epoch,lag,precision_0,recall_0,f1_0
dataset_as9121_13237_1_rrc05.csv,0.5401388888888888,44.0,20.0,0.023303834808259587,1.0,0.04554626693571635
dataset_as9121_13237_5_rrc05.csv,0.8638888888888889,44.0,20.0,0.0673076923076923,0.875,0.125
