,accuracy,epoch,lag,precision_0,recall_0,f1_0
dataset_as9121_13237_1_rrc05.csv,0.9441666666666667,40.0,20.0,0.15711252653927812,0.9367088607594937,0.26909090909090905
dataset_as9121_13237_5_rrc05.csv,0.9020833333333333,40.0,20.0,0.08609271523178808,0.8125,0.15568862275449102
