,accuracy,epoch,lag,precision_0,recall_0,f1_0
dataset_nimda_513_1_rrc04.csv,0.6580882352941176,84.0,20.0,0.6666666666666666,0.0005657708628005657,0.0011305822498586774
dataset_nimda_513_5_rrc04.csv,0.66015625,84.0,20.0,0.9230769230769231,0.016973125884016973,0.03333333333333333
dataset_nimda_559_1_rrc04.csv,0.6694078947368421,84.0,20.0,0.9609375,0.03479490806223479,0.06715806715806716
dataset_nimda_559_5_rrc04.csv,0.80908203125,84.0,20.0,0.927027027027027,0.48514851485148514,0.6369545032497678
dataset_nimda_6893_1_rrc04.csv,0.6588622291021672,84.0,20.0,0.7142857142857143,0.004243281471004243,0.00843644544431946
dataset_nimda_6893_5_rrc04.csv,0.66064453125,84.0,20.0,0.9285714285714286,0.018387553041018388,0.03606102635228849
