,accuracy,epoch,lag,precision_0,recall_0,f1_0
dataset_moscow_blackout_1853_1_rrc05.csv,0.9120833333333334,8.0,20.0,0.16129032258064516,0.6432748538011696,0.2579132473622509
dataset_moscow_blackout_1853_5_rrc05.csv,0.9354166666666667,8.0,20.0,0.17045454545454544,0.42857142857142855,0.24390243902439024
dataset_moscow_blackout_12793_1_rrc05.csv,0.12430555555555556,8.0,20.0,0.02434863523573201,0.9181286549707602,0.04743919021000151
dataset_moscow_blackout_12793_5_rrc05.csv,0.23819444444444443,8.0,20.0,0.028419182948490232,0.9142857142857143,0.05512489233419467
