,accuracy,epoch,lag,precision_0,recall_0,f1_0
dataset_code-red_513_1_rrc04.csv,0.5204596412556054,95.0,20.0,0.13323201621073963,1.0,0.23513634331694236
dataset_code-red_513_5_rrc04.csv,0.4979166666666667,95.0,20.0,0.1278648974668275,1.0,0.22673796791443848
dataset_code-red_6893_1_rrc04.csv,0.9204035874439462,95.0,20.0,0.48003802281368824,0.9600760456273765,0.6400506970849177
dataset_code-red_6893_5_rrc04.csv,0.85625,95.0,20.0,0.33865814696485624,1.0,0.5059665871121719
