,accuracy,epoch,lag,precision_0,recall_0,f1_0
dataset_code-red_513_1_rrc04.csv,0.9415639013452914,98.0,20.0,0.564344746162928,0.908745247148289,0.696285506190823
dataset_code-red_513_5_rrc04.csv,0.7597222222222222,98.0,20.0,0.2345132743362832,1.0,0.37992831541218636
dataset_code-red_6893_1_rrc04.csv,0.9625840807174888,98.0,20.0,0.8984615384615384,0.5551330798479087,0.6862514688601645
dataset_code-red_6893_5_rrc04.csv,0.9680555555555556,98.0,20.0,0.734375,0.8867924528301887,0.8034188034188035
