,accuracy,epoch,lag,precision_0,recall_0,f1_0
dataset_moscow_blackout_1853_1_rrc05.csv,0.9520833333333333,34.0,20.0,0.2938388625592417,0.7251461988304093,0.418212478920742
dataset_moscow_blackout_1853_5_rrc05.csv,0.9270833333333334,34.0,20.0,0.19298245614035087,0.6285714285714286,0.2953020134228188
dataset_moscow_blackout_12793_1_rrc05.csv,0.9869444444444444,34.0,20.0,0.6824644549763034,0.8421052631578947,0.7539267015706808
dataset_moscow_blackout_12793_5_rrc05.csv,0.9423611111111111,34.0,20.0,0.24468085106382978,0.6571428571428571,0.3565891472868217
