,accuracy,epoch,lag,precision_0,recall_0,f1_0
dataset_moscow_blackout_1853_1_rrc05.csv,0.9690277777777778,25.0,20.0,0.4177215189873418,0.7719298245614035,0.542094455852156
dataset_moscow_blackout_1853_5_rrc05.csv,0.9479166666666666,25.0,20.0,0.25609756097560976,0.6,0.358974358974359
dataset_moscow_blackout_12793_1_rrc05.csv,0.9827777777777778,25.0,20.0,0.5975103734439834,0.8421052631578947,0.6990291262135921
dataset_moscow_blackout_12793_5_rrc05.csv,0.9243055555555556,25.0,20.0,0.19166666666666668,0.6571428571428571,0.29677419354838713
