,accuracy,epoch,lag,precision_0,recall_0,f1_0
dataset_slammer_513_1_rrc04.csv,0.9426388888888889,70.0,20.0,0.8285976168652612,0.8,0.8140477262494373
dataset_slammer_513_5_rrc04.csv,0.9701388888888889,70.0,20.0,0.8860759493670886,0.9292035398230089,0.9071274298056156
dataset_slammer_559_1_rrc04.csv,0.26958333333333334,70.0,20.0,0.17686648927844734,1.0,0.30057188455911693
dataset_slammer_559_5_rrc04.csv,0.5,70.0,20.0,0.23834745762711865,0.995575221238938,0.38461538461538464
dataset_slammer_6893_1_rrc04.csv,0.7733333333333333,70.0,20.0,0.4015686274509804,0.9061946902654867,0.5565217391304347
dataset_slammer_6893_5_rrc04.csv,0.9493055555555555,70.0,20.0,0.8493150684931506,0.8230088495575221,0.8359550561797752
