,accuracy,epoch,lag,precision_0,recall_0,f1_0
dataset_nimda_513_1_rrc04.csv,0.6584752321981424,15.0,20.0,0.7777777777777778,0.0019801980198019802,0.0039503386004514675
dataset_nimda_513_5_rrc04.csv,0.65576171875,15.0,20.0,0.6666666666666666,0.005657708628005658,0.011220196353436187
dataset_nimda_559_1_rrc04.csv,0.6579914860681114,15.0,20.0,0.5,0.002545968882602546,0.005066141289051506
dataset_nimda_559_5_rrc04.csv,0.65478515625,15.0,20.0,0.5,0.004243281471004243,0.008415147265077139
dataset_nimda_6893_1_rrc04.csv,0.6581849845201239,15.0,20.0,0.6666666666666666,0.0011315417256011315,0.002259248799774075
dataset_nimda_6893_5_rrc04.csv,0.6552734375,15.0,20.0,0.6666666666666666,0.002828854314002829,0.005633802816901409
