,accuracy,epoch,lag,precision_0,recall_0,f1_0
dataset_nimda_513_1_rrc04.csv,0.66031346749226,9.0,20.0,0.6621621621621622,0.013861386138613862,0.02715433638126905
dataset_nimda_513_5_rrc04.csv,0.65478515625,9.0,20.0,0.5,0.019801980198019802,0.03809523809523809
dataset_nimda_559_1_rrc04.csv,0.6398026315789473,9.0,20.0,0.36376811594202896,0.07100424328147101,0.11881656804733727
dataset_nimda_559_5_rrc04.csv,0.65380859375,9.0,20.0,0.4791666666666667,0.03253182461103253,0.0609271523178808
dataset_nimda_6893_1_rrc04.csv,0.6569272445820433,9.0,20.0,0.2608695652173913,0.0016973125884016972,0.0033726812816188864
dataset_nimda_6893_5_rrc04.csv,0.6494140625,9.0,20.0,0.13333333333333333,0.002828854314002829,0.0055401662049861505
