,accuracy,epoch,lag,precision_0,recall_0,f1_0
dataset_nimda_513_1_rrc04.csv,0.6578947368421053,99.0,20.0,0.0,0.0,0.0
dataset_nimda_513_5_rrc04.csv,0.65869140625,99.0,20.0,0.9,0.01272984441301273,0.02510460251046025
dataset_nimda_559_1_rrc04.csv,0.6577979876160991,99.0,20.0,0.375,0.0008486562942008486,0.001693480101608806
dataset_nimda_559_5_rrc04.csv,0.79541015625,99.0,20.0,0.941717791411043,0.43422913719943423,0.5943852855759922
dataset_nimda_6893_1_rrc04.csv,0.6589589783281734,99.0,20.0,0.7083333333333334,0.004809052333804809,0.009553245293621802
dataset_nimda_6893_5_rrc04.csv,0.66064453125,99.0,20.0,0.9285714285714286,0.018387553041018388,0.03606102635228849
