,accuracy,epoch,lag,precision_0,recall_0,f1_0
dataset_moscow_blackout_1853_1_rrc05.csv,0.9183333333333333,39.0,20.0,0.21477428180574556,0.9181286549707602,0.34811529933481156
dataset_moscow_blackout_1853_5_rrc05.csv,0.9131944444444444,39.0,20.0,0.17857142857142858,0.7142857142857143,0.2857142857142857
dataset_moscow_blackout_12793_1_rrc05.csv,0.9876388888888888,39.0,20.0,0.6898148148148148,0.8713450292397661,0.7700258397932815
dataset_moscow_blackout_12793_5_rrc05.csv,0.9409722222222222,39.0,20.0,0.2549019607843137,0.7428571428571429,0.3795620437956204
