,accuracy,epoch,lag,precision_0,recall_0,f1_0
dataset_moscow_blackout_1853_1_rrc05.csv,0.9155555555555556,12.0,20.0,0.18741058655221746,0.7660818713450293,0.30114942528735633
dataset_moscow_blackout_1853_5_rrc05.csv,0.9486111111111111,12.0,20.0,0.2328767123287671,0.4857142857142857,0.3148148148148148
dataset_moscow_blackout_12793_1_rrc05.csv,0.46444444444444444,12.0,20.0,0.036943955767780846,0.8596491228070176,0.07084337349397589
dataset_moscow_blackout_12793_5_rrc05.csv,0.6597222222222222,12.0,20.0,0.05304518664047151,0.7714285714285715,0.09926470588235294
