,accuracy,epoch,lag,precision_0,recall_0,f1_0
dataset_aws-leak_15547_1_rrc04.csv,0.32555555555555554,51.0,20.0,0.014410391719098843,1.0,0.02841136454581833
dataset_aws-leak_15547_5_rrc04.csv,0.024305555555555556,51.0,20.0,0.01056338028169014,1.0,0.020905923344947733
dataset_aws-leak_34781_1_rrc04.csv,0.985,51.0,20.0,0.3942857142857143,0.971830985915493,0.5609756097560975
dataset_aws-leak_34781_5_rrc04.csv,0.9666666666666667,51.0,20.0,0.22033898305084745,0.8666666666666667,0.3513513513513513
