,accuracy,epoch,lag,precision_0,recall_0,f1_0
dataset_code-red_513_1_rrc04.csv,0.9648262331838565,45.0,20.0,0.7408056042031523,0.8041825095057035,0.7711941659070192
dataset_code-red_513_5_rrc04.csv,0.8972222222222223,45.0,20.0,0.40540540540540543,0.8490566037735849,0.548780487804878
dataset_code-red_6893_1_rrc04.csv,0.9390414798206278,45.0,20.0,0.9174311926605505,0.19011406844106463,0.3149606299212598
dataset_code-red_6893_5_rrc04.csv,0.9576388888888889,45.0,20.0,0.7528089887640449,0.6320754716981132,0.6871794871794871
