,accuracy,epoch,lag,precision_0,recall_0,f1_0
dataset_moscow_blackout_1853_1_rrc05.csv,0.7433333333333333,92.0,20.0,0.08179551122194513,0.9590643274853801,0.15073529411764705
dataset_moscow_blackout_1853_5_rrc05.csv,0.8083333333333333,92.0,20.0,0.09152542372881356,0.7714285714285715,0.16363636363636364
dataset_moscow_blackout_12793_1_rrc05.csv,0.9929166666666667,92.0,20.0,0.8296703296703297,0.8830409356725146,0.8555240793201134
dataset_moscow_blackout_12793_5_rrc05.csv,0.9645833333333333,92.0,20.0,0.38235294117647056,0.7428571428571429,0.5048543689320388
