,accuracy,epoch,lag,precision_0,recall_0,f1_0
dataset_japan-earthquake_2497_1_rrc06.csv,0.8894444444444445,54.0,20.0,0.3268416596104996,0.9974160206718347,0.4923469387755102
dataset_japan-earthquake_2497_5_rrc06.csv,0.7354166666666667,54.0,20.0,0.16812227074235808,1.0,0.2878504672897196
dataset_japan-earthquake_10026_1_rv-sydney.csv,0.9788888888888889,54.0,20.0,0.7223300970873786,0.9763779527559056,0.8303571428571429
