,accuracy,epoch,lag,precision_0,recall_0,f1_0
dataset_moscow_blackout_1853_1_rrc05.csv,0.9559722222222222,91.0,20.0,0.33849557522123896,0.8947368421052632,0.4911717495987159
dataset_moscow_blackout_1853_5_rrc05.csv,0.8930555555555556,91.0,20.0,0.15204678362573099,0.7428571428571429,0.2524271844660194
dataset_moscow_blackout_12793_1_rrc05.csv,0.9936111111111111,91.0,20.0,0.8531073446327684,0.8830409356725146,0.867816091954023
dataset_moscow_blackout_12793_5_rrc05.csv,0.9673611111111111,91.0,20.0,0.4,0.6857142857142857,0.5052631578947367
