,accuracy,epoch,lag,precision_0,recall_0,f1_0
dataset_slammer_513_1_rrc04.csv,0.9401388888888889,87.0,20.0,0.9277845777233782,0.6707964601769911,0.7786337955829481
dataset_slammer_513_5_rrc04.csv,0.9597222222222223,87.0,20.0,0.8888888888888888,0.8495575221238938,0.8687782805429864
dataset_slammer_559_1_rrc04.csv,0.5579166666666666,87.0,20.0,0.2616670536336197,0.9973451327433628,0.41456685672245724
dataset_slammer_559_5_rrc04.csv,0.5645833333333333,87.0,20.0,0.26439482961222094,0.995575221238938,0.4178272980501394
dataset_slammer_6893_1_rrc04.csv,0.9598611111111112,87.0,20.0,0.9277721261444557,0.8070796460176991,0.8632276384287743
dataset_slammer_6893_5_rrc04.csv,0.9527777777777777,87.0,20.0,0.883495145631068,0.8053097345132744,0.8425925925925926
