,accuracy,epoch,lag,precision_0,recall_0,f1_0
dataset_slammer_513_1_rrc04.csv,0.8984722222222222,22.0,20.0,0.965034965034965,0.3663716814159292,0.531109685695959
dataset_slammer_513_5_rrc04.csv,0.9131944444444444,22.0,20.0,0.9469026548672567,0.47345132743362833,0.6312684365781711
dataset_slammer_559_1_rrc04.csv,0.9022222222222223,22.0,20.0,0.959051724137931,0.3938053097345133,0.5583437892095358
dataset_slammer_559_5_rrc04.csv,0.9361111111111111,22.0,20.0,0.9527027027027027,0.6238938053097345,0.7540106951871657
dataset_slammer_6893_1_rrc04.csv,0.8913888888888889,22.0,20.0,0.9887640449438202,0.31150442477876106,0.47375504710632566
dataset_slammer_6893_5_rrc04.csv,0.8993055555555556,22.0,20.0,0.9550561797752809,0.37610619469026546,0.5396825396825397
