,accuracy,epoch,lag,precision_0,recall_0,f1_0
dataset_moscow_blackout_1853_1_rrc05.csv,0.6380555555555556,87.0,20.0,0.057755176171449325,0.9298245614035088,0.10875512995896032
dataset_moscow_blackout_1853_5_rrc05.csv,0.7868055555555555,87.0,20.0,0.08282208588957055,0.7714285714285715,0.14958448753462603
dataset_moscow_blackout_12793_1_rrc05.csv,0.9906944444444444,87.0,20.0,0.76,0.8888888888888888,0.8194070080862534
dataset_moscow_blackout_12793_5_rrc05.csv,0.9611111111111111,87.0,20.0,0.36363636363636365,0.8,0.5000000000000001
