,accuracy,epoch,lag,precision_0,recall_0,f1_0
dataset_aws-leak_15547_1_rrc04.csv,0.15263888888888888,57.0,20.0,0.011503564484769928,1.0,0.022745474931923755
dataset_aws-leak_15547_5_rrc04.csv,0.018055555555555554,57.0,20.0,0.010496850944716585,1.0,0.02077562326869806
dataset_aws-leak_34781_1_rrc04.csv,0.9825,57.0,20.0,0.35751295336787564,0.971830985915493,0.5227272727272727
dataset_aws-leak_34781_5_rrc04.csv,0.9638888888888889,57.0,20.0,0.2153846153846154,0.9333333333333333,0.3500000000000001
