,accuracy,epoch,lag,precision_0,recall_0,f1_0
dataset_japan-earthquake_2497_1_rrc06.csv,0.8345833333333333,98.0,20.0,0.24524714828897337,1.0,0.3938931297709924
dataset_japan-earthquake_2497_5_rrc06.csv,0.7034722222222223,98.0,20.0,0.1527777777777778,1.0,0.26506024096385544
dataset_japan-earthquake_10026_1_rv-sydney.csv,0.96375,98.0,20.0,0.5949367088607594,0.9868766404199475,0.7423494570582428
