,accuracy,epoch,lag,precision_0,recall_0,f1_0
dataset_as9121_13237_1_rrc05.csv,0.96125,33.0,20.0,0.21098265895953758,0.9240506329113924,0.3435294117647059
dataset_as9121_13237_5_rrc05.csv,0.9451388888888889,33.0,20.0,0.13793103448275862,0.75,0.23300970873786406
