,accuracy,epoch,lag,precision_0,recall_0,f1_0
dataset_slammer_513_1_rrc04.csv,0.9620833333333333,54.0,20.0,0.8891916439600364,0.8663716814159292,0.8776333482743165
dataset_slammer_513_5_rrc04.csv,0.9756944444444444,54.0,20.0,0.9063829787234042,0.9424778761061947,0.9240780911062908
dataset_slammer_559_1_rrc04.csv,0.3219444444444444,54.0,20.0,0.18795741849634065,1.0,0.3164379725567068
dataset_slammer_559_5_rrc04.csv,0.5416666666666666,54.0,20.0,0.25452488687782804,0.995575221238938,0.40540540540540543
dataset_slammer_6893_1_rrc04.csv,0.7863888888888889,54.0,20.0,0.4202501954652072,0.9513274336283186,0.5829718004338394
dataset_slammer_6893_5_rrc04.csv,0.9631944444444445,54.0,20.0,0.9303482587064676,0.827433628318584,0.8758782201405152
