,accuracy,epoch,lag,precision_0,recall_0,f1_0
dataset_malaysian-telecom_25091_1_rrc04.csv,0.11888888888888889,33.0,20.0,0.028335120232807473,1.0,0.05510872803098004
dataset_malaysian-telecom_25091_5_rrc04.csv,0.7305555555555555,33.0,20.0,0.08705882352941176,1.0,0.16017316017316013
