,accuracy,epoch,lag,precision_0,recall_0,f1_0
dataset_slammer_513_1_rrc04.csv,0.9618055555555556,34.0,20.0,0.9130434782608695,0.8362831858407079,0.8729792147806005
dataset_slammer_513_5_rrc04.csv,0.9770833333333333,34.0,20.0,0.9617224880382775,0.8893805309734514,0.9241379310344829
dataset_slammer_559_1_rrc04.csv,0.6469444444444444,34.0,20.0,0.30593732820230896,0.9849557522123894,0.4668624161073826
dataset_slammer_559_5_rrc04.csv,0.8041666666666667,34.0,20.0,0.4442231075697211,0.9867256637168141,0.6126373626373627
dataset_slammer_6893_1_rrc04.csv,0.9756944444444444,34.0,20.0,0.977022977022977,0.8654867256637168,0.9178789300797746
dataset_slammer_6893_5_rrc04.csv,0.9631944444444445,34.0,20.0,0.9832402234636871,0.7787610619469026,0.8691358024691357
