,accuracy,epoch,lag,precision_0,recall_0,f1_0
dataset_as9121_13237_1_rrc05.csv,0.9523611111111111,34.0,20.0,0.1796116504854369,0.9367088607594937,0.3014256619144603
dataset_as9121_13237_5_rrc05.csv,0.9194444444444444,34.0,20.0,0.0967741935483871,0.75,0.1714285714285714
