,accuracy,epoch,lag,precision_0,recall_0,f1_0
dataset_code-red_513_1_rrc04.csv,0.5641816143497758,24.0,20.0,0.14427312775330398,0.9961977186311787,0.25204425204425207
dataset_code-red_513_5_rrc04.csv,0.8291666666666667,24.0,20.0,0.2976878612716763,0.9716981132075472,0.4557522123893805
dataset_code-red_6893_1_rrc04.csv,0.9375,24.0,20.0,0.5446428571428571,0.9277566539923955,0.6863572433192686
dataset_code-red_6893_5_rrc04.csv,0.9402777777777778,24.0,20.0,0.5632911392405063,0.839622641509434,0.6742424242424242
