,accuracy,epoch,lag,precision_0,recall_0,f1_0
dataset_as9121_13237_1_rrc05.csv,0.9658333333333333,62.0,20.0,0.23492063492063492,0.9367088607594937,0.3756345177664975
dataset_as9121_13237_5_rrc05.csv,0.9451388888888889,62.0,20.0,0.14606741573033707,0.8125,0.2476190476190476
