,accuracy,epoch,lag,precision_0,recall_0,f1_0
dataset_nimda_513_1_rrc04.csv,0.6580882352941176,73.0,20.0,0.6666666666666666,0.0005657708628005657,0.0011305822498586774
dataset_nimda_513_5_rrc04.csv,0.66015625,73.0,20.0,0.9230769230769231,0.016973125884016973,0.03333333333333333
dataset_nimda_559_1_rrc04.csv,0.6785023219814241,73.0,20.0,0.9818181818181818,0.061103253182461105,0.11504660452729695
dataset_nimda_559_5_rrc04.csv,0.8291015625,73.0,20.0,0.9029345372460497,0.5657708628005658,0.6956521739130436
dataset_nimda_6893_1_rrc04.csv,0.6591524767801857,73.0,20.0,0.7727272727272727,0.004809052333804809,0.009558616811920157
dataset_nimda_6893_5_rrc04.csv,0.66064453125,73.0,20.0,0.9285714285714286,0.018387553041018388,0.03606102635228849
