,accuracy,epoch,lag,precision_0,recall_0,f1_0
dataset_japan-earthquake_2497_1_rrc06.csv,0.9773611111111111,63.0,20.0,0.7066420664206642,0.9896640826873385,0.8245425188374595
dataset_japan-earthquake_2497_5_rrc06.csv,0.8611111111111112,63.0,20.0,0.2779783393501805,1.0,0.43502824858757067
dataset_japan-earthquake_10026_1_rv-sydney.csv,0.9826388888888888,63.0,20.0,0.7612244897959184,0.979002624671916,0.8564867967853044
