,accuracy,epoch,lag,precision_0,recall_0,f1_0
dataset_as9121_13237_1_rrc05.csv,0.9384722222222223,82.0,20.0,0.14864864864864866,0.9746835443037974,0.2579564489112228
dataset_as9121_13237_5_rrc05.csv,0.9013888888888889,82.0,20.0,0.09090909090909091,0.875,0.16470588235294117
