,accuracy,epoch,lag,precision_0,recall_0,f1_0
dataset_slammer_513_1_rrc04.csv,0.9134722222222222,59.0,20.0,0.6832971800433839,0.8362831858407079,0.7520891364902507
dataset_slammer_513_5_rrc04.csv,0.9736111111111111,59.0,20.0,0.8949579831932774,0.9424778761061947,0.918103448275862
dataset_slammer_559_1_rrc04.csv,0.34291666666666665,59.0,20.0,0.1927998635045214,1.0,0.3232727792876556
dataset_slammer_559_5_rrc04.csv,0.5243055555555556,59.0,20.0,0.24752475247524752,0.995575221238938,0.3964757709251101
dataset_slammer_6893_1_rrc04.csv,0.7943055555555556,59.0,20.0,0.42696629213483145,0.9079646017699115,0.5808095103311633
dataset_slammer_6893_5_rrc04.csv,0.9583333333333334,59.0,20.0,0.8990384615384616,0.827433628318584,0.8617511520737327
