,accuracy,epoch,lag,precision_0,recall_0,f1_0
dataset_nimda_513_1_rrc04.csv,0.6581849845201239,53.0,20.0,0.75,0.0008486562942008486,0.0016953941791466515
dataset_nimda_513_5_rrc04.csv,0.658203125,53.0,20.0,0.8888888888888888,0.011315417256011316,0.022346368715083803
dataset_nimda_559_1_rrc04.csv,0.6947561919504643,53.0,20.0,0.9947916666666666,0.10806223479490806,0.194947690737433
dataset_nimda_559_5_rrc04.csv,0.873046875,53.0,20.0,0.8519685039370078,0.7652050919377652,0.8062593144560357
dataset_nimda_6893_1_rrc04.csv,0.659249226006192,53.0,20.0,0.8421052631578947,0.004526166902404526,0.009003939223410242
dataset_nimda_6893_5_rrc04.csv,0.65869140625,53.0,20.0,0.9,0.01272984441301273,0.02510460251046025
