,accuracy,epoch,lag,precision_0,recall_0,f1_0
dataset_slammer_513_1_rrc04.csv,0.2584722222222222,38.0,20.0,0.1746792394496831,1.0,0.29740755362547705
dataset_slammer_513_5_rrc04.csv,0.6180555555555556,38.0,20.0,0.29015544041450775,0.9911504424778761,0.4488977955911823
dataset_slammer_559_1_rrc04.csv,0.16111111111111112,38.0,20.0,0.15760111576011157,1.0,0.272289156626506
dataset_slammer_559_5_rrc04.csv,0.4097222222222222,38.0,20.0,0.2100371747211896,1.0,0.3471582181259601
dataset_slammer_6893_1_rrc04.csv,0.1626388888888889,38.0,20.0,0.1578432742003073,1.0,0.27265050066352997
dataset_slammer_6893_5_rrc04.csv,0.8305555555555556,38.0,20.0,0.4801762114537445,0.9646017699115044,0.6411764705882353
