,accuracy,epoch,lag,precision_0,recall_0,f1_0
dataset_slammer_513_1_rrc04.csv,0.6502777777777777,24.0,20.0,0.3078626799557032,0.984070796460177,0.4690004217629692
dataset_slammer_513_5_rrc04.csv,0.9638888888888889,24.0,20.0,0.935,0.827433628318584,0.8779342723004695
dataset_slammer_559_1_rrc04.csv,0.8247222222222222,24.0,20.0,0.46292134831460674,0.7292035398230089,0.5663230240549829
dataset_slammer_559_5_rrc04.csv,0.9638888888888889,24.0,20.0,0.8918918918918919,0.8761061946902655,0.8839285714285714
dataset_slammer_6893_1_rrc04.csv,0.9331944444444444,24.0,20.0,0.7720033528918693,0.8150442477876106,0.7929401635815756
dataset_slammer_6893_5_rrc04.csv,0.9333333333333333,24.0,20.0,0.922077922077922,0.6283185840707964,0.7473684210526316
