,accuracy,epoch,lag,precision_0,recall_0,f1_0
dataset_as9121_13237_1_rrc05.csv,0.7418055555555556,17.0,20.0,0.040289256198347105,0.9873417721518988,0.07741935483870967
dataset_as9121_13237_5_rrc05.csv,0.9277777777777778,17.0,20.0,0.09259259259259259,0.625,0.16129032258064516
