,accuracy,epoch,lag,precision_0,recall_0,f1_0
dataset_aws-leak_15547_1_rrc04.csv,0.08305555555555555,70.0,20.0,0.010639892102502622,1.0,0.021055753262158958
dataset_aws-leak_15547_5_rrc04.csv,0.017361111111111112,70.0,20.0,0.01048951048951049,1.0,0.020761245674740487
dataset_aws-leak_34781_1_rrc04.csv,0.9615277777777778,70.0,20.0,0.2023121387283237,0.9859154929577465,0.33573141486810554
dataset_aws-leak_34781_5_rrc04.csv,0.9513888888888888,70.0,20.0,0.17647058823529413,1.0,0.3
