,accuracy,epoch,lag,precision_0,recall_0,f1_0
dataset_moscow_blackout_1853_1_rrc05.csv,0.9568055555555556,21.0,20.0,0.32142857142857145,0.7368421052631579,0.44760213143872113
dataset_moscow_blackout_1853_5_rrc05.csv,0.9493055555555555,21.0,20.0,0.2361111111111111,0.4857142857142857,0.3177570093457944
dataset_moscow_blackout_12793_1_rrc05.csv,0.9808333333333333,21.0,20.0,0.5657370517928287,0.8304093567251462,0.6729857819905214
dataset_moscow_blackout_12793_5_rrc05.csv,0.925,21.0,20.0,0.18803418803418803,0.6285714285714286,0.2894736842105263
