,accuracy,epoch,lag,precision_0,recall_0,f1_0
dataset_aws-leak_15547_1_rrc04.csv,0.9906944444444444,15.0,20.0,0.5178571428571429,0.8169014084507042,0.633879781420765
dataset_aws-leak_15547_5_rrc04.csv,0.9708333333333333,15.0,20.0,0.11428571428571428,0.26666666666666666,0.16
dataset_aws-leak_34781_1_rrc04.csv,0.9945833333333334,15.0,20.0,0.6904761904761905,0.8169014084507042,0.7483870967741935
dataset_aws-leak_34781_5_rrc04.csv,0.9763888888888889,15.0,20.0,0.047619047619047616,0.06666666666666667,0.05555555555555555
