,accuracy,epoch,lag,precision_0,recall_0,f1_0
dataset_code-red_513_1_rrc04.csv,0.5685257847533632,57.0,20.0,0.14590846047156728,1.0,0.25465988864681677
dataset_code-red_513_5_rrc04.csv,0.6111111111111112,57.0,20.0,0.15915915915915915,1.0,0.27461139896373055
dataset_code-red_6893_1_rrc04.csv,0.8932174887892377,57.0,20.0,0.40544871794871795,0.9619771863117871,0.5704622322435176
dataset_code-red_6893_5_rrc04.csv,0.8604166666666667,57.0,20.0,0.34527687296416937,1.0,0.513317191283293
