,accuracy,epoch,lag,precision_0,recall_0,f1_0
dataset_code-red_513_1_rrc04.csv,0.7068385650224215,72.0,20.0,0.20091673032849502,1.0,0.33460559796437656
dataset_code-red_513_5_rrc04.csv,0.5888888888888889,72.0,20.0,0.1518624641833811,1.0,0.263681592039801
dataset_code-red_6893_1_rrc04.csv,0.9569786995515696,72.0,20.0,0.6405648267008985,0.9486692015209125,0.764750957854406
dataset_code-red_6893_5_rrc04.csv,0.9083333333333333,72.0,20.0,0.44537815126050423,1.0,0.616279069767442
