,accuracy,epoch,lag,precision_0,recall_0,f1_0
dataset_aws-leak_15547_1_rrc04.csv,0.9666666666666667,17.0,20.0,0.21739130434782608,0.9154929577464789,0.35135135135135137
dataset_aws-leak_15547_5_rrc04.csv,0.9111111111111111,17.0,20.0,0.06201550387596899,0.5333333333333333,0.1111111111111111
dataset_aws-leak_34781_1_rrc04.csv,0.9894444444444445,17.0,20.0,0.4806201550387597,0.8732394366197183,0.6200000000000001
dataset_aws-leak_34781_5_rrc04.csv,0.9770833333333333,17.0,20.0,0.15384615384615385,0.26666666666666666,0.1951219512195122
