,accuracy,epoch,lag,precision_0,recall_0,f1_0
dataset_aws-leak_15547_1_rrc04.csv,0.5098611111111111,54.0,20.0,0.01972222222222222,1.0,0.03868155815853991
dataset_aws-leak_15547_5_rrc04.csv,0.03263888888888889,54.0,20.0,0.01065340909090909,1.0,0.021082220660576245
dataset_aws-leak_34781_1_rrc04.csv,0.9865277777777778,54.0,20.0,0.42073170731707316,0.971830985915493,0.5872340425531914
dataset_aws-leak_34781_5_rrc04.csv,0.96875,54.0,20.0,0.23214285714285715,0.8666666666666667,0.3661971830985915
