,accuracy,epoch,lag,precision_0,recall_0,f1_0
dataset_as9121_13237_1_rrc05.csv,0.9670833333333333,28.0,20.0,0.23841059602649006,0.9113924050632911,0.37795275590551186
dataset_as9121_13237_5_rrc05.csv,0.95625,28.0,20.0,0.14925373134328357,0.625,0.24096385542168672
