,accuracy,epoch,lag,precision_0,recall_0,f1_0
dataset_aws-leak_15547_1_rrc04.csv,0.4272222222222222,47.0,20.0,0.01692491060786651,1.0,0.033286451007969994
dataset_aws-leak_15547_5_rrc04.csv,0.029166666666666667,47.0,20.0,0.010615711252653927,1.0,0.021008403361344536
dataset_aws-leak_34781_1_rrc04.csv,0.9854166666666667,47.0,20.0,0.4011627906976744,0.971830985915493,0.5679012345679012
dataset_aws-leak_34781_5_rrc04.csv,0.9680555555555556,47.0,20.0,0.22807017543859648,0.8666666666666667,0.3611111111111111
