,accuracy,epoch,lag,precision_0,recall_0,f1_0
dataset_nimda_513_1_rrc04.csv,0.6583784829721362,66.0,20.0,0.8333333333333334,0.0014144271570014145,0.0028240609997175936
dataset_nimda_513_5_rrc04.csv,0.66015625,66.0,20.0,0.9230769230769231,0.016973125884016973,0.03333333333333333
dataset_nimda_559_1_rrc04.csv,0.7076238390092879,66.0,20.0,0.9923224568138196,0.14625176803394624,0.254930966469428
dataset_nimda_559_5_rrc04.csv,0.84423828125,66.0,20.0,0.7975460122699386,0.7355021216407355,0.7652685798381162
dataset_nimda_6893_1_rrc04.csv,0.6593459752321982,66.0,20.0,0.7916666666666666,0.005374823196605375,0.010677156504636135
dataset_nimda_6893_5_rrc04.csv,0.6611328125,66.0,20.0,0.9333333333333333,0.019801980198019802,0.038781163434903045
