,accuracy,epoch,lag,precision_0,recall_0,f1_0
dataset_slammer_513_1_rrc04.csv,0.9227777777777778,85.0,20.0,0.7904858299595142,0.6911504424778762,0.7374881964117093
dataset_slammer_513_5_rrc04.csv,0.9597222222222223,85.0,20.0,0.875,0.8672566371681416,0.8711111111111112
dataset_slammer_559_1_rrc04.csv,0.4111111111111111,85.0,20.0,0.21042830540037244,1.0,0.3476923076923077
dataset_slammer_559_5_rrc04.csv,0.5222222222222223,85.0,20.0,0.24671052631578946,0.995575221238938,0.3954305799648506
dataset_slammer_6893_1_rrc04.csv,0.8379166666666666,85.0,20.0,0.49059481443823083,0.8539823008849557,0.6231837261866322
dataset_slammer_6893_5_rrc04.csv,0.9395833333333333,85.0,20.0,0.8088888888888889,0.8053097345132744,0.8070953436807095
