,accuracy,epoch,lag,precision_0,recall_0,f1_0
dataset_as9121_13237_1_rrc05.csv,0.9401388888888889,5.0,20.0,0.13485477178423236,0.8227848101265823,0.23172905525846701
dataset_as9121_13237_5_rrc05.csv,0.9270833333333334,5.0,20.0,0.01098901098901099,0.0625,0.01869158878504673
