,accuracy,epoch,lag,precision_0,recall_0,f1_0
dataset_malaysian-telecom_25091_1_rrc04.csv,0.029166666666666667,75.0,20.0,0.02578397212543554,1.0,0.05027173913043478
dataset_malaysian-telecom_25091_5_rrc04.csv,0.22291666666666668,75.0,20.0,0.03200692041522491,1.0,0.06202849958088851
