,accuracy,epoch,lag,precision_0,recall_0,f1_0
dataset_nimda_513_1_rrc04.csv,0.6580882352941176,65.0,20.0,0.6666666666666666,0.0005657708628005657,0.0011305822498586774
dataset_nimda_513_5_rrc04.csv,0.65869140625,65.0,20.0,0.9,0.01272984441301273,0.02510460251046025
dataset_nimda_559_1_rrc04.csv,0.6654411764705882,65.0,20.0,0.9753086419753086,0.022347949080622348,0.043694690265486724
dataset_nimda_559_5_rrc04.csv,0.81201171875,65.0,20.0,0.9548022598870056,0.4780763790664781,0.6371347785108388
dataset_nimda_6893_1_rrc04.csv,0.6588622291021672,65.0,20.0,0.7647058823529411,0.0036775106082036777,0.0073198198198198205
dataset_nimda_6893_5_rrc04.csv,0.65869140625,65.0,20.0,0.9,0.01272984441301273,0.02510460251046025
