,accuracy,epoch,lag,precision_0,recall_0,f1_0
dataset_japan-earthquake_2497_1_rrc06.csv,0.8798611111111111,59.0,20.0,0.30910543130990414,1.0,0.47223917022574735
dataset_japan-earthquake_2497_5_rrc06.csv,0.7159722222222222,59.0,20.0,0.15843621399176955,1.0,0.27353463587921845
dataset_japan-earthquake_10026_1_rv-sydney.csv,0.9736111111111111,59.0,20.0,0.6708407871198568,0.984251968503937,0.7978723404255318
