,accuracy,epoch,lag,precision_0,recall_0,f1_0
dataset_as9121_13237_1_rrc05.csv,0.21694444444444444,32.0,20.0,0.013818436242784678,1.0,0.02726017943409248
dataset_as9121_13237_5_rrc05.csv,0.8576388888888888,32.0,20.0,0.06451612903225806,0.875,0.12017167381974249
