,accuracy,epoch,lag,precision_0,recall_0,f1_0
dataset_japan-earthquake_2497_1_rrc06.csv,0.9866666666666667,36.0,20.0,0.8269662921348314,0.9509043927648578,0.8846153846153846
dataset_japan-earthquake_2497_5_rrc06.csv,0.9208333333333333,36.0,20.0,0.4,0.961038961038961,0.5648854961832062
dataset_japan-earthquake_10026_1_rv-sydney.csv,0.9825,36.0,20.0,0.7814569536423841,0.9291338582677166,0.8489208633093526
