,accuracy,epoch,lag,precision_0,recall_0,f1_0
dataset_aws-leak_15547_1_rrc04.csv,0.0375,52.0,20.0,0.010141408370232825,1.0,0.02007918552036199
dataset_aws-leak_15547_5_rrc04.csv,0.015277777777777777,52.0,20.0,0.0104675505931612,1.0,0.02071823204419889
dataset_aws-leak_34781_1_rrc04.csv,0.9309722222222222,52.0,20.0,0.12367491166077739,0.9859154929577465,0.2197802197802198
dataset_aws-leak_34781_5_rrc04.csv,0.9534722222222223,52.0,20.0,0.18292682926829268,1.0,0.30927835051546393
