,accuracy,epoch,lag,precision_0,recall_0,f1_0
dataset_japan-earthquake_2497_1_rrc06.csv,0.9906944444444444,72.0,20.0,0.8827751196172249,0.9534883720930233,0.9167701863354036
dataset_japan-earthquake_2497_5_rrc06.csv,0.9506944444444444,72.0,20.0,0.5202702702702703,1.0,0.6844444444444445
dataset_japan-earthquake_10026_1_rv-sydney.csv,0.9859722222222222,72.0,20.0,0.8167420814479638,0.94750656167979,0.8772782503037667
