,accuracy,epoch,lag,precision_0,recall_0,f1_0
dataset_malaysian-telecom_25091_1_rrc04.csv,0.02875,56.0,20.0,0.02577319587628866,1.0,0.05025125628140704
dataset_malaysian-telecom_25091_5_rrc04.csv,0.2743055555555556,56.0,20.0,0.034195933456561925,1.0,0.06613047363717604
