,accuracy,epoch,lag,precision_0,recall_0,f1_0
dataset_slammer_513_1_rrc04.csv,0.59625,31.0,20.0,0.2789251057476984,0.9920353982300885,0.4354243542435424
dataset_slammer_513_5_rrc04.csv,0.9805555555555555,31.0,20.0,0.9304347826086956,0.9469026548672567,0.9385964912280702
dataset_slammer_559_1_rrc04.csv,0.5451388888888888,31.0,20.0,0.2547450262977361,0.9858407079646018,0.40487007087043425
dataset_slammer_559_5_rrc04.csv,0.75625,31.0,20.0,0.3905429071803853,0.9867256637168141,0.5595984943538269
dataset_slammer_6893_1_rrc04.csv,0.61375,31.0,20.0,0.28641655886157824,0.9796460176991151,0.44324324324324327
dataset_slammer_6893_5_rrc04.csv,0.9631944444444445,31.0,20.0,0.9675675675675676,0.7920353982300885,0.8710462287104622
