,accuracy,epoch,lag,precision_0,recall_0,f1_0
dataset_nimda_513_1_rrc04.csv,0.5916215170278638,1.0,20.0,0.405924300603401,0.4186704384724187,0.412198858097758
dataset_nimda_513_5_rrc04.csv,0.67578125,1.0,20.0,0.5630498533724341,0.27157001414427157,0.36641221374045807
dataset_nimda_559_1_rrc04.csv,0.5169311145510835,1.0,20.0,0.37491420727522307,0.6181046676096181,0.46673074869165865
dataset_nimda_559_5_rrc04.csv,0.595703125,1.0,20.0,0.42193548387096774,0.4625176803394625,0.4412955465587044
dataset_nimda_6893_1_rrc04.csv,0.6501547987616099,1.0,20.0,0.3761467889908257,0.03479490806223479,0.06369756602796478
dataset_nimda_6893_5_rrc04.csv,0.6435546875,1.0,20.0,0.2553191489361702,0.016973125884016973,0.03183023872679045
