,accuracy,epoch,lag,precision_0,recall_0,f1_0
dataset_japan-earthquake_2497_1_rrc06.csv,0.9429166666666666,96.0,20.0,0.48488664987405544,0.9948320413436692,0.6519898391193903
dataset_japan-earthquake_2497_5_rrc06.csv,0.8090277777777778,96.0,20.0,0.21875,1.0,0.358974358974359
dataset_japan-earthquake_10026_1_rv-sydney.csv,0.9783333333333334,96.0,20.0,0.7142857142857143,0.984251968503937,0.8278145695364237
