,accuracy,epoch,lag,precision_0,recall_0,f1_0
dataset_malaysian-telecom_25091_1_rrc04.csv,0.10402777777777777,58.0,20.0,0.02787823990355636,1.0,0.054244245711772464
dataset_malaysian-telecom_25091_5_rrc04.csv,0.7645833333333333,58.0,20.0,0.09840425531914894,1.0,0.1791767554479419
