,accuracy,epoch,lag,precision_0,recall_0,f1_0
dataset_nimda_513_1_rrc04.csv,0.6578947368421053,88.0,20.0,0.0,0.0,0.0
dataset_nimda_513_5_rrc04.csv,0.65869140625,88.0,20.0,0.9,0.01272984441301273,0.02510460251046025
dataset_nimda_559_1_rrc04.csv,0.6581849845201239,88.0,20.0,0.5833333333333334,0.0019801980198019802,0.003946997462644488
dataset_nimda_559_5_rrc04.csv,0.80126953125,88.0,20.0,0.9464285714285714,0.4497878359264498,0.6097794822627037
dataset_nimda_6893_1_rrc04.csv,0.6588622291021672,88.0,20.0,0.7142857142857143,0.004243281471004243,0.00843644544431946
dataset_nimda_6893_5_rrc04.csv,0.66015625,88.0,20.0,0.9230769230769231,0.016973125884016973,0.03333333333333333
