,accuracy,epoch,lag,precision_0,recall_0,f1_0
dataset_malaysian-telecom_25091_1_rrc04.csv,0.025833333333333333,77.0,20.0,0.025698013613001804,1.0,0.050108342361863484
dataset_malaysian-telecom_25091_5_rrc04.csv,0.10138888888888889,77.0,20.0,0.02779864763335838,1.0,0.054093567251461985
