,accuracy,epoch,lag,precision_0,recall_0,f1_0
dataset_code-red_513_1_rrc04.csv,0.9614630044843049,15.0,20.0,0.6976377952755906,0.8422053231939164,0.7631352282515074
dataset_code-red_513_5_rrc04.csv,0.9458333333333333,15.0,20.0,0.6076923076923076,0.7452830188679245,0.6694915254237288
dataset_code-red_6893_1_rrc04.csv,0.9328755605381166,15.0,20.0,0.719626168224299,0.14638783269961977,0.24328593996840445
dataset_code-red_6893_5_rrc04.csv,0.9375,15.0,20.0,0.6379310344827587,0.3490566037735849,0.4512195121951219
