,accuracy,epoch,lag,precision_0,recall_0,f1_0
dataset_as9121_13237_1_rrc05.csv,0.9513888888888888,80.0,20.0,0.1811764705882353,0.9746835443037974,0.3055555555555556
dataset_as9121_13237_5_rrc05.csv,0.9069444444444444,80.0,20.0,0.09027777777777778,0.8125,0.1625
