,accuracy,epoch,lag,precision_0,recall_0,f1_0
dataset_nimda_513_1_rrc04.csv,0.6578947368421053,50.0,20.0,0.0,0.0,0.0
dataset_nimda_513_5_rrc04.csv,0.65625,50.0,20.0,0.8,0.005657708628005658,0.011235955056179777
dataset_nimda_559_1_rrc04.csv,0.6583784829721362,50.0,20.0,0.8333333333333334,0.0014144271570014145,0.0028240609997175936
dataset_nimda_559_5_rrc04.csv,0.796875,50.0,20.0,0.9932203389830508,0.4144271570014144,0.5848303393213572
dataset_nimda_6893_1_rrc04.csv,0.6589589783281734,50.0,20.0,0.8571428571428571,0.0033946251768033945,0.006762468300929839
dataset_nimda_6893_5_rrc04.csv,0.65576171875,50.0,20.0,0.75,0.004243281471004243,0.008438818565400843
