,accuracy,epoch,lag,precision_0,recall_0,f1_0
dataset_nimda_513_1_rrc04.csv,0.6568304953560371,3.0,20.0,0.479020979020979,0.03875530410183876,0.07170897670766815
dataset_nimda_513_5_rrc04.csv,0.65380859375,3.0,20.0,0.4772727272727273,0.0297029702970297,0.055925432756324896
dataset_nimda_559_1_rrc04.csv,0.6081656346749226,3.0,20.0,0.3520964962665135,0.1734087694483734,0.23237300985595152
dataset_nimda_559_5_rrc04.csv,0.64208984375,3.0,20.0,0.3617021276595745,0.04809052333804809,0.08489388264669165
dataset_nimda_6893_1_rrc04.csv,0.6566369969040248,3.0,20.0,0.325,0.0036775106082036777,0.007272727272727273
dataset_nimda_6893_5_rrc04.csv,0.64794921875,3.0,20.0,0.20833333333333334,0.007072135785007072,0.013679890560875513
