,accuracy,epoch,lag,precision_0,recall_0,f1_0
dataset_aws-leak_15547_1_rrc04.csv,0.22111111111111112,31.0,20.0,0.012502201091741504,1.0,0.024695652173913046
dataset_aws-leak_15547_5_rrc04.csv,0.035416666666666666,31.0,20.0,0.010683760683760684,1.0,0.021141649048625793
dataset_aws-leak_34781_1_rrc04.csv,0.9769444444444444,31.0,20.0,0.296137339055794,0.971830985915493,0.45394736842105265
dataset_aws-leak_34781_5_rrc04.csv,0.9666666666666667,31.0,20.0,0.21052631578947367,0.8,0.3333333333333333
