,accuracy,epoch,lag,precision_0,recall_0,f1_0
dataset_aws-leak_15547_1_rrc04.csv,0.91375,11.0,20.0,0.08333333333333333,0.7746478873239436,0.1504787961696306
dataset_aws-leak_15547_5_rrc04.csv,0.9104166666666667,11.0,20.0,0.0,0.0,0.0
dataset_aws-leak_34781_1_rrc04.csv,0.9856944444444444,11.0,20.0,0.3918918918918919,0.8169014084507042,0.5296803652968036
dataset_aws-leak_34781_5_rrc04.csv,0.9680555555555556,11.0,20.0,0.0,0.0,0.0
