,accuracy,epoch,lag,precision_0,recall_0,f1_0
dataset_aws-leak_15547_1_rrc04.csv,0.6918055555555556,21.0,20.0,0.030594405594405596,0.9859154929577465,0.05934718100890208
dataset_aws-leak_15547_5_rrc04.csv,0.37916666666666665,21.0,20.0,0.0165016501650165,1.0,0.032467532467532464
dataset_aws-leak_34781_1_rrc04.csv,0.9823611111111111,21.0,20.0,0.35106382978723405,0.9295774647887324,0.5096525096525096
dataset_aws-leak_34781_5_rrc04.csv,0.9708333333333333,21.0,20.0,0.18604651162790697,0.5333333333333333,0.27586206896551724
