,accuracy,epoch,lag,precision_0,recall_0,f1_0
dataset_malaysian-telecom_25091_1_rrc04.csv,0.025694444444444443,83.0,20.0,0.025694444444444443,1.0,0.05010155721056195
dataset_malaysian-telecom_25091_5_rrc04.csv,0.044444444444444446,83.0,20.0,0.026185421089879687,1.0,0.051034482758620686
