,accuracy,epoch,lag,precision_0,recall_0,f1_0
dataset_moscow_blackout_1853_1_rrc05.csv,0.9720833333333333,4.0,20.0,0.0,0.0,0.0
dataset_moscow_blackout_1853_5_rrc05.csv,0.9618055555555556,4.0,20.0,0.045454545454545456,0.02857142857142857,0.03508771929824561
dataset_moscow_blackout_12793_1_rrc05.csv,0.9769444444444444,4.0,20.0,0.5170068027210885,0.4444444444444444,0.4779874213836478
dataset_moscow_blackout_12793_5_rrc05.csv,0.9375,4.0,20.0,0.1232876712328767,0.2571428571428571,0.16666666666666663
