,accuracy,epoch,lag,precision_0,recall_0,f1_0
dataset_code-red_513_1_rrc04.csv,0.16003363228699552,61.0,20.0,0.08067484662576688,1.0,0.1493045699687766
dataset_code-red_513_5_rrc04.csv,0.2791666666666667,61.0,20.0,0.09265734265734266,1.0,0.1696
dataset_code-red_6893_1_rrc04.csv,0.4349775784753363,61.0,20.0,0.11506368028107158,0.9961977186311787,0.2062992125984252
dataset_code-red_6893_5_rrc04.csv,0.5659722222222222,61.0,20.0,0.14500683994528044,1.0,0.2532855436081243
