,accuracy,epoch,lag,precision_0,recall_0,f1_0
dataset_malaysian-telecom_25091_1_rrc04.csv,0.02625,67.0,20.0,0.025708727070594774,1.0,0.050128708847039696
dataset_malaysian-telecom_25091_5_rrc04.csv,0.10138888888888889,67.0,20.0,0.02779864763335838,1.0,0.054093567251461985
