,accuracy,epoch,lag,precision_0,recall_0,f1_0
dataset_moscow_blackout_1853_1_rrc05.csv,0.9444444444444444,60.0,20.0,0.26774847870182555,0.7719298245614035,0.39759036144578314
dataset_moscow_blackout_1853_5_rrc05.csv,0.8909722222222223,60.0,20.0,0.14942528735632185,0.7428571428571429,0.2488038277511962
dataset_moscow_blackout_12793_1_rrc05.csv,0.9916666666666667,60.0,20.0,0.7936507936507936,0.8771929824561403,0.8333333333333334
dataset_moscow_blackout_12793_5_rrc05.csv,0.9576388888888889,60.0,20.0,0.3375,0.7714285714285715,0.4695652173913044
