,accuracy,epoch,lag,precision_0,recall_0,f1_0
dataset_malaysian-telecom_25091_1_rrc04.csv,0.0275,95.0,20.0,0.02574092110755531,1.0,0.05018990775908845
dataset_malaysian-telecom_25091_5_rrc04.csv,0.21736111111111112,95.0,20.0,0.03178694158075601,1.0,0.06161532056619484
