,accuracy,epoch,lag,precision_0,recall_0,f1_0
dataset_code-red_513_1_rrc04.csv,0.1914237668161435,26.0,20.0,0.0835451080050826,1.0,0.15420697742597478
dataset_code-red_513_5_rrc04.csv,0.5368055555555555,26.0,20.0,0.1371280724450194,1.0,0.24118316268486914
dataset_code-red_6893_1_rrc04.csv,0.6765695067264574,26.0,20.0,0.1853813559322034,0.9980988593155894,0.3126861226920786
dataset_code-red_6893_5_rrc04.csv,0.8236111111111111,26.0,20.0,0.29213483146067415,0.9811320754716981,0.4502164502164502
