,accuracy,epoch,lag,precision_0,recall_0,f1_0
dataset_aws-leak_15547_1_rrc04.csv,0.6229166666666667,91.0,20.0,0.025484565685570712,1.0,0.049702485124256214
dataset_aws-leak_15547_5_rrc04.csv,0.030555555555555555,91.0,20.0,0.010630758327427357,1.0,0.021037868162692847
dataset_aws-leak_34781_1_rrc04.csv,0.9888888888888889,91.0,20.0,0.4689655172413793,0.9577464788732394,0.6296296296296297
dataset_aws-leak_34781_5_rrc04.csv,0.9694444444444444,91.0,20.0,0.24561403508771928,0.9333333333333333,0.38888888888888884
