,accuracy,epoch,lag,precision_0,recall_0,f1_0
dataset_as9121_13237_1_rrc05.csv,0.9415277777777777,79.0,20.0,0.15524193548387097,0.9746835443037974,0.26782608695652177
dataset_as9121_13237_5_rrc05.csv,0.9048611111111111,79.0,20.0,0.09395973154362416,0.875,0.1696969696969697
