,accuracy,epoch,lag,precision_0,recall_0,f1_0
dataset_japan-earthquake_2497_1_rrc06.csv,0.3929166666666667,3.0,20.0,0.06026490066225165,0.7054263565891473,0.11104331909701036
dataset_japan-earthquake_2497_5_rrc06.csv,0.4222222222222222,3.0,20.0,0.07915273132664437,0.922077922077922,0.1457905544147844
dataset_japan-earthquake_10026_1_rv-sydney.csv,0.8079166666666666,3.0,20.0,0.05897887323943662,0.17585301837270342,0.08833223467369809
