,accuracy,epoch,lag,precision_0,recall_0,f1_0
dataset_moscow_blackout_1853_1_rrc05.csv,0.9536111111111111,47.0,20.0,0.3135011441647597,0.8011695906432749,0.45065789473684204
dataset_moscow_blackout_1853_5_rrc05.csv,0.9138888888888889,47.0,20.0,0.17985611510791366,0.7142857142857143,0.28735632183908044
dataset_moscow_blackout_12793_1_rrc05.csv,0.9908333333333333,47.0,20.0,0.772020725388601,0.8713450292397661,0.8186813186813187
dataset_moscow_blackout_12793_5_rrc05.csv,0.9569444444444445,47.0,20.0,0.3291139240506329,0.7428571428571429,0.45614035087719296
