,accuracy,epoch,lag,precision_0,recall_0,f1_0
dataset_slammer_513_1_rrc04.csv,0.93375,79.0,20.0,0.9202059202059202,0.6327433628318584,0.7498689040377556
dataset_slammer_513_5_rrc04.csv,0.9569444444444445,79.0,20.0,0.8980582524271845,0.8185840707964602,0.8564814814814815
dataset_slammer_559_1_rrc04.csv,0.44,79.0,20.0,0.21890740023246805,1.0,0.35918626827717737
dataset_slammer_559_5_rrc04.csv,0.5472222222222223,79.0,20.0,0.2568493150684932,0.995575221238938,0.40834845735027225
dataset_slammer_6893_1_rrc04.csv,0.9379166666666666,79.0,20.0,0.8318756073858115,0.7575221238938054,0.7929597035664661
dataset_slammer_6893_5_rrc04.csv,0.9520833333333333,79.0,20.0,0.8792270531400966,0.8053097345132744,0.8406466512702079
