,accuracy,epoch,lag,precision_0,recall_0,f1_0
dataset_nimda_513_1_rrc04.csv,0.6578947368421053,34.0,20.0,0.0,0.0,0.0
dataset_nimda_513_5_rrc04.csv,0.65576171875,34.0,20.0,0.75,0.004243281471004243,0.008438818565400843
dataset_nimda_559_1_rrc04.csv,0.8197561919504643,34.0,20.0,0.9994026284348865,0.47326732673267324,0.6423497792282588
dataset_nimda_559_5_rrc04.csv,0.81494140625,34.0,20.0,0.6670061099796334,0.9264497878359265,0.7756068679692125
dataset_nimda_6893_1_rrc04.csv,0.6585719814241486,34.0,20.0,0.875,0.0019801980198019802,0.003951453570420547
dataset_nimda_6893_5_rrc04.csv,0.6552734375,34.0,20.0,1.0,0.0014144271570014145,0.0028248587570621473
