,accuracy,epoch,lag,precision_0,recall_0,f1_0
dataset_moscow_blackout_1853_1_rrc05.csv,0.9545833333333333,36.0,20.0,0.3069306930693069,0.7251461988304093,0.43130434782608695
dataset_moscow_blackout_1853_5_rrc05.csv,0.9229166666666667,36.0,20.0,0.18333333333333332,0.6285714285714286,0.28387096774193543
dataset_moscow_blackout_12793_1_rrc05.csv,0.9875,36.0,20.0,0.69377990430622,0.847953216374269,0.7631578947368421
dataset_moscow_blackout_12793_5_rrc05.csv,0.9402777777777778,36.0,20.0,0.24242424242424243,0.6857142857142857,0.3582089552238806
