,accuracy,epoch,lag,precision_0,recall_0,f1_0
dataset_malaysian-telecom_25091_1_rrc04.csv,0.0275,81.0,20.0,0.02574092110755531,1.0,0.05018990775908845
dataset_malaysian-telecom_25091_5_rrc04.csv,0.20694444444444443,81.0,20.0,0.031382527565733676,1.0,0.060855263157894746
