,accuracy,epoch,lag,precision_0,recall_0,f1_0
dataset_nimda_513_1_rrc04.csv,0.6583784829721362,74.0,20.0,0.8333333333333334,0.0014144271570014145,0.0028240609997175936
dataset_nimda_513_5_rrc04.csv,0.66015625,74.0,20.0,0.9230769230769231,0.016973125884016973,0.03333333333333333
dataset_nimda_559_1_rrc04.csv,0.6824690402476781,74.0,20.0,0.9809885931558935,0.07298444130127299,0.1358609794628752
dataset_nimda_559_5_rrc04.csv,0.81591796875,74.0,20.0,0.8733031674208145,0.545968882602546,0.6718885987815492
dataset_nimda_6893_1_rrc04.csv,0.6590557275541795,74.0,20.0,0.7391304347826086,0.004809052333804809,0.009555930297920179
dataset_nimda_6893_5_rrc04.csv,0.6611328125,74.0,20.0,0.9333333333333333,0.019801980198019802,0.038781163434903045
