,accuracy,epoch,lag,precision_0,recall_0,f1_0
dataset_moscow_blackout_1853_1_rrc05.csv,0.6109722222222222,67.0,20.0,0.05753701211305518,1.0,0.10881323576201082
dataset_moscow_blackout_1853_5_rrc05.csv,0.7659722222222223,67.0,20.0,0.07584269662921349,0.7714285714285715,0.1381074168797954
dataset_moscow_blackout_12793_1_rrc05.csv,0.9902777777777778,67.0,20.0,0.7487684729064039,0.8888888888888888,0.8128342245989304
dataset_moscow_blackout_12793_5_rrc05.csv,0.9583333333333334,67.0,20.0,0.345679012345679,0.8,0.48275862068965514
