,accuracy,epoch,lag,precision_0,recall_0,f1_0
dataset_nimda_513_1_rrc04.csv,0.6578947368421053,49.0,20.0,0.0,0.0,0.0
dataset_nimda_513_5_rrc04.csv,0.65625,49.0,20.0,0.8,0.005657708628005658,0.011235955056179777
dataset_nimda_559_1_rrc04.csv,0.6584752321981424,49.0,20.0,0.8571428571428571,0.0016973125884016972,0.0033879164313946925
dataset_nimda_559_5_rrc04.csv,0.79931640625,49.0,20.0,0.9966442953020134,0.4200848656294201,0.5910447761194031
dataset_nimda_6893_1_rrc04.csv,0.6589589783281734,49.0,20.0,0.8571428571428571,0.0033946251768033945,0.006762468300929839
dataset_nimda_6893_5_rrc04.csv,0.65576171875,49.0,20.0,1.0,0.002828854314002829,0.005641748942172073
