,accuracy,epoch,lag,precision_0,recall_0,f1_0
dataset_japan-earthquake_2497_1_rrc06.csv,0.7836111111111111,55.0,20.0,0.19897172236503857,1.0,0.3319039451114923
dataset_japan-earthquake_2497_5_rrc06.csv,0.6013888888888889,55.0,20.0,0.11827956989247312,1.0,0.21153846153846156
dataset_japan-earthquake_10026_1_rv-sydney.csv,0.9609722222222222,55.0,20.0,0.5769230769230769,0.984251968503937,0.7274490785645005
