,accuracy,epoch,lag,precision_0,recall_0,f1_0
dataset_japan-earthquake_2497_1_rrc06.csv,0.9034722222222222,51.0,20.0,0.35714285714285715,0.9948320413436692,0.5255972696245734
dataset_japan-earthquake_2497_5_rrc06.csv,0.75625,51.0,20.0,0.17990654205607476,1.0,0.30495049504950494
dataset_japan-earthquake_10026_1_rv-sydney.csv,0.9815277777777778,51.0,20.0,0.7551440329218106,0.963254593175853,0.8465974625144176
