,accuracy,epoch,lag,precision_0,recall_0,f1_0
dataset_malaysian-telecom_25091_1_rrc04.csv,0.03888888888888889,39.0,20.0,0.026038001407459536,1.0,0.05075445816186557
dataset_malaysian-telecom_25091_5_rrc04.csv,0.36875,39.0,20.0,0.039112050739957716,1.0,0.07527975584944048
