,accuracy,epoch,lag,precision_0,recall_0,f1_0
dataset_nimda_513_1_rrc04.csv,0.6580882352941176,69.0,20.0,0.6666666666666666,0.0005657708628005657,0.0011305822498586774
dataset_nimda_513_5_rrc04.csv,0.65966796875,69.0,20.0,0.9166666666666666,0.015558698727015558,0.030598052851182195
dataset_nimda_559_1_rrc04.csv,0.679953560371517,69.0,20.0,0.9829787234042553,0.06534653465346535,0.12254641909814323
dataset_nimda_559_5_rrc04.csv,0.82373046875,69.0,20.0,0.8986175115207373,0.5516265912305516,0.6836108676599474
dataset_nimda_6893_1_rrc04.csv,0.6591524767801857,69.0,20.0,0.7727272727272727,0.004809052333804809,0.009558616811920157
dataset_nimda_6893_5_rrc04.csv,0.66064453125,69.0,20.0,0.9285714285714286,0.018387553041018388,0.03606102635228849
