,accuracy,epoch,lag,precision_0,recall_0,f1_0
dataset_as9121_13237_1_rrc05.csv,0.9383333333333334,46.0,20.0,0.1470019342359768,0.9620253164556962,0.2550335570469799
dataset_as9121_13237_5_rrc05.csv,0.8986111111111111,46.0,20.0,0.08333333333333333,0.8125,0.1511627906976744
