,accuracy,epoch,lag,precision_0,recall_0,f1_0
dataset_nimda_513_1_rrc04.csv,0.6578947368421053,75.0,20.0,0.0,0.0,0.0
dataset_nimda_513_5_rrc04.csv,0.65771484375,75.0,20.0,0.875,0.009900990099009901,0.019580419580419582
dataset_nimda_559_1_rrc04.csv,0.6578947368421053,75.0,20.0,0.4,0.0005657708628005657,0.0011299435028248586
dataset_nimda_559_5_rrc04.csv,0.8017578125,75.0,20.0,0.9546827794561934,0.44695898161244696,0.6088631984585743
dataset_nimda_6893_1_rrc04.csv,0.6588622291021672,75.0,20.0,0.7368421052631579,0.0039603960396039604,0.007878446820483963
dataset_nimda_6893_5_rrc04.csv,0.6591796875,75.0,20.0,0.9090909090909091,0.014144271570014143,0.027855153203342614
