,accuracy,epoch,lag,precision_0,recall_0,f1_0
dataset_aws-leak_15547_1_rrc04.csv,0.15777777777777777,34.0,20.0,0.011572942135289324,1.0,0.022881082823074446
dataset_aws-leak_15547_5_rrc04.csv,0.027777777777777776,34.0,20.0,0.01060070671378092,1.0,0.02097902097902098
dataset_aws-leak_34781_1_rrc04.csv,0.9781944444444445,34.0,20.0,0.3080357142857143,0.971830985915493,0.4677966101694915
dataset_aws-leak_34781_5_rrc04.csv,0.9680555555555556,34.0,20.0,0.22807017543859648,0.8666666666666667,0.3611111111111111
