,accuracy,epoch,lag,precision_0,recall_0,f1_0
dataset_malaysian-telecom_25091_1_rrc04.csv,0.02847222222222222,73.0,20.0,0.02576601671309192,1.0,0.05023761031907671
dataset_malaysian-telecom_25091_5_rrc04.csv,0.2534722222222222,73.0,20.0,0.03327338129496403,1.0,0.06440382941688426
