,accuracy,epoch,lag,precision_0,recall_0,f1_0
dataset_code-red_513_1_rrc04.csv,0.9662275784753364,76.0,20.0,0.7195685670261941,0.8878326996197718,0.7948936170212765
dataset_code-red_513_5_rrc04.csv,0.8701388888888889,76.0,20.0,0.36177474402730375,1.0,0.531328320802005
dataset_code-red_6893_1_rrc04.csv,0.9585201793721974,76.0,20.0,0.9107142857142857,0.4847908745247148,0.6327543424317618
dataset_code-red_6893_5_rrc04.csv,0.9777777777777777,76.0,20.0,0.8303571428571429,0.8773584905660378,0.8532110091743119
