,accuracy,epoch,lag,precision_0,recall_0,f1_0
dataset_nimda_513_1_rrc04.csv,0.6621517027863777,7.0,20.0,0.6902654867256637,0.022065063649222064,0.042763157894736836
dataset_nimda_513_5_rrc04.csv,0.654296875,7.0,20.0,0.48717948717948717,0.026874115983026876,0.05093833780160858
dataset_nimda_559_1_rrc04.csv,0.6321594427244582,7.0,20.0,0.36847290640394087,0.1057991513437058,0.16439560439560438
dataset_nimda_559_5_rrc04.csv,0.650390625,7.0,20.0,0.4307692307692308,0.039603960396039604,0.07253886010362695
dataset_nimda_6893_1_rrc04.csv,0.6568304953560371,7.0,20.0,0.3,0.002545968882602546,0.005049088359046283
dataset_nimda_6893_5_rrc04.csv,0.64794921875,7.0,20.0,0.1111111111111111,0.002828854314002829,0.005517241379310345
