,accuracy,epoch,lag,precision_0,recall_0,f1_0
dataset_aws-leak_15547_1_rrc04.csv,0.8843055555555556,4.0,20.0,0.010282776349614395,0.11267605633802817,0.01884570082449941
dataset_aws-leak_15547_5_rrc04.csv,0.9375,4.0,20.0,0.0,0.0,0.0
dataset_aws-leak_34781_1_rrc04.csv,0.9543055555555555,4.0,20.0,0.143646408839779,0.7323943661971831,0.24018475750577367
dataset_aws-leak_34781_5_rrc04.csv,0.9611111111111111,4.0,20.0,0.0,0.0,0.0
