,accuracy,epoch,lag,precision_0,recall_0,f1_0
dataset_code-red_513_1_rrc04.csv,0.9250280269058296,29.0,20.0,0.49544072948328266,0.9296577946768061,0.6463978849966953
dataset_code-red_513_5_rrc04.csv,0.8583333333333333,29.0,20.0,0.325,0.8584905660377359,0.47150259067357514
dataset_code-red_6893_1_rrc04.csv,0.9596412556053812,29.0,20.0,0.8888888888888888,0.5171102661596958,0.6538461538461537
dataset_code-red_6893_5_rrc04.csv,0.9465277777777777,29.0,20.0,0.6435643564356436,0.6132075471698113,0.6280193236714975
