,accuracy,epoch,lag,precision_0,recall_0,f1_0
dataset_nimda_513_1_rrc04.csv,0.6578947368421053,20.0,20.0,0.0,0.0,0.0
dataset_nimda_513_5_rrc04.csv,0.654296875,20.0,20.0,0.0,0.0,0.0
dataset_nimda_559_1_rrc04.csv,0.6578947368421053,20.0,20.0,0.0,0.0,0.0
dataset_nimda_559_5_rrc04.csv,0.654296875,20.0,20.0,0.0,0.0,0.0
dataset_nimda_6893_1_rrc04.csv,0.6579914860681114,20.0,20.0,0.5,0.0005657708628005657,0.0011302627860977678
dataset_nimda_6893_5_rrc04.csv,0.6552734375,20.0,20.0,1.0,0.0014144271570014145,0.0028248587570621473
