,accuracy,epoch,lag,precision_0,recall_0,f1_0
dataset_japan-earthquake_2497_1_rrc06.csv,0.9669444444444445,83.0,20.0,0.6203554119547657,0.9922480620155039,0.7634194831013915
dataset_japan-earthquake_2497_5_rrc06.csv,0.8361111111111111,83.0,20.0,0.24600638977635783,1.0,0.3948717948717949
dataset_japan-earthquake_10026_1_rv-sydney.csv,0.9836111111111111,83.0,20.0,0.772256728778468,0.979002624671916,0.8634259259259259
