,accuracy,epoch,lag,precision_0,recall_0,f1_0
dataset_malaysian-telecom_25091_1_rrc04.csv,0.7865277777777778,8.0,20.0,0.0995260663507109,0.9081081081081082,0.1793913507741591
dataset_malaysian-telecom_25091_5_rrc04.csv,0.9208333333333333,8.0,20.0,0.21481481481481482,0.7837837837837838,0.33720930232558144
