,accuracy,epoch,lag,precision_0,recall_0,f1_0
dataset_code-red_513_1_rrc04.csv,0.9244674887892377,70.0,20.0,0.49273743016759775,0.8384030418250951,0.6206896551724138
dataset_code-red_513_5_rrc04.csv,0.8090277777777778,70.0,20.0,0.2782152230971129,1.0,0.4353182751540041
dataset_code-red_6893_1_rrc04.csv,0.9646860986547086,70.0,20.0,0.8848314606741573,0.5988593155893536,0.7142857142857142
dataset_code-red_6893_5_rrc04.csv,0.9666666666666667,70.0,20.0,0.7338709677419355,0.8584905660377359,0.7913043478260869
