,accuracy,epoch,lag,precision_0,recall_0,f1_0
dataset_code-red_513_1_rrc04.csv,0.836182735426009,42.0,20.0,0.3085169743895176,0.9847908745247148,0.46984126984126984
dataset_code-red_513_5_rrc04.csv,0.7680555555555556,42.0,20.0,0.2409090909090909,1.0,0.38827838827838823
dataset_code-red_6893_1_rrc04.csv,0.9735145739910314,42.0,20.0,0.813780260707635,0.8307984790874525,0.8222013170272813
dataset_code-red_6893_5_rrc04.csv,0.9506944444444444,42.0,20.0,0.6143790849673203,0.8867924528301887,0.725868725868726
