,accuracy,epoch,lag,precision_0,recall_0,f1_0
dataset_moscow_blackout_1853_1_rrc05.csv,0.9466666666666667,97.0,20.0,0.27292110874200426,0.7485380116959064,0.39999999999999997
dataset_moscow_blackout_1853_5_rrc05.csv,0.8923611111111112,97.0,20.0,0.1511627906976744,0.7428571428571429,0.251207729468599
dataset_moscow_blackout_12793_1_rrc05.csv,0.9933333333333333,97.0,20.0,0.847457627118644,0.8771929824561403,0.8620689655172413
dataset_moscow_blackout_12793_5_rrc05.csv,0.9659722222222222,97.0,20.0,0.3870967741935484,0.6857142857142857,0.4948453608247423
