,accuracy,epoch,lag,precision_0,recall_0,f1_0
dataset_moscow_blackout_1853_1_rrc05.csv,0.9708333333333333,37.0,20.0,0.43157894736842106,0.7192982456140351,0.5394736842105263
dataset_moscow_blackout_1853_5_rrc05.csv,0.9451388888888889,37.0,20.0,0.25,0.6285714285714286,0.35772357723577236
dataset_moscow_blackout_12793_1_rrc05.csv,0.9905555555555555,37.0,20.0,0.7754010695187166,0.847953216374269,0.8100558659217877
dataset_moscow_blackout_12793_5_rrc05.csv,0.9569444444444445,37.0,20.0,0.32,0.6857142857142857,0.43636363636363634
