,accuracy,epoch,lag,precision_0,recall_0,f1_0
dataset_japan-earthquake_2497_1_rrc06.csv,0.05458333333333333,1.0,20.0,0.05379482902418682,1.0,0.10209734863474476
dataset_japan-earthquake_2497_5_rrc06.csv,0.058333333333333334,1.0,20.0,0.05373342637822749,1.0,0.10198675496688742
dataset_japan-earthquake_10026_1_rv-sydney.csv,0.12222222222222222,1.0,20.0,0.020352124051041837,0.33070866141732286,0.03834449178332319
