,accuracy,epoch,lag,precision_0,recall_0,f1_0
dataset_slammer_513_1_rrc04.csv,0.78125,53.0,20.0,0.4154956323585264,0.968141592920354,0.5814509699707681
dataset_slammer_513_5_rrc04.csv,0.9756944444444444,53.0,20.0,0.8930041152263375,0.9601769911504425,0.9253731343283582
dataset_slammer_559_1_rrc04.csv,0.23402777777777778,53.0,20.0,0.17005267118133935,1.0,0.2906752411575563
dataset_slammer_559_5_rrc04.csv,0.5201388888888889,53.0,20.0,0.2459016393442623,0.995575221238938,0.39439088518843124
dataset_slammer_6893_1_rrc04.csv,0.5383333333333333,53.0,20.0,0.2525935949481281,0.9911504424778761,0.402588066139468
dataset_slammer_6893_5_rrc04.csv,0.9590277777777778,53.0,20.0,0.8995215311004785,0.831858407079646,0.864367816091954
