,accuracy,epoch,lag,precision_0,recall_0,f1_0
dataset_as9121_13237_1_rrc05.csv,0.9481944444444445,93.0,20.0,0.171875,0.9746835443037974,0.2922201138519924
dataset_as9121_13237_5_rrc05.csv,0.9041666666666667,93.0,20.0,0.09333333333333334,0.875,0.1686746987951807
