,accuracy,epoch,lag,precision_0,recall_0,f1_0
dataset_malaysian-telecom_25091_1_rrc04.csv,0.6194444444444445,49.0,20.0,0.06324786324786325,1.0,0.11897106109324758
dataset_malaysian-telecom_25091_5_rrc04.csv,0.8180555555555555,49.0,20.0,0.12374581939799331,1.0,0.22023809523809526
