,accuracy,epoch,lag,precision_0,recall_0,f1_0
dataset_japan-earthquake_2497_1_rrc06.csv,0.5544444444444444,6.0,20.0,0.07629918894562931,0.6563307493540051,0.13670613562970937
dataset_japan-earthquake_2497_5_rrc06.csv,0.6930555555555555,6.0,20.0,0.13861386138613863,0.9090909090909091,0.24054982817869414
dataset_japan-earthquake_10026_1_rv-sydney.csv,0.8345833333333333,6.0,20.0,0.13047445255474452,0.3753280839895013,0.1936357481381178
