,accuracy,epoch,lag,precision_0,recall_0,f1_0
dataset_slammer_513_1_rrc04.csv,0.9368055555555556,77.0,20.0,0.928843710292249,0.6469026548672566,0.7626499739175795
dataset_slammer_513_5_rrc04.csv,0.9590277777777778,77.0,20.0,0.9033816425120773,0.827433628318584,0.8637413394919169
dataset_slammer_559_1_rrc04.csv,0.5259722222222222,77.0,20.0,0.2484020277716553,0.9973451327433628,0.397741309334745
dataset_slammer_559_5_rrc04.csv,0.56875,77.0,20.0,0.26627218934911245,0.995575221238938,0.4201680672268908
dataset_slammer_6893_1_rrc04.csv,0.9541666666666667,77.0,20.0,0.9444444444444444,0.7522123893805309,0.8374384236453202
dataset_slammer_6893_5_rrc04.csv,0.9548611111111112,77.0,20.0,0.896551724137931,0.8053097345132744,0.8484848484848485
