,accuracy,epoch,lag,precision_0,recall_0,f1_0
dataset_aws-leak_15547_1_rrc04.csv,0.09708333333333333,77.0,20.0,0.010803408399269628,1.0,0.02137588438958302
dataset_aws-leak_15547_5_rrc04.csv,0.016666666666666666,77.0,20.0,0.010482180293501049,1.0,0.02074688796680498
dataset_aws-leak_34781_1_rrc04.csv,0.9691666666666666,77.0,20.0,0.24054982817869416,0.9859154929577465,0.3867403314917127
dataset_aws-leak_34781_5_rrc04.csv,0.9506944444444444,77.0,20.0,0.1744186046511628,1.0,0.297029702970297
