,accuracy,epoch,lag,precision_0,recall_0,f1_0
dataset_malaysian-telecom_25091_1_rrc04.csv,0.5968055555555556,6.0,20.0,0.0564621409921671,0.9351351351351351,0.10649430594028932
dataset_malaysian-telecom_25091_5_rrc04.csv,0.8361111111111111,6.0,20.0,0.11583011583011583,0.8108108108108109,0.20270270270270271
