,accuracy,epoch,lag,precision_0,recall_0,f1_0
dataset_as9121_13237_1_rrc05.csv,0.9651388888888889,70.0,20.0,0.2329192546583851,0.9493670886075949,0.37406483790523687
dataset_as9121_13237_5_rrc05.csv,0.9409722222222222,70.0,20.0,0.1368421052631579,0.8125,0.23423423423423426
