,accuracy,epoch,lag,precision_0,recall_0,f1_0
dataset_moscow_blackout_1853_1_rrc05.csv,0.9643055555555555,18.0,20.0,0.3764367816091954,0.7660818713450293,0.5048169556840078
dataset_moscow_blackout_1853_5_rrc05.csv,0.9527777777777777,18.0,20.0,0.24615384615384617,0.45714285714285713,0.32
dataset_moscow_blackout_12793_1_rrc05.csv,0.9879166666666667,18.0,20.0,0.7142857142857143,0.8187134502923976,0.7629427792915532
dataset_moscow_blackout_12793_5_rrc05.csv,0.9604166666666667,18.0,20.0,0.328125,0.6,0.42424242424242425
