,accuracy,epoch,lag,precision_0,recall_0,f1_0
dataset_japan-earthquake_2497_1_rrc06.csv,0.9898611111111111,79.0,20.0,0.8720379146919431,0.9509043927648578,0.9097651421508035
dataset_japan-earthquake_2497_5_rrc06.csv,0.9479166666666666,79.0,20.0,0.506578947368421,1.0,0.6724890829694323
dataset_japan-earthquake_10026_1_rv-sydney.csv,0.98625,79.0,20.0,0.8161434977578476,0.9553805774278216,0.8802902055622733
