,accuracy,epoch,lag,precision_0,recall_0,f1_0
dataset_slammer_513_1_rrc04.csv,0.92125,67.0,20.0,0.9310872894333844,0.5380530973451327,0.6819966348850252
dataset_slammer_513_5_rrc04.csv,0.9527777777777777,67.0,20.0,0.9114583333333334,0.7743362831858407,0.8373205741626795
dataset_slammer_559_1_rrc04.csv,0.64,67.0,20.0,0.30328310010764264,0.9973451327433628,0.46512587701196867
dataset_slammer_559_5_rrc04.csv,0.6541666666666667,67.0,20.0,0.3111111111111111,0.9911504424778761,0.4735729386892178
dataset_slammer_6893_1_rrc04.csv,0.9383333333333334,67.0,20.0,0.9431524547803618,0.6460176991150443,0.7668067226890757
dataset_slammer_6893_5_rrc04.csv,0.9541666666666667,67.0,20.0,0.9166666666666666,0.7787610619469026,0.8421052631578947
