,accuracy,epoch,lag,precision_0,recall_0,f1_0
dataset_malaysian-telecom_25091_1_rrc04.csv,0.025694444444444443,66.0,20.0,0.025694444444444443,1.0,0.05010155721056195
dataset_malaysian-telecom_25091_5_rrc04.csv,0.05763888888888889,66.0,20.0,0.02654232424677188,1.0,0.0517120894479385
