,accuracy,epoch,lag,precision_0,recall_0,f1_0
dataset_aws-leak_15547_1_rrc04.csv,0.9116666666666666,32.0,20.0,0.09585121602288985,0.9436619718309859,0.17402597402597403
dataset_aws-leak_15547_5_rrc04.csv,0.34930555555555554,32.0,20.0,0.015756302521008403,1.0,0.031023784901758014
dataset_aws-leak_34781_1_rrc04.csv,0.9869444444444444,32.0,20.0,0.4267515923566879,0.9436619718309859,0.587719298245614
dataset_aws-leak_34781_5_rrc04.csv,0.9694444444444444,32.0,20.0,0.20408163265306123,0.6666666666666666,0.3125
