,accuracy,epoch,lag,precision_0,recall_0,f1_0
dataset_code-red_513_1_rrc04.csv,0.8091367713004485,3.0,20.0,0.15625,0.3612167300380228,0.21814006888633752
dataset_code-red_513_5_rrc04.csv,0.8944444444444445,3.0,20.0,0.28703703703703703,0.29245283018867924,0.2897196261682243
dataset_code-red_6893_1_rrc04.csv,0.7661154708520179,3.0,20.0,0.12326961107448912,0.35551330798479086,0.18306412139011255
dataset_code-red_6893_5_rrc04.csv,0.86875,3.0,20.0,0.17829457364341086,0.2169811320754717,0.19574468085106383
