,accuracy,epoch,lag,precision_0,recall_0,f1_0
dataset_nimda_513_1_rrc04.csv,0.6578947368421053,98.0,20.0,0.0,0.0,0.0
dataset_nimda_513_5_rrc04.csv,0.65771484375,98.0,20.0,0.875,0.009900990099009901,0.019580419580419582
dataset_nimda_559_1_rrc04.csv,0.6576044891640866,98.0,20.0,0.0,0.0,0.0
dataset_nimda_559_5_rrc04.csv,0.740234375,98.0,20.0,0.926829268292683,0.26874115983026875,0.4166666666666667
dataset_nimda_6893_1_rrc04.csv,0.658765479876161,98.0,20.0,0.7,0.0039603960396039604,0.007876230661040788
dataset_nimda_6893_5_rrc04.csv,0.65869140625,98.0,20.0,0.9,0.01272984441301273,0.02510460251046025
