,accuracy,epoch,lag,precision_0,recall_0,f1_0
dataset_nimda_513_1_rrc04.csv,0.6585719814241486,17.0,20.0,0.75,0.002545968882602546,0.005074711023400057
dataset_nimda_513_5_rrc04.csv,0.65478515625,17.0,20.0,0.5,0.005657708628005658,0.01118881118881119
dataset_nimda_559_1_rrc04.csv,0.6884674922600619,17.0,20.0,0.7058823529411765,0.15275813295615276,0.2511627906976744
dataset_nimda_559_5_rrc04.csv,0.755859375,17.0,20.0,0.8996138996138996,0.32956152758132956,0.48240165631469983
dataset_nimda_6893_1_rrc04.csv,0.6576044891640866,17.0,20.0,0.3333333333333333,0.0011315417256011315,0.002255427121511136
dataset_nimda_6893_5_rrc04.csv,0.65478515625,17.0,20.0,0.5,0.002828854314002829,0.005625879043600563
