,accuracy,epoch,lag,precision_0,recall_0,f1_0
dataset_slammer_513_1_rrc04.csv,0.8155555555555556,4.0,20.0,0.15140845070422534,0.03805309734513274,0.06082036775106082
dataset_slammer_513_5_rrc04.csv,0.8340277777777778,4.0,20.0,0.4,0.11504424778761062,0.17869415807560138
dataset_slammer_559_1_rrc04.csv,0.7969444444444445,4.0,20.0,0.18199233716475097,0.084070796460177,0.11501210653753027
dataset_slammer_559_5_rrc04.csv,0.8583333333333333,4.0,20.0,0.6774193548387096,0.18584070796460178,0.2916666666666667
dataset_slammer_6893_1_rrc04.csv,0.8225,4.0,20.0,0.14423076923076922,0.02654867256637168,0.044843049327354265
dataset_slammer_6893_5_rrc04.csv,0.8451388888888889,4.0,20.0,0.5205479452054794,0.168141592920354,0.25418060200668896
