,accuracy,epoch,lag,precision_0,recall_0,f1_0
dataset_moscow_blackout_1853_1_rrc05.csv,0.9401388888888889,29.0,20.0,0.2743055555555556,0.9239766081871345,0.42302543507362794
dataset_moscow_blackout_1853_5_rrc05.csv,0.925,29.0,20.0,0.19834710743801653,0.6857142857142857,0.3076923076923077
dataset_moscow_blackout_12793_1_rrc05.csv,0.9836111111111111,29.0,20.0,0.6090534979423868,0.8654970760233918,0.714975845410628
dataset_moscow_blackout_12793_5_rrc05.csv,0.9131944444444444,29.0,20.0,0.17857142857142858,0.7142857142857143,0.2857142857142857
