,accuracy,epoch,lag,precision_0,recall_0,f1_0
dataset_moscow_blackout_1853_1_rrc05.csv,0.9556944444444444,94.0,20.0,0.31683168316831684,0.7485380116959064,0.4452173913043478
dataset_moscow_blackout_1853_5_rrc05.csv,0.9013888888888889,94.0,20.0,0.16352201257861634,0.7428571428571429,0.26804123711340205
dataset_moscow_blackout_12793_1_rrc05.csv,0.9934722222222222,94.0,20.0,0.8522727272727273,0.8771929824561403,0.8645533141210374
dataset_moscow_blackout_12793_5_rrc05.csv,0.9673611111111111,94.0,20.0,0.4,0.6857142857142857,0.5052631578947367
