,accuracy,epoch,lag,precision_0,recall_0,f1_0
dataset_aws-leak_15547_1_rrc04.csv,0.5916666666666667,79.0,20.0,0.023580205911657257,1.0,0.046073977936404935
dataset_aws-leak_15547_5_rrc04.csv,0.02847222222222222,79.0,20.0,0.010608203677510608,1.0,0.02099370188943317
dataset_aws-leak_34781_1_rrc04.csv,0.9872222222222222,79.0,20.0,0.43312101910828027,0.9577464788732394,0.5964912280701755
dataset_aws-leak_34781_5_rrc04.csv,0.96875,79.0,20.0,0.2413793103448276,0.9333333333333333,0.3835616438356165
