,accuracy,epoch,lag,precision_0,recall_0,f1_0
dataset_as9121_13237_1_rrc05.csv,0.9484722222222223,43.0,20.0,0.16968325791855204,0.9493670886075949,0.28790786948176583
dataset_as9121_13237_5_rrc05.csv,0.9111111111111111,43.0,20.0,0.09420289855072464,0.8125,0.16883116883116886
