,accuracy,epoch,lag,precision_0,recall_0,f1_0
dataset_as9121_13237_1_rrc05.csv,0.7676388888888889,81.0,20.0,0.04509132420091324,1.0,0.08629164391043145
dataset_as9121_13237_5_rrc05.csv,0.8833333333333333,81.0,20.0,0.07777777777777778,0.875,0.14285714285714288
