,accuracy,epoch,lag,precision_0,recall_0,f1_0
dataset_nimda_513_1_rrc04.csv,0.6578947368421053,22.0,20.0,0.0,0.0,0.0
dataset_nimda_513_5_rrc04.csv,0.654296875,22.0,20.0,0.0,0.0,0.0
dataset_nimda_559_1_rrc04.csv,0.6578947368421053,22.0,20.0,0.0,0.0,0.0
dataset_nimda_559_5_rrc04.csv,0.654296875,22.0,20.0,0.0,0.0,0.0
dataset_nimda_6893_1_rrc04.csv,0.6580882352941176,22.0,20.0,1.0,0.0002828854314002829,0.0005656108597285067
dataset_nimda_6893_5_rrc04.csv,0.6552734375,22.0,20.0,1.0,0.0014144271570014145,0.0028248587570621473
