,accuracy,epoch,lag,precision_0,recall_0,f1_0
dataset_moscow_blackout_1853_1_rrc05.csv,0.9730555555555556,6.0,20.0,0.0,0.0,0.0
dataset_moscow_blackout_1853_5_rrc05.csv,0.9666666666666667,6.0,20.0,0.15789473684210525,0.08571428571428572,0.11111111111111112
dataset_moscow_blackout_12793_1_rrc05.csv,0.9772222222222222,6.0,20.0,0.5172413793103449,0.6140350877192983,0.5614973262032086
dataset_moscow_blackout_12793_5_rrc05.csv,0.94375,6.0,20.0,0.16176470588235295,0.3142857142857143,0.21359223300970875
