,accuracy,epoch,lag,precision_0,recall_0,f1_0
dataset_slammer_513_1_rrc04.csv,0.7497222222222222,39.0,20.0,0.384297520661157,0.9876106194690265,0.5532969757064947
dataset_slammer_513_5_rrc04.csv,0.9756944444444444,39.0,20.0,0.9098712446351931,0.9380530973451328,0.9237472766884531
dataset_slammer_559_1_rrc04.csv,0.3884722222222222,39.0,20.0,0.20422917043195374,1.0,0.3391865526039322
dataset_slammer_559_5_rrc04.csv,0.5930555555555556,39.0,20.0,0.27722772277227725,0.9911504424778761,0.43326885880077376
dataset_slammer_6893_1_rrc04.csv,0.5963888888888889,39.0,20.0,0.27541729893778455,0.963716814159292,0.428402832415421
dataset_slammer_6893_5_rrc04.csv,0.9652777777777778,39.0,20.0,0.9631578947368421,0.8097345132743363,0.8798076923076924
