,accuracy,epoch,lag,precision_0,recall_0,f1_0
dataset_code-red_513_1_rrc04.csv,0.9582399103139013,19.0,20.0,0.6743119266055045,0.8384030418250951,0.7474576271186439
dataset_code-red_513_5_rrc04.csv,0.89375,19.0,20.0,0.3558282208588957,0.5471698113207547,0.4312267657992565
dataset_code-red_6893_1_rrc04.csv,0.9358183856502242,19.0,20.0,0.8469387755102041,0.15779467680608364,0.26602564102564097
dataset_code-red_6893_5_rrc04.csv,0.9166666666666666,19.0,20.0,0.0625,0.009433962264150943,0.01639344262295082
