,accuracy,epoch,lag,precision_0,recall_0,f1_0
dataset_code-red_513_1_rrc04.csv,0.9187219730941704,63.0,20.0,0.471875,0.8612167300380228,0.6096904441453567
dataset_code-red_513_5_rrc04.csv,0.8020833333333334,63.0,20.0,0.2710997442455243,1.0,0.42655935613682094
dataset_code-red_6893_1_rrc04.csv,0.9656670403587444,63.0,20.0,0.868766404199475,0.629277566539924,0.7298787210584343
dataset_code-red_6893_5_rrc04.csv,0.9576388888888889,63.0,20.0,0.6642335766423357,0.8584905660377359,0.7489711934156379
