,accuracy,epoch,lag,precision_0,recall_0,f1_0
dataset_nimda_513_1_rrc04.csv,0.6578947368421053,24.0,20.0,0.0,0.0,0.0
dataset_nimda_513_5_rrc04.csv,0.654296875,24.0,20.0,0.0,0.0,0.0
dataset_nimda_559_1_rrc04.csv,0.6581849845201239,24.0,20.0,0.75,0.0008486562942008486,0.0016953941791466515
dataset_nimda_559_5_rrc04.csv,0.65478515625,24.0,20.0,0.5,0.0014144271570014145,0.0028208744710860366
dataset_nimda_6893_1_rrc04.csv,0.6581849845201239,24.0,20.0,1.0,0.0005657708628005657,0.0011309018942606728
dataset_nimda_6893_5_rrc04.csv,0.6552734375,24.0,20.0,1.0,0.0014144271570014145,0.0028248587570621473
