,accuracy,epoch,lag,precision_0,recall_0,f1_0
dataset_malaysian-telecom_25091_1_rrc04.csv,0.5519444444444445,12.0,20.0,0.0531883632089333,0.9783783783783784,0.10089186176142698
dataset_malaysian-telecom_25091_5_rrc04.csv,0.8444444444444444,12.0,20.0,0.12749003984063745,0.8648648648648649,0.22222222222222224
