,accuracy,epoch,lag,precision_0,recall_0,f1_0
dataset_slammer_513_1_rrc04.csv,0.85,17.0,20.0,0.5227686703096539,0.5079646017699115,0.5152603231597845
dataset_slammer_513_5_rrc04.csv,0.88125,17.0,20.0,0.7619047619047619,0.35398230088495575,0.4833836858006042
dataset_slammer_559_1_rrc04.csv,0.8673611111111111,17.0,20.0,0.676056338028169,0.2973451327433628,0.41303011677934853
dataset_slammer_559_5_rrc04.csv,0.8979166666666667,17.0,20.0,0.8558558558558559,0.42035398230088494,0.5637982195845697
dataset_slammer_6893_1_rrc04.csv,0.8734722222222222,17.0,20.0,0.7677261613691931,0.2778761061946903,0.4080571799870046
dataset_slammer_6893_5_rrc04.csv,0.8805555555555555,17.0,20.0,0.7872340425531915,0.3274336283185841,0.4625
