,accuracy,epoch,lag,precision_0,recall_0,f1_0
dataset_japan-earthquake_2497_1_rrc06.csv,0.7516666666666667,21.0,20.0,0.1773376324274528,0.9948320413436692,0.30101641907740423
dataset_japan-earthquake_2497_5_rrc06.csv,0.7361111111111112,21.0,20.0,0.16849015317286653,1.0,0.2883895131086142
dataset_japan-earthquake_10026_1_rv-sydney.csv,0.7005555555555556,21.0,20.0,0.14934808376135913,0.9921259842519685,0.2596153846153846
