,accuracy,epoch,lag,precision_0,recall_0,f1_0
dataset_slammer_513_1_rrc04.csv,0.8351388888888889,9.0,20.0,0.45210084033613446,0.23805309734513275,0.3118840579710145
dataset_slammer_513_5_rrc04.csv,0.8493055555555555,9.0,20.0,0.5529411764705883,0.2079646017699115,0.3022508038585209
dataset_slammer_559_1_rrc04.csv,0.8431944444444445,9.0,20.0,0.5013192612137203,0.168141592920354,0.25182239893969516
dataset_slammer_559_5_rrc04.csv,0.8708333333333333,9.0,20.0,0.7439024390243902,0.26991150442477874,0.3961038961038961
dataset_slammer_6893_1_rrc04.csv,0.8419444444444445,9.0,20.0,0.4865771812080537,0.12831858407079647,0.20308123249299723
dataset_slammer_6893_5_rrc04.csv,0.8541666666666666,9.0,20.0,0.5975609756097561,0.2168141592920354,0.3181818181818182
