,accuracy,epoch,lag,precision_0,recall_0,f1_0
dataset_japan-earthquake_2497_1_rrc06.csv,0.9913888888888889,43.0,20.0,0.9052369077306733,0.937984496124031,0.9213197969543148
dataset_japan-earthquake_2497_5_rrc06.csv,0.9541666666666667,43.0,20.0,0.539568345323741,0.974025974025974,0.6944444444444445
dataset_japan-earthquake_10026_1_rv-sydney.csv,0.9863888888888889,43.0,20.0,0.83451536643026,0.926509186351706,0.8781094527363184
