,accuracy,epoch,lag,precision_0,recall_0,f1_0
dataset_moscow_blackout_1853_1_rrc05.csv,0.8256944444444444,68.0,20.0,0.11450924608819346,0.9415204678362573,0.20418516169942932
dataset_moscow_blackout_1853_5_rrc05.csv,0.8597222222222223,68.0,20.0,0.12217194570135746,0.7714285714285715,0.21093749999999997
dataset_moscow_blackout_12793_1_rrc05.csv,0.9930555555555556,68.0,20.0,0.8342541436464088,0.8830409356725146,0.8579545454545455
dataset_moscow_blackout_12793_5_rrc05.csv,0.9631944444444445,68.0,20.0,0.375,0.7714285714285715,0.5046728971962617
