,accuracy,epoch,lag,precision_0,recall_0,f1_0
dataset_code-red_513_1_rrc04.csv,0.8845291479820628,16.0,20.0,0.38449612403100775,0.9429657794676806,0.5462555066079295
dataset_code-red_513_5_rrc04.csv,0.9298611111111111,16.0,20.0,0.5151515151515151,0.8018867924528302,0.6273062730627307
dataset_code-red_6893_1_rrc04.csv,0.9701513452914798,16.0,20.0,0.8631090487238979,0.7072243346007605,0.7774294670846396
dataset_code-red_6893_5_rrc04.csv,0.9472222222222222,16.0,20.0,0.65,0.6132075471698113,0.6310679611650486
