,accuracy,epoch,lag,precision_0,recall_0,f1_0
dataset_as9121_13237_1_rrc05.csv,0.8981944444444444,29.0,20.0,0.09429280397022333,0.9620253164556962,0.17175141242937852
dataset_as9121_13237_5_rrc05.csv,0.9319444444444445,29.0,20.0,0.11320754716981132,0.75,0.19672131147540986
