,accuracy,epoch,lag,precision_0,recall_0,f1_0
dataset_slammer_513_1_rrc04.csv,0.9313888888888889,72.0,20.0,0.9285714285714286,0.6097345132743363,0.7361111111111112
dataset_slammer_513_5_rrc04.csv,0.9520833333333333,72.0,20.0,0.8984771573604061,0.7831858407079646,0.8368794326241135
dataset_slammer_559_1_rrc04.csv,0.6105555555555555,72.0,20.0,0.2869144602851324,0.9973451327433628,0.44563068406484774
dataset_slammer_559_5_rrc04.csv,0.6222222222222222,72.0,20.0,0.2924281984334204,0.9911504424778761,0.4516129032258065
dataset_slammer_6893_1_rrc04.csv,0.9420833333333334,72.0,20.0,0.9374233128834356,0.6761061946902654,0.7856041131105398
dataset_slammer_6893_5_rrc04.csv,0.9541666666666667,72.0,20.0,0.9040404040404041,0.7920353982300885,0.8443396226415094
