,accuracy,epoch,lag,precision_0,recall_0,f1_0
dataset_nimda_513_1_rrc04.csv,0.6578947368421053,85.0,20.0,0.0,0.0,0.0
dataset_nimda_513_5_rrc04.csv,0.658203125,85.0,20.0,0.8888888888888888,0.011315417256011316,0.022346368715083803
dataset_nimda_559_1_rrc04.csv,0.6576044891640866,85.0,20.0,0.0,0.0,0.0
dataset_nimda_559_5_rrc04.csv,0.7890625,85.0,20.0,0.9508196721311475,0.4101838755304102,0.5731225296442688
dataset_nimda_6893_1_rrc04.csv,0.658765479876161,85.0,20.0,0.7,0.0039603960396039604,0.007876230661040788
dataset_nimda_6893_5_rrc04.csv,0.66015625,85.0,20.0,0.9230769230769231,0.016973125884016973,0.03333333333333333
