,accuracy,epoch,lag,precision_0,recall_0,f1_0
dataset_japan-earthquake_2497_1_rrc06.csv,0.8133333333333334,78.0,20.0,0.22357019064124783,1.0,0.3654390934844193
dataset_japan-earthquake_2497_5_rrc06.csv,0.6284722222222222,78.0,20.0,0.12581699346405228,1.0,0.22351233671988388
dataset_japan-earthquake_10026_1_rv-sydney.csv,0.9634722222222222,78.0,20.0,0.5933544303797469,0.984251968503937,0.740375123395854
