,accuracy,epoch,lag,precision_0,recall_0,f1_0
dataset_japan-earthquake_2497_1_rrc06.csv,0.9563888888888888,75.0,20.0,0.5523672883787661,0.9948320413436692,0.7103321033210332
dataset_japan-earthquake_2497_5_rrc06.csv,0.80625,75.0,20.0,0.21629213483146068,1.0,0.35565819861431874
dataset_japan-earthquake_10026_1_rv-sydney.csv,0.9813888888888889,75.0,20.0,0.7465069860279441,0.9816272965879265,0.8480725623582767
