,accuracy,epoch,lag,precision_0,recall_0,f1_0
dataset_moscow_blackout_1853_1_rrc05.csv,0.9168055555555555,72.0,20.0,0.20441988950276244,0.8654970760233918,0.3307262569832402
dataset_moscow_blackout_1853_5_rrc05.csv,0.8763888888888889,72.0,20.0,0.13333333333333333,0.7428571428571429,0.22608695652173913
dataset_moscow_blackout_12793_1_rrc05.csv,0.9925,72.0,20.0,0.8162162162162162,0.8830409356725146,0.848314606741573
dataset_moscow_blackout_12793_5_rrc05.csv,0.9631944444444445,72.0,20.0,0.375,0.7714285714285715,0.5046728971962617
