,accuracy,epoch,lag,precision_0,recall_0,f1_0
dataset_code-red_513_1_rrc04.csv,0.882707399103139,8.0,20.0,0.2923898531375167,0.41634980988593157,0.3435294117647059
dataset_code-red_513_5_rrc04.csv,0.9263888888888889,8.0,20.0,0.5,0.4716981132075472,0.4854368932038835
dataset_code-red_6893_1_rrc04.csv,0.9023262331838565,8.0,20.0,0.29691211401425177,0.2376425855513308,0.2639915522703274
dataset_code-red_6893_5_rrc04.csv,0.9236111111111112,8.0,20.0,0.4642857142857143,0.24528301886792453,0.32098765432098764
