,accuracy,epoch,lag,precision_0,recall_0,f1_0
dataset_malaysian-telecom_25091_1_rrc04.csv,0.026111111111111113,42.0,20.0,0.02570515492566347,1.0,0.050121918179355185
dataset_malaysian-telecom_25091_5_rrc04.csv,0.17847222222222223,42.0,20.0,0.030327868852459017,1.0,0.0588703261734288
