,accuracy,epoch,lag,precision_0,recall_0,f1_0
dataset_aws-leak_15547_1_rrc04.csv,0.9052777777777777,6.0,20.0,0.041979010494752625,0.39436619718309857,0.07588075880758807
dataset_aws-leak_15547_5_rrc04.csv,0.9354166666666667,6.0,20.0,0.0,0.0,0.0
dataset_aws-leak_34781_1_rrc04.csv,0.9669444444444445,6.0,20.0,0.19413919413919414,0.7464788732394366,0.308139534883721
dataset_aws-leak_34781_5_rrc04.csv,0.9631944444444445,6.0,20.0,0.0,0.0,0.0
