,accuracy,epoch,lag,precision_0,recall_0,f1_0
dataset_slammer_513_1_rrc04.csv,0.8325,7.0,20.0,0.41284403669724773,0.1592920353982301,0.22988505747126436
dataset_slammer_513_5_rrc04.csv,0.8451388888888889,7.0,20.0,0.5189873417721519,0.18141592920353983,0.26885245901639343
dataset_slammer_559_1_rrc04.csv,0.8286111111111111,7.0,20.0,0.38073394495412843,0.14690265486725665,0.2120051085568327
dataset_slammer_559_5_rrc04.csv,0.8659722222222223,7.0,20.0,0.72,0.23893805309734514,0.3588039867109635
dataset_slammer_6893_1_rrc04.csv,0.8338888888888889,7.0,20.0,0.36693548387096775,0.08053097345132744,0.1320754716981132
dataset_slammer_6893_5_rrc04.csv,0.8513888888888889,7.0,20.0,0.5769230769230769,0.19911504424778761,0.29605263157894735
