,accuracy,epoch,lag,precision_0,recall_0,f1_0
dataset_malaysian-telecom_25091_1_rrc04.csv,0.028888888888888888,37.0,20.0,0.02577678695833914,1.0,0.05025808204292312
dataset_malaysian-telecom_25091_5_rrc04.csv,0.20972222222222223,37.0,20.0,0.03148936170212766,1.0,0.06105610561056106
