,accuracy,epoch,lag,precision_0,recall_0,f1_0
dataset_japan-earthquake_2497_1_rrc06.csv,0.9477777777777778,12.0,20.0,0.5170278637770898,0.4315245478036176,0.4704225352112676
dataset_japan-earthquake_2497_5_rrc06.csv,0.9513888888888888,12.0,20.0,0.528,0.8571428571428571,0.6534653465346534
dataset_japan-earthquake_10026_1_rv-sydney.csv,0.9536111111111111,12.0,20.0,0.5591939546599496,0.5826771653543307,0.5706940874035988
