,accuracy,epoch,lag,precision_0,recall_0,f1_0
dataset_aws-leak_15547_1_rrc04.csv,0.8069444444444445,14.0,20.0,0.042966042966042964,0.8732394366197183,0.08190224570673713
dataset_aws-leak_15547_5_rrc04.csv,0.8277777777777777,14.0,20.0,0.024489795918367346,0.4,0.04615384615384615
dataset_aws-leak_34781_1_rrc04.csv,0.9876388888888888,14.0,20.0,0.4383561643835616,0.9014084507042254,0.5898617511520736
dataset_aws-leak_34781_5_rrc04.csv,0.96875,14.0,20.0,0.058823529411764705,0.13333333333333333,0.0816326530612245
