,accuracy,epoch,lag,precision_0,recall_0,f1_0
dataset_moscow_blackout_1853_1_rrc05.csv,0.9681944444444445,71.0,20.0,0.40764331210191085,0.7485380116959064,0.5278350515463918
dataset_moscow_blackout_1853_5_rrc05.csv,0.9340277777777778,71.0,20.0,0.23214285714285715,0.7428571428571429,0.35374149659863946
dataset_moscow_blackout_12793_1_rrc05.csv,0.9934722222222222,71.0,20.0,0.8522727272727273,0.8771929824561403,0.8645533141210374
dataset_moscow_blackout_12793_5_rrc05.csv,0.9673611111111111,71.0,20.0,0.4,0.6857142857142857,0.5052631578947367
