,accuracy,epoch,lag,precision_0,recall_0,f1_0
dataset_slammer_513_1_rrc04.csv,0.8211111111111111,8.0,20.0,0.3941018766756032,0.26017699115044246,0.31343283582089554
dataset_slammer_513_5_rrc04.csv,0.8472222222222222,8.0,20.0,0.5340909090909091,0.2079646017699115,0.29936305732484075
dataset_slammer_559_1_rrc04.csv,0.8302777777777778,8.0,20.0,0.4029535864978903,0.16902654867256636,0.23815461346633415
dataset_slammer_559_5_rrc04.csv,0.8694444444444445,8.0,20.0,0.7317073170731707,0.26548672566371684,0.3896103896103897
dataset_slammer_6893_1_rrc04.csv,0.8343055555555555,8.0,20.0,0.4190231362467866,0.14424778761061946,0.21461487820934824
dataset_slammer_6893_5_rrc04.csv,0.8569444444444444,8.0,20.0,0.6162790697674418,0.2345132743362832,0.33974358974358976
