,accuracy,epoch,lag,precision_0,recall_0,f1_0
dataset_aws-leak_15547_1_rrc04.csv,0.31222222222222223,62.0,20.0,0.014134979096157674,1.0,0.027875932469572047
dataset_aws-leak_15547_5_rrc04.csv,0.02361111111111111,62.0,20.0,0.01055594651653765,1.0,0.020891364902506964
dataset_aws-leak_34781_1_rrc04.csv,0.9816666666666667,62.0,20.0,0.34673366834170855,0.971830985915493,0.5111111111111111
dataset_aws-leak_34781_5_rrc04.csv,0.9645833333333333,62.0,20.0,0.21875,0.9333333333333333,0.35443037974683544
