,accuracy,epoch,lag,precision_0,recall_0,f1_0
dataset_code-red_513_1_rrc04.csv,0.24327354260089687,52.0,20.0,0.08876139048261897,1.0,0.16305021698698077
dataset_code-red_513_5_rrc04.csv,0.41944444444444445,52.0,20.0,0.11252653927813164,1.0,0.20229007633587787
dataset_code-red_6893_1_rrc04.csv,0.6448991031390134,52.0,20.0,0.17168083714846305,0.9980988593155894,0.29296875
dataset_code-red_6893_5_rrc04.csv,0.7145833333333333,52.0,20.0,0.20502901353965183,1.0,0.3402889245585875
