,accuracy,epoch,lag,precision_0,recall_0,f1_0
dataset_code-red_513_1_rrc04.csv,0.781670403587444,84.0,20.0,0.2523992322456814,1.0,0.40306513409961686
dataset_code-red_513_5_rrc04.csv,0.5875,84.0,20.0,0.15142857142857144,1.0,0.2630272952853598
dataset_code-red_6893_1_rrc04.csv,0.9701513452914798,84.0,20.0,0.7360482654600302,0.9277566539923955,0.8208578637510513
dataset_code-red_6893_5_rrc04.csv,0.9354166666666667,84.0,20.0,0.5326633165829145,1.0,0.6950819672131148
