,accuracy,epoch,lag,precision_0,recall_0,f1_0
dataset_aws-leak_15547_1_rrc04.csv,0.14208333333333334,96.0,20.0,0.011363636363636364,1.0,0.02247191011235955
dataset_aws-leak_15547_5_rrc04.csv,0.018055555555555554,96.0,20.0,0.010496850944716585,1.0,0.02077562326869806
dataset_aws-leak_34781_1_rrc04.csv,0.9768055555555556,96.0,20.0,0.2948717948717949,0.971830985915493,0.45245901639344266
dataset_aws-leak_34781_5_rrc04.csv,0.9527777777777777,96.0,20.0,0.18072289156626506,1.0,0.30612244897959184
