,accuracy,epoch,lag,precision_0,recall_0,f1_0
dataset_code-red_513_1_rrc04.csv,0.4474495515695067,36.0,20.0,0.11769970910718282,1.0,0.21061061061061062
dataset_code-red_513_5_rrc04.csv,0.5208333333333334,36.0,20.0,0.13316582914572864,1.0,0.2350332594235033
dataset_code-red_6893_1_rrc04.csv,0.8258127802690582,36.0,20.0,0.292894280762565,0.9638783269961977,0.4492689410722198
dataset_code-red_6893_5_rrc04.csv,0.84375,36.0,20.0,0.3191489361702128,0.9905660377358491,0.4827586206896552
