,accuracy,epoch,lag,precision_0,recall_0,f1_0
dataset_code-red_513_1_rrc04.csv,0.43385650224215244,53.0,20.0,0.11519929916776171,1.0,0.206598586017282
dataset_code-red_513_5_rrc04.csv,0.56875,53.0,20.0,0.14580467675378267,1.0,0.2545018007202881
dataset_code-red_6893_1_rrc04.csv,0.8096973094170403,53.0,20.0,0.27754010695187165,0.9866920152091255,0.4332220367278798
dataset_code-red_6893_5_rrc04.csv,0.8027777777777778,53.0,20.0,0.2717948717948718,1.0,0.4274193548387097
