,accuracy,epoch,lag,precision_0,recall_0,f1_0
dataset_as9121_13237_1_rrc05.csv,0.95125,90.0,20.0,0.1807511737089202,0.9746835443037974,0.30495049504950494
dataset_as9121_13237_5_rrc05.csv,0.9048611111111111,90.0,20.0,0.08843537414965986,0.8125,0.15950920245398773
