,accuracy,epoch,lag,precision_0,recall_0,f1_0
dataset_japan-earthquake_2497_1_rrc06.csv,0.9883333333333333,84.0,20.0,0.8404494382022472,0.9664082687338501,0.8990384615384616
dataset_japan-earthquake_2497_5_rrc06.csv,0.9305555555555556,84.0,20.0,0.4350282485875706,1.0,0.6062992125984252
dataset_japan-earthquake_10026_1_rv-sydney.csv,0.98625,84.0,20.0,0.8119469026548672,0.963254593175853,0.8811524609843937
