,accuracy,epoch,lag,precision_0,recall_0,f1_0
dataset_malaysian-telecom_25091_1_rrc04.csv,0.02638888888888889,55.0,20.0,0.02571230020847811,1.0,0.05013550135501355
dataset_malaysian-telecom_25091_5_rrc04.csv,0.10972222222222222,55.0,20.0,0.028051554207733132,1.0,0.054572271386430685
