,accuracy,epoch,lag,precision_0,recall_0,f1_0
dataset_slammer_513_1_rrc04.csv,0.9302777777777778,73.0,20.0,0.9325068870523416,0.5991150442477876,0.7295258620689654
dataset_slammer_513_5_rrc04.csv,0.9520833333333333,73.0,20.0,0.8984771573604061,0.7831858407079646,0.8368794326241135
dataset_slammer_559_1_rrc04.csv,0.6402777777777777,73.0,20.0,0.3034464189553043,0.9973451327433628,0.4653179190751445
dataset_slammer_559_5_rrc04.csv,0.6340277777777777,73.0,20.0,0.29906542056074764,0.9911504424778761,0.45948717948717943
dataset_slammer_6893_1_rrc04.csv,0.9416666666666667,73.0,20.0,0.9493670886075949,0.6637168141592921,0.78125
dataset_slammer_6893_5_rrc04.csv,0.9541666666666667,73.0,20.0,0.9081632653061225,0.7876106194690266,0.8436018957345971
