,accuracy,epoch,lag,precision_0,recall_0,f1_0
dataset_malaysian-telecom_25091_1_rrc04.csv,0.8008333333333333,3.0,20.0,0.10197578075207138,0.8648648648648649,0.18244013683010263
dataset_malaysian-telecom_25091_5_rrc04.csv,0.9152777777777777,3.0,20.0,0.15447154471544716,0.5135135135135135,0.23750000000000002
