,accuracy,epoch,lag,precision_0,recall_0,f1_0
dataset_japan-earthquake_2497_1_rrc06.csv,0.9870833333333333,74.0,20.0,0.8223684210526315,0.9689922480620154,0.8896797153024911
dataset_japan-earthquake_2497_5_rrc06.csv,0.9270833333333334,74.0,20.0,0.4230769230769231,1.0,0.5945945945945945
dataset_japan-earthquake_10026_1_rv-sydney.csv,0.9861111111111112,74.0,20.0,0.8087912087912088,0.9658792650918635,0.8803827751196172
