,accuracy,epoch,lag,precision_0,recall_0,f1_0
dataset_malaysian-telecom_25091_1_rrc04.csv,0.026111111111111113,76.0,20.0,0.02570515492566347,1.0,0.050121918179355185
dataset_malaysian-telecom_25091_5_rrc04.csv,0.12361111111111112,76.0,20.0,0.02848344880677444,1.0,0.05538922155688623
