,accuracy,epoch,lag,precision_0,recall_0,f1_0
dataset_nimda_513_1_rrc04.csv,0.6623452012383901,8.0,20.0,0.7027027027027027,0.022065063649222064,0.042786615469007125
dataset_nimda_513_5_rrc04.csv,0.6552734375,8.0,20.0,0.5135135135135135,0.026874115983026876,0.0510752688172043
dataset_nimda_559_1_rrc04.csv,0.6341911764705882,8.0,20.0,0.37797619047619047,0.10777934936350778,0.16773057451023554
dataset_nimda_559_5_rrc04.csv,0.65234375,8.0,20.0,0.4647887323943662,0.04667609618104668,0.08483290488431877
dataset_nimda_6893_1_rrc04.csv,0.6569272445820433,8.0,20.0,0.2962962962962963,0.002263083451202263,0.004491858506457047
dataset_nimda_6893_5_rrc04.csv,0.6484375,8.0,20.0,0.11764705882352941,0.002828854314002829,0.005524861878453039
