,accuracy,epoch,lag,precision_0,recall_0,f1_0
dataset_code-red_513_1_rrc04.csv,0.24579596412556054,65.0,20.0,0.0890318212593094,1.0,0.16350637239664284
dataset_code-red_513_5_rrc04.csv,0.4236111111111111,65.0,20.0,0.11324786324786325,1.0,0.20345489443378117
dataset_code-red_6893_1_rrc04.csv,0.5560538116591929,65.0,20.0,0.14025054466230938,0.9790874524714829,0.24535493091948551
dataset_code-red_6893_5_rrc04.csv,0.675,65.0,20.0,0.18466898954703834,1.0,0.31176470588235294
