,accuracy,epoch,lag,precision_0,recall_0,f1_0
dataset_moscow_blackout_1853_1_rrc05.csv,0.9605555555555556,22.0,20.0,0.3524804177545692,0.7894736842105263,0.48736462093862815
dataset_moscow_blackout_1853_5_rrc05.csv,0.9472222222222222,22.0,20.0,0.25301204819277107,0.6,0.35593220338983056
dataset_moscow_blackout_12793_1_rrc05.csv,0.9826388888888888,22.0,20.0,0.5942622950819673,0.847953216374269,0.6987951807228917
dataset_moscow_blackout_12793_5_rrc05.csv,0.9368055555555556,22.0,20.0,0.22549019607843138,0.6571428571428571,0.33576642335766427
