,accuracy,epoch,lag,precision_0,recall_0,f1_0
dataset_as9121_13237_1_rrc05.csv,0.6047222222222223,64.0,20.0,0.027008547008547008,1.0,0.05259653794940079
dataset_as9121_13237_5_rrc05.csv,0.875,64.0,20.0,0.07731958762886598,0.9375,0.14285714285714288
