,accuracy,epoch,lag,precision_0,recall_0,f1_0
dataset_as9121_13237_1_rrc05.csv,0.9591666666666666,30.0,20.0,0.20385674931129477,0.9367088607594937,0.33484162895927605
dataset_as9121_13237_5_rrc05.csv,0.95,30.0,20.0,0.15,0.75,0.24999999999999997
