,accuracy,epoch,lag,precision_0,recall_0,f1_0
dataset_slammer_513_1_rrc04.csv,0.8772222222222222,71.0,20.0,0.5734767025089605,0.8495575221238938,0.6847360912981454
dataset_slammer_513_5_rrc04.csv,0.9701388888888889,71.0,20.0,0.8796680497925311,0.9380530973451328,0.9079229122055674
dataset_slammer_559_1_rrc04.csv,0.27194444444444443,71.0,20.0,0.177338355304457,1.0,0.30125299920021326
dataset_slammer_559_5_rrc04.csv,0.49930555555555556,71.0,20.0,0.23809523809523808,0.995575221238938,0.3842869342442357
dataset_slammer_6893_1_rrc04.csv,0.6852777777777778,71.0,20.0,0.32447466007416564,0.9292035398230089,0.4809894640403115
dataset_slammer_6893_5_rrc04.csv,0.9388888888888889,71.0,20.0,0.7923728813559322,0.827433628318584,0.8095238095238095
