,accuracy,epoch,lag,precision_0,recall_0,f1_0
dataset_moscow_blackout_1853_1_rrc05.csv,0.9720833333333333,35.0,20.0,0.45161290322580644,0.8187134502923976,0.5821205821205822
dataset_moscow_blackout_1853_5_rrc05.csv,0.9458333333333333,35.0,20.0,0.25842696629213485,0.6571428571428571,0.3709677419354839
dataset_moscow_blackout_12793_1_rrc05.csv,0.9901388888888889,35.0,20.0,0.7551020408163265,0.8654970760233918,0.8065395095367847
dataset_moscow_blackout_12793_5_rrc05.csv,0.95625,35.0,20.0,0.32051282051282054,0.7142857142857143,0.4424778761061947
