,accuracy,epoch,lag,precision_0,recall_0,f1_0
dataset_malaysian-telecom_25091_1_rrc04.csv,0.02736111111111111,18.0,20.0,0.02573734001112966,1.0,0.05018310050183101
dataset_malaysian-telecom_25091_5_rrc04.csv,0.3819444444444444,18.0,20.0,0.039913700107874865,1.0,0.07676348547717843
