,accuracy,epoch,lag,precision_0,recall_0,f1_0
dataset_moscow_blackout_1853_1_rrc05.csv,0.9506944444444444,80.0,20.0,0.2927927927927928,0.7602339181286549,0.42276422764227645
dataset_moscow_blackout_1853_5_rrc05.csv,0.8972222222222223,80.0,20.0,0.15757575757575756,0.7428571428571429,0.25999999999999995
dataset_moscow_blackout_12793_1_rrc05.csv,0.9930555555555556,80.0,20.0,0.8379888268156425,0.8771929824561403,0.8571428571428571
dataset_moscow_blackout_12793_5_rrc05.csv,0.9659722222222222,80.0,20.0,0.390625,0.7142857142857143,0.505050505050505
