,accuracy,epoch,lag,precision_0,recall_0,f1_0
dataset_aws-leak_15547_1_rrc04.csv,0.9245833333333333,25.0,20.0,0.11056105610561057,0.9436619718309859,0.19793205317577547
dataset_aws-leak_15547_5_rrc04.csv,0.5840277777777778,25.0,20.0,0.02287581699346405,0.9333333333333333,0.04465709728867623
dataset_aws-leak_34781_1_rrc04.csv,0.9840277777777777,25.0,20.0,0.375,0.9295774647887324,0.534412955465587
dataset_aws-leak_34781_5_rrc04.csv,0.9708333333333333,25.0,20.0,0.2127659574468085,0.6666666666666666,0.3225806451612903
