,accuracy,epoch,lag,precision_0,recall_0,f1_0
dataset_aws-leak_15547_1_rrc04.csv,0.20805555555555555,87.0,20.0,0.012298631560713667,1.0,0.0242984257357974
dataset_aws-leak_15547_5_rrc04.csv,0.019444444444444445,87.0,20.0,0.01051156271899089,1.0,0.020804438280166433
dataset_aws-leak_34781_1_rrc04.csv,0.9831944444444445,87.0,20.0,0.3670212765957447,0.971830985915493,0.5328185328185328
dataset_aws-leak_34781_5_rrc04.csv,0.9638888888888889,87.0,20.0,0.2153846153846154,0.9333333333333333,0.3500000000000001
