,accuracy,epoch,lag,precision_0,recall_0,f1_0
dataset_aws-leak_15547_1_rrc04.csv,0.8876388888888889,30.0,20.0,0.0768348623853211,0.9436619718309859,0.1420996818663839
dataset_aws-leak_15547_5_rrc04.csv,0.3472222222222222,30.0,20.0,0.015706806282722512,1.0,0.03092783505154639
dataset_aws-leak_34781_1_rrc04.csv,0.98625,30.0,20.0,0.41358024691358025,0.9436619718309859,0.5751072961373391
dataset_aws-leak_34781_5_rrc04.csv,0.9694444444444444,30.0,20.0,0.20408163265306123,0.6666666666666666,0.3125
