,accuracy,epoch,lag,precision_0,recall_0,f1_0
dataset_code-red_513_1_rrc04.csv,0.4241872197309417,34.0,20.0,0.10443806579818944,0.8992395437262357,0.1871414441147379
dataset_code-red_513_5_rrc04.csv,0.6833333333333333,34.0,20.0,0.1568627450980392,0.7547169811320755,0.2597402597402597
dataset_code-red_6893_1_rrc04.csv,0.9244674887892377,34.0,20.0,0.24,0.011406844106463879,0.02177858439201452
dataset_code-red_6893_5_rrc04.csv,0.90625,34.0,20.0,0.34408602150537637,0.3018867924528302,0.321608040201005
