,accuracy,epoch,lag,precision_0,recall_0,f1_0
dataset_nimda_513_1_rrc04.csv,0.6578947368421053,37.0,20.0,0.0,0.0,0.0
dataset_nimda_513_5_rrc04.csv,0.6552734375,37.0,20.0,0.6666666666666666,0.002828854314002829,0.005633802816901409
dataset_nimda_559_1_rrc04.csv,0.6580882352941176,37.0,20.0,0.6666666666666666,0.0005657708628005657,0.0011305822498586774
dataset_nimda_559_5_rrc04.csv,0.72900390625,37.0,20.0,0.9935064935064936,0.2164073550212164,0.3554006968641115
dataset_nimda_6893_1_rrc04.csv,0.6583784829721362,37.0,20.0,0.8333333333333334,0.0014144271570014145,0.0028240609997175936
dataset_nimda_6893_5_rrc04.csv,0.6552734375,37.0,20.0,1.0,0.0014144271570014145,0.0028248587570621473
