,accuracy,epoch,lag,precision_0,recall_0,f1_0
dataset_code-red_513_1_rrc04.csv,0.8752802690582959,59.0,20.0,0.37,0.9847908745247148,0.5379023883696781
dataset_code-red_513_5_rrc04.csv,0.7791666666666667,59.0,20.0,0.25,1.0,0.4
dataset_code-red_6893_1_rrc04.csv,0.9728139013452914,59.0,20.0,0.8007246376811594,0.8403041825095057,0.8200371057513914
dataset_code-red_6893_5_rrc04.csv,0.9597222222222223,59.0,20.0,0.6690140845070423,0.8962264150943396,0.7661290322580646
