,accuracy,epoch,lag,precision_0,recall_0,f1_0
dataset_code-red_513_1_rrc04.csv,0.9285313901345291,44.0,20.0,0.5096385542168674,0.8041825095057035,0.6238938053097346
dataset_code-red_513_5_rrc04.csv,0.8333333333333334,44.0,20.0,0.2838709677419355,0.8301886792452831,0.4230769230769231
dataset_code-red_6893_1_rrc04.csv,0.9482903587443946,44.0,20.0,0.8720379146919431,0.34980988593155893,0.4993215739484396
dataset_code-red_6893_5_rrc04.csv,0.9416666666666667,44.0,20.0,0.61,0.5754716981132075,0.5922330097087378
