,accuracy,epoch,lag,precision_0,recall_0,f1_0
dataset_nimda_513_1_rrc04.csv,0.6621517027863777,5.0,20.0,0.6242774566473989,0.030551626591230552,0.05825242718446602
dataset_nimda_513_5_rrc04.csv,0.65478515625,5.0,20.0,0.5,0.031117397454031116,0.05858854860186418
dataset_nimda_559_1_rrc04.csv,0.6211300309597523,5.0,20.0,0.3587842846553002,0.1369165487977369,0.19819819819819817
dataset_nimda_559_5_rrc04.csv,0.64892578125,5.0,20.0,0.4268292682926829,0.04950495049504951,0.08871989860583017
dataset_nimda_6893_1_rrc04.csv,0.656733746130031,5.0,20.0,0.32432432432432434,0.0033946251768033945,0.006718924972004479
dataset_nimda_6893_5_rrc04.csv,0.64794921875,5.0,20.0,0.18181818181818182,0.005657708628005658,0.010973936899862825
