,accuracy,epoch,lag,precision_0,recall_0,f1_0
dataset_slammer_513_1_rrc04.csv,0.4415277777777778,21.0,20.0,0.2180612443924322,0.9893805309734514,0.3573597570720793
dataset_slammer_513_5_rrc04.csv,0.9368055555555556,21.0,20.0,0.8534031413612565,0.7212389380530974,0.7817745803357314
dataset_slammer_559_1_rrc04.csv,0.7536111111111111,21.0,20.0,0.34995340167753963,0.6646017699115044,0.4584859584859586
dataset_slammer_559_5_rrc04.csv,0.9229166666666667,21.0,20.0,0.757847533632287,0.7477876106194691,0.7527839643652561
dataset_slammer_6893_1_rrc04.csv,0.6622222222222223,21.0,20.0,0.2855731225296443,0.7672566371681416,0.41622659625540087
dataset_slammer_6893_5_rrc04.csv,0.9222222222222223,21.0,20.0,0.875,0.588495575221239,0.7037037037037037
