,accuracy,epoch,lag,precision_0,recall_0,f1_0
dataset_japan-earthquake_2497_1_rrc06.csv,0.8247222222222222,65.0,20.0,0.2346876895087932,1.0,0.38015717092337914
dataset_japan-earthquake_2497_5_rrc06.csv,0.6423611111111112,65.0,20.0,0.13006756756756757,1.0,0.23019431988041855
dataset_japan-earthquake_10026_1_rv-sydney.csv,0.9559722222222222,65.0,20.0,0.5465116279069767,0.9868766404199475,0.7034611786716557
