,accuracy,epoch,lag,precision_0,recall_0,f1_0
dataset_malaysian-telecom_25091_1_rrc04.csv,0.027777777777777776,92.0,20.0,0.025748086290883786,1.0,0.05020352781546811
dataset_malaysian-telecom_25091_5_rrc04.csv,0.21319444444444444,92.0,20.0,0.03162393162393162,1.0,0.06130903065451533
