,accuracy,epoch,lag,precision_0,recall_0,f1_0
dataset_code-red_513_1_rrc04.csv,0.9372197309417041,47.0,20.0,0.5505181347150259,0.8079847908745247,0.654853620955316
dataset_code-red_513_5_rrc04.csv,0.8465277777777778,47.0,20.0,0.3050847457627119,0.8490566037735849,0.4488778054862843
dataset_code-red_6893_1_rrc04.csv,0.9506726457399103,47.0,20.0,0.8883928571428571,0.37832699619771865,0.5306666666666667
dataset_code-red_6893_5_rrc04.csv,0.9479166666666666,47.0,20.0,0.6476190476190476,0.6415094339622641,0.6445497630331753
