,accuracy,epoch,lag,precision_0,recall_0,f1_0
dataset_aws-leak_15547_1_rrc04.csv,0.155,82.0,20.0,0.011535337124289195,1.0,0.022807581111468037
dataset_aws-leak_15547_5_rrc04.csv,0.017361111111111112,82.0,20.0,0.01048951048951049,1.0,0.020761245674740487
dataset_aws-leak_34781_1_rrc04.csv,0.9743055555555555,82.0,20.0,0.2755905511811024,0.9859154929577465,0.4307692307692308
dataset_aws-leak_34781_5_rrc04.csv,0.9534722222222223,82.0,20.0,0.175,0.9333333333333333,0.29473684210526313
