,accuracy,epoch,lag,precision_0,recall_0,f1_0
dataset_nimda_513_1_rrc04.csv,0.6578947368421053,72.0,20.0,0.0,0.0,0.0
dataset_nimda_513_5_rrc04.csv,0.65771484375,72.0,20.0,0.875,0.009900990099009901,0.019580419580419582
dataset_nimda_559_1_rrc04.csv,0.6582817337461301,72.0,20.0,0.7142857142857143,0.0014144271570014145,0.00282326369282891
dataset_nimda_559_5_rrc04.csv,0.802734375,72.0,20.0,0.9577039274924471,0.44837340876944837,0.6107899807321773
dataset_nimda_6893_1_rrc04.csv,0.6588622291021672,72.0,20.0,0.7368421052631579,0.0039603960396039604,0.007878446820483963
dataset_nimda_6893_5_rrc04.csv,0.65869140625,72.0,20.0,0.9,0.01272984441301273,0.02510460251046025
