,accuracy,epoch,lag,precision_0,recall_0,f1_0
dataset_nimda_513_1_rrc04.csv,0.6583784829721362,54.0,20.0,0.8333333333333334,0.0014144271570014145,0.0028240609997175936
dataset_nimda_513_5_rrc04.csv,0.6591796875,54.0,20.0,0.9090909090909091,0.014144271570014143,0.027855153203342614
dataset_nimda_559_1_rrc04.csv,0.7089783281733746,54.0,20.0,0.9962335216572504,0.14964639321074966,0.2602065912444663
dataset_nimda_559_5_rrc04.csv,0.869140625,54.0,20.0,0.8290854572713643,0.7821782178217822,0.8049490538573508
dataset_nimda_6893_1_rrc04.csv,0.6593459752321982,54.0,20.0,0.85,0.004809052333804809,0.009563994374120957
dataset_nimda_6893_5_rrc04.csv,0.6591796875,54.0,20.0,0.9090909090909091,0.014144271570014143,0.027855153203342614
