,accuracy,epoch,lag,precision_0,recall_0,f1_0
dataset_as9121_13237_1_rrc05.csv,0.9084722222222222,91.0,20.0,0.10490463215258855,0.9746835443037974,0.18942189421894218
dataset_as9121_13237_5_rrc05.csv,0.8923611111111112,91.0,20.0,0.08383233532934131,0.875,0.15300546448087432
