,accuracy,epoch,lag,precision_0,recall_0,f1_0
dataset_as9121_13237_1_rrc05.csv,0.6311111111111111,21.0,20.0,0.028884826325411336,1.0,0.056147832267235256
dataset_as9121_13237_5_rrc05.csv,0.9069444444444444,21.0,20.0,0.08450704225352113,0.75,0.1518987341772152
