,accuracy,epoch,lag,precision_0,recall_0,f1_0
dataset_code-red_513_1_rrc04.csv,0.9324551569506726,27.0,20.0,0.5326409495548962,0.6825095057034221,0.5983333333333334
dataset_code-red_513_5_rrc04.csv,0.8451388888888889,27.0,20.0,0.27413127413127414,0.6698113207547169,0.38904109589041097
dataset_code-red_6893_1_rrc04.csv,0.9250280269058296,27.0,20.0,0.0,0.0,0.0
dataset_code-red_6893_5_rrc04.csv,0.9208333333333333,27.0,20.0,0.1,0.009433962264150943,0.017241379310344827
