,accuracy,epoch,lag,precision_0,recall_0,f1_0
dataset_aws-leak_15547_1_rrc04.csv,0.5394444444444444,92.0,20.0,0.020962503690581637,1.0,0.0410641989589358
dataset_aws-leak_15547_5_rrc04.csv,0.02638888888888889,92.0,20.0,0.01058574453069866,1.0,0.02094972067039106
dataset_aws-leak_34781_1_rrc04.csv,0.9858333333333333,92.0,20.0,0.40828402366863903,0.971830985915493,0.575
dataset_aws-leak_34781_5_rrc04.csv,0.9659722222222222,92.0,20.0,0.22580645161290322,0.9333333333333333,0.36363636363636365
