,accuracy,epoch,lag,precision_0,recall_0,f1_0
dataset_as9121_13237_1_rrc05.csv,0.9625,36.0,20.0,0.2182890855457227,0.9367088607594937,0.354066985645933
dataset_as9121_13237_5_rrc05.csv,0.9416666666666667,36.0,20.0,0.13043478260869565,0.75,0.22222222222222218
