,accuracy,epoch,lag,precision_0,recall_0,f1_0
dataset_slammer_513_1_rrc04.csv,0.9240277777777778,98.0,20.0,0.7132406730065838,0.8628318584070797,0.7809371245494594
dataset_slammer_513_5_rrc04.csv,0.9645833333333333,98.0,20.0,0.8378378378378378,0.9601769911504425,0.8948453608247423
dataset_slammer_559_1_rrc04.csv,0.1897222222222222,98.0,20.0,0.16226306720275704,1.0,0.27921917469730667
dataset_slammer_559_5_rrc04.csv,0.4534722222222222,98.0,20.0,0.22309970384995065,1.0,0.3648103309120258
dataset_slammer_6893_1_rrc04.csv,0.66125,98.0,20.0,0.3125179031796047,0.9654867256637168,0.4721921661977927
dataset_slammer_6893_5_rrc04.csv,0.9368055555555556,98.0,20.0,0.7732793522267206,0.8451327433628318,0.8076109936575053
