,accuracy,epoch,lag,precision_0,recall_0,f1_0
dataset_moscow_blackout_1853_1_rrc05.csv,0.8658333333333333,86.0,20.0,0.14156898106402163,0.9181286549707602,0.24531250000000002
dataset_moscow_blackout_1853_5_rrc05.csv,0.85,86.0,20.0,0.1148936170212766,0.7714285714285715,0.2
dataset_moscow_blackout_12793_1_rrc05.csv,0.9929166666666667,86.0,20.0,0.8296703296703297,0.8830409356725146,0.8555240793201134
dataset_moscow_blackout_12793_5_rrc05.csv,0.9645833333333333,86.0,20.0,0.38571428571428573,0.7714285714285715,0.5142857142857142
