,accuracy,epoch,lag,precision_0,recall_0,f1_0
dataset_nimda_513_1_rrc04.csv,0.6578947368421053,36.0,20.0,0.0,0.0,0.0
dataset_nimda_513_5_rrc04.csv,0.65478515625,36.0,20.0,0.5,0.0014144271570014145,0.0028208744710860366
dataset_nimda_559_1_rrc04.csv,0.6578947368421053,36.0,20.0,0.0,0.0,0.0
dataset_nimda_559_5_rrc04.csv,0.7392578125,36.0,20.0,0.9942857142857143,0.24611032531824611,0.3945578231292517
dataset_nimda_6893_1_rrc04.csv,0.6583784829721362,36.0,20.0,0.8333333333333334,0.0014144271570014145,0.0028240609997175936
dataset_nimda_6893_5_rrc04.csv,0.6552734375,36.0,20.0,1.0,0.0014144271570014145,0.0028248587570621473
