,accuracy,epoch,lag,precision_0,recall_0,f1_0
dataset_nimda_513_1_rrc04.csv,0.6604102167182663,13.0,20.0,0.6984126984126984,0.012446958981612447,0.024458032240133407
dataset_nimda_513_5_rrc04.csv,0.65869140625,13.0,20.0,0.6333333333333333,0.026874115983026876,0.051560379918588875
dataset_nimda_559_1_rrc04.csv,0.6480263157894737,13.0,20.0,0.42040185471406494,0.07694483734087694,0.13008130081300814
dataset_nimda_559_5_rrc04.csv,0.6650390625,13.0,20.0,0.6363636363636364,0.06930693069306931,0.12500000000000003
dataset_nimda_6893_1_rrc04.csv,0.6572174922600619,13.0,20.0,0.3,0.0016973125884016972,0.003375527426160337
dataset_nimda_6893_5_rrc04.csv,0.6513671875,13.0,20.0,0.18181818181818182,0.002828854314002829,0.005571030640668524
