,accuracy,epoch,lag,precision_0,recall_0,f1_0
dataset_moscow_blackout_1853_1_rrc05.csv,0.9630555555555556,65.0,20.0,0.36768802228412256,0.7719298245614035,0.4981132075471698
dataset_moscow_blackout_1853_5_rrc05.csv,0.9243055555555556,65.0,20.0,0.20634920634920634,0.7428571428571429,0.32298136645962733
dataset_moscow_blackout_12793_1_rrc05.csv,0.9933333333333333,65.0,20.0,0.847457627118644,0.8771929824561403,0.8620689655172413
dataset_moscow_blackout_12793_5_rrc05.csv,0.9666666666666667,65.0,20.0,0.4,0.7428571428571429,0.52
