,accuracy,epoch,lag,precision_0,recall_0,f1_0
dataset_moscow_blackout_1853_1_rrc05.csv,0.6165277777777778,98.0,20.0,0.053756030323914544,0.9122807017543859,0.10152945004881224
dataset_moscow_blackout_1853_5_rrc05.csv,0.7819444444444444,98.0,20.0,0.08108108108108109,0.7714285714285715,0.14673913043478262
dataset_moscow_blackout_12793_1_rrc05.csv,0.9915277777777778,98.0,20.0,0.7864583333333334,0.8830409356725146,0.831955922865014
dataset_moscow_blackout_12793_5_rrc05.csv,0.9638888888888889,98.0,20.0,0.37681159420289856,0.7428571428571429,0.5000000000000001
