,accuracy,epoch,lag,precision_0,recall_0,f1_0
dataset_nimda_513_1_rrc04.csv,0.6579914860681114,86.0,20.0,0.5,0.0002828854314002829,0.0005654509471303364
dataset_nimda_513_5_rrc04.csv,0.65966796875,86.0,20.0,0.9166666666666666,0.015558698727015558,0.030598052851182195
dataset_nimda_559_1_rrc04.csv,0.6622484520123839,86.0,20.0,0.9074074074074074,0.013861386138613862,0.027305656171635554
dataset_nimda_559_5_rrc04.csv,0.80908203125,86.0,20.0,0.9413407821229051,0.4766619519094767,0.6328638497652582
dataset_nimda_6893_1_rrc04.csv,0.6588622291021672,86.0,20.0,0.7142857142857143,0.004243281471004243,0.00843644544431946
dataset_nimda_6893_5_rrc04.csv,0.66064453125,86.0,20.0,0.9285714285714286,0.018387553041018388,0.03606102635228849
