,accuracy,epoch,lag,precision_0,recall_0,f1_0
dataset_aws-leak_15547_1_rrc04.csv,0.06972222222222223,78.0,20.0,0.010488993942975328,1.0,0.020760233918128656
dataset_aws-leak_15547_5_rrc04.csv,0.016666666666666666,78.0,20.0,0.010482180293501049,1.0,0.02074688796680498
dataset_aws-leak_34781_1_rrc04.csv,0.9726388888888889,78.0,20.0,0.2631578947368421,0.9859154929577465,0.41543026706231456
dataset_aws-leak_34781_5_rrc04.csv,0.95625,78.0,20.0,0.19230769230769232,1.0,0.32258064516129037
