,accuracy,epoch,lag,precision_0,recall_0,f1_0
dataset_aws-leak_15547_1_rrc04.csv,0.4777777777777778,24.0,20.0,0.018533020099190813,1.0,0.03639159405433111
dataset_aws-leak_15547_5_rrc04.csv,0.13125,24.0,20.0,0.011848341232227487,1.0,0.023419203747072598
dataset_aws-leak_34781_1_rrc04.csv,0.9797222222222223,24.0,20.0,0.32057416267942584,0.9436619718309859,0.47857142857142865
dataset_aws-leak_34781_5_rrc04.csv,0.9680555555555556,24.0,20.0,0.19607843137254902,0.6666666666666666,0.303030303030303
