,accuracy,epoch,lag,precision_0,recall_0,f1_0
dataset_nimda_513_1_rrc04.csv,0.6579914860681114,51.0,20.0,0.5,0.0002828854314002829,0.0005654509471303364
dataset_nimda_513_5_rrc04.csv,0.65625,51.0,20.0,0.8,0.005657708628005658,0.011235955056179777
dataset_nimda_559_1_rrc04.csv,0.662828947368421,51.0,20.0,0.9629629629629629,0.01471004243281471,0.02897743103928671
dataset_nimda_559_5_rrc04.csv,0.79150390625,51.0,20.0,0.9895104895104895,0.4002828854314003,0.5699899295065458
dataset_nimda_6893_1_rrc04.csv,0.6589589783281734,51.0,20.0,0.8571428571428571,0.0033946251768033945,0.006762468300929839
dataset_nimda_6893_5_rrc04.csv,0.65576171875,51.0,20.0,0.75,0.004243281471004243,0.008438818565400843
