,accuracy,epoch,lag,precision_0,recall_0,f1_0
dataset_japan-earthquake_2497_1_rrc06.csv,0.9794444444444445,67.0,20.0,0.725897920604915,0.9922480620155039,0.8384279475982533
dataset_japan-earthquake_2497_5_rrc06.csv,0.8604166666666667,67.0,20.0,0.27697841726618705,1.0,0.43380281690140843
dataset_japan-earthquake_10026_1_rv-sydney.csv,0.9829166666666667,67.0,20.0,0.7654320987654321,0.9763779527559056,0.8581314878892734
