,accuracy,epoch,lag,precision_0,recall_0,f1_0
dataset_aws-leak_15547_1_rrc04.csv,0.7573611111111112,61.0,20.0,0.038037486218302094,0.971830985915493,0.07320954907161803
dataset_aws-leak_15547_5_rrc04.csv,0.06527777777777778,61.0,20.0,0.011021307861866276,1.0,0.021802325581395353
dataset_aws-leak_34781_1_rrc04.csv,0.9902777777777778,61.0,20.0,0.5037037037037037,0.9577464788732394,0.6601941747572815
dataset_aws-leak_34781_5_rrc04.csv,0.9736111111111111,61.0,20.0,0.2653061224489796,0.8666666666666667,0.40625
