,accuracy,epoch,lag,precision_0,recall_0,f1_0
dataset_malaysian-telecom_25091_1_rrc04.csv,0.2575,84.0,20.0,0.03344783945037064,1.0,0.06473058082575228
dataset_malaysian-telecom_25091_5_rrc04.csv,0.7138888888888889,84.0,20.0,0.08240534521158129,1.0,0.15226337448559668
