,accuracy,epoch,lag,precision_0,recall_0,f1_0
dataset_slammer_513_1_rrc04.csv,0.94875,56.0,20.0,0.8294372294372294,0.8477876106194691,0.8385120350109408
dataset_slammer_513_5_rrc04.csv,0.9770833333333333,56.0,20.0,0.9071729957805907,0.9513274336283186,0.9287257019438445
dataset_slammer_559_1_rrc04.csv,0.34833333333333333,56.0,20.0,0.19409137753349365,1.0,0.32508630609896433
dataset_slammer_559_5_rrc04.csv,0.5395833333333333,56.0,20.0,0.25366403607666294,0.995575221238938,0.4043126684636119
dataset_slammer_6893_1_rrc04.csv,0.7929166666666667,56.0,20.0,0.4279441117764471,0.9486725663716814,0.5898211829436039
dataset_slammer_6893_5_rrc04.csv,0.9618055555555556,56.0,20.0,0.9211822660098522,0.827433628318584,0.8717948717948718
