,accuracy,epoch,lag,precision_0,recall_0,f1_0
dataset_japan-earthquake_2497_1_rrc06.csv,0.9775,18.0,20.0,0.7348643006263048,0.9095607235142119,0.8129330254041571
dataset_japan-earthquake_2497_5_rrc06.csv,0.9381944444444444,18.0,20.0,0.4620253164556962,0.948051948051948,0.6212765957446809
dataset_japan-earthquake_10026_1_rv-sydney.csv,0.9766666666666667,18.0,20.0,0.7059961315280464,0.958005249343832,0.8129175946547884
