,accuracy,epoch,lag,precision_0,recall_0,f1_0
dataset_nimda_513_1_rrc04.csv,0.6581849845201239,71.0,20.0,0.75,0.0008486562942008486,0.0016953941791466515
dataset_nimda_513_5_rrc04.csv,0.66015625,71.0,20.0,0.9230769230769231,0.016973125884016973,0.03333333333333333
dataset_nimda_559_1_rrc04.csv,0.6874032507739938,71.0,20.0,0.9871794871794872,0.08712871287128712,0.16012477255003899
dataset_nimda_559_5_rrc04.csv,0.83349609375,71.0,20.0,0.8388888888888889,0.6407355021216408,0.7265437048917404
dataset_nimda_6893_1_rrc04.csv,0.6595394736842105,71.0,20.0,0.7857142857142857,0.006223479490806223,0.01234914397979231
dataset_nimda_6893_5_rrc04.csv,0.6611328125,71.0,20.0,0.9333333333333333,0.019801980198019802,0.038781163434903045
