,accuracy,epoch,lag,precision_0,recall_0,f1_0
dataset_nimda_513_1_rrc04.csv,0.6583784829721362,90.0,20.0,0.8333333333333334,0.0014144271570014145,0.0028240609997175936
dataset_nimda_513_5_rrc04.csv,0.6650390625,90.0,20.0,0.9565217391304348,0.031117397454031116,0.06027397260273973
dataset_nimda_559_1_rrc04.csv,0.7976973684210527,90.0,20.0,0.9688311688311688,0.4220650636492221,0.5879802955665026
dataset_nimda_559_5_rrc04.csv,0.84130859375,90.0,20.0,0.7236533957845434,0.8741159830268741,0.791800128122998
dataset_nimda_6893_1_rrc04.csv,0.6602167182662538,90.0,20.0,0.7804878048780488,0.009052333804809052,0.017897091722595078
dataset_nimda_6893_5_rrc04.csv,0.66357421875,90.0,20.0,0.95,0.026874115983026876,0.05226960110041265
