,accuracy,epoch,lag,precision_0,recall_0,f1_0
dataset_moscow_blackout_1853_1_rrc05.csv,0.3968055555555556,51.0,20.0,0.03788214443952149,1.0,0.07299893276414088
dataset_moscow_blackout_1853_5_rrc05.csv,0.7256944444444444,51.0,20.0,0.06310679611650485,0.7428571428571429,0.11633109619686802
dataset_moscow_blackout_12793_1_rrc05.csv,0.9795833333333334,51.0,20.0,0.5431654676258992,0.8830409356725146,0.6726057906458797
dataset_moscow_blackout_12793_5_rrc05.csv,0.8958333333333334,51.0,20.0,0.15976331360946747,0.7714285714285715,0.2647058823529412
