,accuracy,epoch,lag,precision_0,recall_0,f1_0
dataset_moscow_blackout_1853_1_rrc05.csv,0.9675,46.0,20.0,0.41025641025641024,0.8421052631578947,0.5517241379310346
dataset_moscow_blackout_1853_5_rrc05.csv,0.9291666666666667,46.0,20.0,0.21367521367521367,0.7142857142857143,0.3289473684210526
dataset_moscow_blackout_12793_1_rrc05.csv,0.9919444444444444,46.0,20.0,0.8054054054054054,0.8713450292397661,0.8370786516853932
dataset_moscow_blackout_12793_5_rrc05.csv,0.9583333333333334,46.0,20.0,0.33766233766233766,0.7428571428571429,0.46428571428571436
