,accuracy,epoch,lag,precision_0,recall_0,f1_0
dataset_slammer_513_1_rrc04.csv,0.9197222222222222,95.0,20.0,0.7513661202185792,0.7300884955752213,0.7405745062836624
dataset_slammer_513_5_rrc04.csv,0.9659722222222222,95.0,20.0,0.8765957446808511,0.911504424778761,0.8937093275488069
dataset_slammer_559_1_rrc04.csv,0.2611111111111111,95.0,20.0,0.17519379844961241,1.0,0.2981530343007916
dataset_slammer_559_5_rrc04.csv,0.4840277777777778,95.0,20.0,0.2326783867631851,0.995575221238938,0.37720033528918695
dataset_slammer_6893_1_rrc04.csv,0.7959722222222222,95.0,20.0,0.4265279583875163,0.8707964601769912,0.5725923770730288
dataset_slammer_6893_5_rrc04.csv,0.9319444444444445,95.0,20.0,0.7666666666666667,0.8141592920353983,0.7896995708154507
