,accuracy,epoch,lag,precision_0,recall_0,f1_0
dataset_malaysian-telecom_25091_1_rrc04.csv,0.7605555555555555,11.0,20.0,0.09307244843997885,0.9513513513513514,0.1695568400770713
dataset_malaysian-telecom_25091_5_rrc04.csv,0.9097222222222222,11.0,20.0,0.2,0.8378378378378378,0.3229166666666667
