,accuracy,epoch,lag,precision_0,recall_0,f1_0
dataset_moscow_blackout_1853_1_rrc05.csv,0.9619444444444445,26.0,20.0,0.35967302452316074,0.7719298245614035,0.4907063197026022
dataset_moscow_blackout_1853_5_rrc05.csv,0.9458333333333333,26.0,20.0,0.25287356321839083,0.6285714285714286,0.36065573770491804
dataset_moscow_blackout_12793_1_rrc05.csv,0.9808333333333333,26.0,20.0,0.5642023346303502,0.847953216374269,0.6775700934579441
dataset_moscow_blackout_12793_5_rrc05.csv,0.9125,26.0,20.0,0.17266187050359713,0.6857142857142857,0.27586206896551724
