,accuracy,epoch,lag,precision_0,recall_0,f1_0
dataset_nimda_513_1_rrc04.csv,0.6578947368421053,44.0,20.0,0.0,0.0,0.0
dataset_nimda_513_5_rrc04.csv,0.65576171875,44.0,20.0,0.75,0.004243281471004243,0.008438818565400843
dataset_nimda_559_1_rrc04.csv,0.6582817337461301,44.0,20.0,0.8,0.0011315417256011315,0.002259887005649717
dataset_nimda_559_5_rrc04.csv,0.78515625,44.0,20.0,0.9962825278810409,0.37906647807637905,0.5491803278688525
dataset_nimda_6893_1_rrc04.csv,0.6588622291021672,44.0,20.0,0.8461538461538461,0.0031117397454031117,0.0062006764374295375
dataset_nimda_6893_5_rrc04.csv,0.65576171875,44.0,20.0,1.0,0.002828854314002829,0.005641748942172073
