,accuracy,epoch,lag,precision_0,recall_0,f1_0
dataset_slammer_513_1_rrc04.csv,0.9251388888888888,75.0,20.0,0.9326500732064422,0.5637168141592921,0.7027027027027029
dataset_slammer_513_5_rrc04.csv,0.9527777777777777,75.0,20.0,0.9030612244897959,0.7831858407079646,0.8388625592417062
dataset_slammer_559_1_rrc04.csv,0.68875,75.0,20.0,0.33491827637444277,0.9973451327433628,0.5014460511679644
dataset_slammer_559_5_rrc04.csv,0.6694444444444444,75.0,20.0,0.3209169054441261,0.9911504424778761,0.4848484848484849
dataset_slammer_6893_1_rrc04.csv,0.9395833333333333,75.0,20.0,0.9495472186287193,0.6495575221238938,0.7714135575407252
dataset_slammer_6893_5_rrc04.csv,0.9541666666666667,75.0,20.0,0.9081632653061225,0.7876106194690266,0.8436018957345971
