,accuracy,epoch,lag,precision_0,recall_0,f1_0
dataset_malaysian-telecom_25091_1_rrc04.csv,0.026805555555555555,57.0,20.0,0.025723025583982203,1.0,0.050155889928155076
dataset_malaysian-telecom_25091_5_rrc04.csv,0.13333333333333333,57.0,20.0,0.028793774319066146,1.0,0.05597579425113465
