,accuracy,epoch,lag,precision_0,recall_0,f1_0
dataset_code-red_513_1_rrc04.csv,0.9545964125560538,25.0,20.0,0.7214912280701754,0.6254752851711026,0.670061099796334
dataset_code-red_513_5_rrc04.csv,0.8972222222222223,25.0,20.0,0.3858695652173913,0.6698113207547169,0.4896551724137931
dataset_code-red_6893_1_rrc04.csv,0.9246076233183856,25.0,20.0,0.0,0.0,0.0
dataset_code-red_6893_5_rrc04.csv,0.9194444444444444,25.0,20.0,0.08333333333333333,0.009433962264150943,0.01694915254237288
