,accuracy,epoch,lag,precision_0,recall_0,f1_0
dataset_moscow_blackout_1853_1_rrc05.csv,0.9443055555555555,50.0,20.0,0.266260162601626,0.7660818713450293,0.39517345399698345
dataset_moscow_blackout_1853_5_rrc05.csv,0.8972222222222223,50.0,20.0,0.15337423312883436,0.7142857142857143,0.25252525252525254
dataset_moscow_blackout_12793_1_rrc05.csv,0.9893055555555555,50.0,20.0,0.7303921568627451,0.8713450292397661,0.7946666666666666
dataset_moscow_blackout_12793_5_rrc05.csv,0.9479166666666666,50.0,20.0,0.2826086956521739,0.7428571428571429,0.4094488188976378
