,accuracy,epoch,lag,precision_0,recall_0,f1_0
dataset_moscow_blackout_1853_1_rrc05.csv,0.95875,40.0,20.0,0.3541666666666667,0.8947368421052632,0.5074626865671642
dataset_moscow_blackout_1853_5_rrc05.csv,0.9229166666666667,40.0,20.0,0.1984126984126984,0.7142857142857143,0.31055900621118016
dataset_moscow_blackout_12793_1_rrc05.csv,0.9888888888888889,40.0,20.0,0.7219512195121951,0.8654970760233918,0.7872340425531915
dataset_moscow_blackout_12793_5_rrc05.csv,0.9486111111111111,40.0,20.0,0.2857142857142857,0.7428571428571429,0.41269841269841273
