,accuracy,epoch,lag,precision_0,recall_0,f1_0
dataset_japan-earthquake_2497_1_rrc06.csv,0.9722222222222222,48.0,20.0,0.6609294320137694,0.9922480620155039,0.793388429752066
dataset_japan-earthquake_2497_5_rrc06.csv,0.8270833333333333,48.0,20.0,0.2361963190184049,1.0,0.38213399503722084
dataset_japan-earthquake_10026_1_rv-sydney.csv,0.9822222222222222,48.0,20.0,0.7663157894736842,0.9553805774278216,0.8504672897196262
