,accuracy,epoch,lag,precision_0,recall_0,f1_0
dataset_code-red_513_1_rrc04.csv,0.8710762331838565,58.0,20.0,0.36243016759776536,0.9866920152091255,0.5301327885597549
dataset_code-red_513_5_rrc04.csv,0.7895833333333333,58.0,20.0,0.2591687041564792,1.0,0.41165048543689314
dataset_code-red_6893_1_rrc04.csv,0.9760369955156951,58.0,20.0,0.8141592920353983,0.8745247148288974,0.843263061411549
dataset_code-red_6893_5_rrc04.csv,0.9638888888888889,58.0,20.0,0.7014925373134329,0.8867924528301887,0.7833333333333334
