,accuracy,epoch,lag,precision_0,recall_0,f1_0
dataset_as9121_13237_1_rrc05.csv,0.49416666666666664,25.0,20.0,0.02123085192152647,1.0,0.04157894736842105
dataset_as9121_13237_5_rrc05.csv,0.9,25.0,20.0,0.07894736842105263,0.75,0.14285714285714285
