,accuracy,epoch,lag,precision_0,recall_0,f1_0
dataset_aws-leak_15547_1_rrc04.csv,0.5548611111111111,36.0,20.0,0.021672771672771672,1.0,0.04242605318195399
dataset_aws-leak_15547_5_rrc04.csv,0.08263888888888889,36.0,20.0,0.01122754491017964,1.0,0.022205773501110287
dataset_aws-leak_34781_1_rrc04.csv,0.98625,36.0,20.0,0.4146341463414634,0.9577464788732394,0.5787234042553191
dataset_aws-leak_34781_5_rrc04.csv,0.96875,36.0,20.0,0.2222222222222222,0.8,0.3478260869565218
