,accuracy,epoch,lag,precision_0,recall_0,f1_0
dataset_slammer_513_1_rrc04.csv,0.4806944444444444,2.0,20.0,0.1869450443964483,0.6893805309734513,0.2941287521238437
dataset_slammer_513_5_rrc04.csv,0.6298611111111111,2.0,20.0,0.24459234608985025,0.6504424778761062,0.35550181378476425
dataset_slammer_559_1_rrc04.csv,0.67625,2.0,20.0,0.08442906574394464,0.1079646017699115,0.09475728155339805
dataset_slammer_559_5_rrc04.csv,0.8402777777777778,2.0,20.0,0.4791666666666667,0.20353982300884957,0.2857142857142857
dataset_slammer_6893_1_rrc04.csv,0.5826388888888889,2.0,20.0,0.169078715142958,0.42389380530973453,0.24173605854150895
dataset_slammer_6893_5_rrc04.csv,0.7444444444444445,2.0,20.0,0.300561797752809,0.47345132743362833,0.3676975945017183
