,accuracy,epoch,lag,precision_0,recall_0,f1_0
dataset_code-red_513_1_rrc04.csv,0.10061659192825112,1.0,20.0,0.07476905311778291,0.9847908745247148,0.13898577944727664
dataset_code-red_513_5_rrc04.csv,0.09444444444444444,1.0,20.0,0.07275320970042796,0.9622641509433962,0.13527851458885942
dataset_code-red_6893_1_rrc04.csv,0.08590246636771301,1.0,20.0,0.07353150334234106,0.9828897338403042,0.13682678311499272
dataset_code-red_6893_5_rrc04.csv,0.1,1.0,20.0,0.07439198855507868,0.9811320754716981,0.13829787234042554
