,accuracy,epoch,lag,precision_0,recall_0,f1_0
dataset_nimda_513_1_rrc04.csv,0.6578947368421053,33.0,20.0,0.0,0.0,0.0
dataset_nimda_513_5_rrc04.csv,0.654296875,33.0,20.0,0.0,0.0,0.0
dataset_nimda_559_1_rrc04.csv,0.6646671826625387,33.0,20.0,0.9859154929577465,0.019801980198019802,0.03882418191902385
dataset_nimda_559_5_rrc04.csv,0.77294921875,33.0,20.0,0.9959016393442623,0.3437057991513437,0.5110410094637223
dataset_nimda_6893_1_rrc04.csv,0.6583784829721362,33.0,20.0,0.8333333333333334,0.0014144271570014145,0.0028240609997175936
dataset_nimda_6893_5_rrc04.csv,0.6552734375,33.0,20.0,1.0,0.0014144271570014145,0.0028248587570621473
