,accuracy,epoch,lag,precision_0,recall_0,f1_0
dataset_as9121_13237_1_rrc05.csv,0.9145833333333333,67.0,20.0,0.11159420289855072,0.9746835443037974,0.20026007802340703
dataset_as9121_13237_5_rrc05.csv,0.8840277777777777,67.0,20.0,0.0782122905027933,0.875,0.14358974358974358
