,accuracy,epoch,lag,precision_0,recall_0,f1_0
dataset_as9121_13237_1_rrc05.csv,0.8154166666666667,7.0,20.0,0.052292263610315186,0.9240506329113924,0.09898305084745763
dataset_as9121_13237_5_rrc05.csv,0.90625,7.0,20.0,0.03875968992248062,0.3125,0.06896551724137931
