,accuracy,epoch,lag,precision_0,recall_0,f1_0
dataset_code-red_513_1_rrc04.csv,0.929792600896861,22.0,20.0,0.5161290322580645,0.7604562737642585,0.6149116064565718
dataset_code-red_513_5_rrc04.csv,0.8590277777777777,22.0,20.0,0.28054298642533937,0.5849056603773585,0.3792048929663609
dataset_code-red_6893_1_rrc04.csv,0.9257286995515696,22.0,20.0,0.4,0.015209125475285171,0.029304029304029304
dataset_code-red_6893_5_rrc04.csv,0.9180555555555555,22.0,20.0,0.0,0.0,0.0
