,accuracy,epoch,lag,precision_0,recall_0,f1_0
dataset_moscow_blackout_1853_1_rrc05.csv,0.84,23.0,20.0,0.12123552123552124,0.9181286549707602,0.2141882673942701
dataset_moscow_blackout_1853_5_rrc05.csv,0.9152777777777777,23.0,20.0,0.16793893129770993,0.6285714285714286,0.2650602409638554
dataset_moscow_blackout_12793_1_rrc05.csv,0.9661111111111111,23.0,20.0,0.3988919667590028,0.8421052631578947,0.5413533834586467
dataset_moscow_blackout_12793_5_rrc05.csv,0.7569444444444444,23.0,20.0,0.06371191135734072,0.6571428571428571,0.11616161616161617
