,accuracy,epoch,lag,precision_0,recall_0,f1_0
dataset_moscow_blackout_1853_1_rrc05.csv,0.8870833333333333,16.0,20.0,0.160676532769556,0.8888888888888888,0.2721575649059982
dataset_moscow_blackout_1853_5_rrc05.csv,0.9590277777777778,16.0,20.0,0.2777777777777778,0.42857142857142855,0.33707865168539325
dataset_moscow_blackout_12793_1_rrc05.csv,0.9643055555555555,16.0,20.0,0.3844086021505376,0.8362573099415205,0.5267034990791897
dataset_moscow_blackout_12793_5_rrc05.csv,0.8986111111111111,16.0,20.0,0.14193548387096774,0.6285714285714286,0.23157894736842105
