,accuracy,epoch,lag,precision_0,recall_0,f1_0
dataset_as9121_13237_1_rrc05.csv,0.5161111111111111,12.0,20.0,0.02217232669099074,1.0,0.043382756727073035
dataset_as9121_13237_5_rrc05.csv,0.8805555555555555,12.0,20.0,0.07142857142857142,0.8125,0.1313131313131313
