,accuracy,epoch,lag,precision_0,recall_0,f1_0
dataset_slammer_513_1_rrc04.csv,0.8811111111111111,64.0,20.0,0.5811611374407583,0.868141592920354,0.6962384669978707
dataset_slammer_513_5_rrc04.csv,0.9673611111111111,64.0,20.0,0.8776371308016878,0.9203539823008849,0.898488120950324
dataset_slammer_559_1_rrc04.csv,0.2504166666666667,64.0,20.0,0.17312701087789184,1.0,0.2951547603500065
dataset_slammer_559_5_rrc04.csv,0.49375,64.0,20.0,0.236096537250787,0.995575221238938,0.3816793893129771
dataset_slammer_6893_1_rrc04.csv,0.6904166666666667,64.0,20.0,0.3273641218975809,0.9221238938053097,0.4831903547414793
dataset_slammer_6893_5_rrc04.csv,0.94375,64.0,20.0,0.8251121076233184,0.8141592920353983,0.8195991091314032
