,accuracy,epoch,lag,precision_0,recall_0,f1_0
dataset_malaysian-telecom_25091_1_rrc04.csv,0.025694444444444443,16.0,20.0,0.025694444444444443,1.0,0.05010155721056195
dataset_malaysian-telecom_25091_5_rrc04.csv,0.02847222222222222,16.0,20.0,0.02576601671309192,1.0,0.05023761031907671
