,accuracy,epoch,lag,precision_0,recall_0,f1_0
dataset_as9121_13237_1_rrc05.csv,0.9658333333333333,45.0,20.0,0.23492063492063492,0.9367088607594937,0.3756345177664975
dataset_as9121_13237_5_rrc05.csv,0.9479166666666666,45.0,20.0,0.14457831325301204,0.75,0.2424242424242424
