,accuracy,epoch,lag,precision_0,recall_0,f1_0
dataset_nimda_513_1_rrc04.csv,0.6578947368421053,82.0,20.0,0.0,0.0,0.0
dataset_nimda_513_5_rrc04.csv,0.65869140625,82.0,20.0,0.9,0.01272984441301273,0.02510460251046025
dataset_nimda_559_1_rrc04.csv,0.6586687306501547,82.0,20.0,0.7333333333333333,0.0031117397454031117,0.006197183098591548
dataset_nimda_559_5_rrc04.csv,0.81201171875,82.0,20.0,0.952247191011236,0.4794908062234795,0.6378174976481655
dataset_nimda_6893_1_rrc04.csv,0.6590557275541795,82.0,20.0,0.7391304347826086,0.004809052333804809,0.009555930297920179
dataset_nimda_6893_5_rrc04.csv,0.66064453125,82.0,20.0,0.9285714285714286,0.018387553041018388,0.03606102635228849
