,accuracy,epoch,lag,precision_0,recall_0,f1_0
dataset_malaysian-telecom_25091_1_rrc04.csv,0.02847222222222222,98.0,20.0,0.02576601671309192,1.0,0.05023761031907671
dataset_malaysian-telecom_25091_5_rrc04.csv,0.2701388888888889,98.0,20.0,0.03400735294117647,1.0,0.06577777777777778
