,accuracy,epoch,lag,precision_0,recall_0,f1_0
dataset_aws-leak_15547_1_rrc04.csv,0.9558333333333333,27.0,20.0,0.1741424802110818,0.9295774647887324,0.2933333333333333
dataset_aws-leak_15547_5_rrc04.csv,0.5861111111111111,27.0,20.0,0.022988505747126436,0.9333333333333333,0.04487179487179487
dataset_aws-leak_34781_1_rrc04.csv,0.9858333333333333,27.0,20.0,0.40372670807453415,0.9154929577464789,0.5603448275862069
dataset_aws-leak_34781_5_rrc04.csv,0.9708333333333333,27.0,20.0,0.2127659574468085,0.6666666666666666,0.3225806451612903
