,accuracy,epoch,lag,precision_0,recall_0,f1_0
dataset_code-red_513_1_rrc04.csv,0.8147421524663677,68.0,20.0,0.2834602829162133,0.9904942965779467,0.4407783417935702
dataset_code-red_513_5_rrc04.csv,0.6763888888888889,68.0,20.0,0.1853146853146853,1.0,0.3126843657817109
dataset_code-red_6893_1_rrc04.csv,0.9711322869955157,68.0,20.0,0.7758620689655172,0.8555133079847909,0.8137432188065099
dataset_code-red_6893_5_rrc04.csv,0.9590277777777778,68.0,20.0,0.6424242424242425,1.0,0.7822878228782287
