,accuracy,epoch,lag,precision_0,recall_0,f1_0
dataset_malaysian-telecom_25091_1_rrc04.csv,0.07597222222222222,64.0,20.0,0.02705469435507458,1.0,0.052684038160330335
dataset_malaysian-telecom_25091_5_rrc04.csv,0.7541666666666667,64.0,20.0,0.09462915601023018,1.0,0.17289719626168226
