,accuracy,epoch,lag,precision_0,recall_0,f1_0
dataset_moscow_blackout_1853_1_rrc05.csv,0.9625,41.0,20.0,0.3628808864265928,0.7660818713450293,0.4924812030075188
dataset_moscow_blackout_1853_5_rrc05.csv,0.9298611111111111,41.0,20.0,0.21052631578947367,0.6857142857142857,0.3221476510067114
dataset_moscow_blackout_12793_1_rrc05.csv,0.9897222222222222,41.0,20.0,0.7437185929648241,0.8654970760233918,0.8
dataset_moscow_blackout_12793_5_rrc05.csv,0.9527777777777777,41.0,20.0,0.30120481927710846,0.7142857142857143,0.42372881355932207
