,accuracy,epoch,lag,precision_0,recall_0,f1_0
dataset_aws-leak_15547_1_rrc04.csv,0.7125,74.0,20.0,0.033162073797290983,1.0,0.06419529837251355
dataset_aws-leak_15547_5_rrc04.csv,0.043055555555555555,74.0,20.0,0.010768126346015794,1.0,0.021306818181818184
dataset_aws-leak_34781_1_rrc04.csv,0.9901388888888889,74.0,20.0,0.5,0.9577464788732394,0.6570048309178743
dataset_aws-leak_34781_5_rrc04.csv,0.9701388888888889,74.0,20.0,0.24074074074074073,0.8666666666666667,0.37681159420289856
