,accuracy,epoch,lag,precision_0,recall_0,f1_0
dataset_japan-earthquake_2497_1_rrc06.csv,0.9531944444444445,99.0,20.0,0.5347222222222222,0.9948320413436692,0.6955736224028908
dataset_japan-earthquake_2497_5_rrc06.csv,0.8354166666666667,99.0,20.0,0.24522292993630573,1.0,0.3938618925831202
dataset_japan-earthquake_10026_1_rv-sydney.csv,0.9809722222222222,99.0,20.0,0.7420634920634921,0.9816272965879265,0.8451977401129943
