,accuracy,epoch,lag,precision_0,recall_0,f1_0
dataset_moscow_blackout_1853_1_rrc05.csv,0.9518055555555556,88.0,20.0,0.30180180180180183,0.783625730994152,0.4357723577235773
dataset_moscow_blackout_1853_5_rrc05.csv,0.8923611111111112,88.0,20.0,0.1511627906976744,0.7428571428571429,0.251207729468599
dataset_moscow_blackout_12793_1_rrc05.csv,0.9934722222222222,88.0,20.0,0.848314606741573,0.8830409356725146,0.8653295128939827
dataset_moscow_blackout_12793_5_rrc05.csv,0.9666666666666667,88.0,20.0,0.3968253968253968,0.7142857142857143,0.5102040816326531
