,accuracy,epoch,lag,precision_0,recall_0,f1_0
dataset_code-red_513_1_rrc04.csv,0.945767937219731,87.0,20.0,0.587641866330391,0.8859315589353612,0.7065959059893859
dataset_code-red_513_5_rrc04.csv,0.8083333333333333,87.0,20.0,0.2774869109947644,1.0,0.43442622950819676
dataset_code-red_6893_1_rrc04.csv,0.960482062780269,87.0,20.0,0.9265734265734266,0.5038022813688213,0.6527093596059114
dataset_code-red_6893_5_rrc04.csv,0.96875,87.0,20.0,0.744,0.8773584905660378,0.8051948051948051
