,accuracy,epoch,lag,precision_0,recall_0,f1_0
dataset_japan-earthquake_2497_1_rrc06.csv,0.9793055555555555,92.0,20.0,0.7270992366412213,0.9844961240310077,0.8364434687156971
dataset_japan-earthquake_2497_5_rrc06.csv,0.8506944444444444,92.0,20.0,0.2636986301369863,1.0,0.4173441734417344
dataset_japan-earthquake_10026_1_rv-sydney.csv,0.9815277777777778,92.0,20.0,0.748,0.9816272965879265,0.8490351872871736
