,accuracy,epoch,lag,precision_0,recall_0,f1_0
dataset_moscow_blackout_1853_1_rrc05.csv,0.9579166666666666,85.0,20.0,0.3443396226415094,0.8538011695906432,0.4907563025210083
dataset_moscow_blackout_1853_5_rrc05.csv,0.8930555555555556,85.0,20.0,0.15204678362573099,0.7428571428571429,0.2524271844660194
dataset_moscow_blackout_12793_1_rrc05.csv,0.9934722222222222,85.0,20.0,0.848314606741573,0.8830409356725146,0.8653295128939827
dataset_moscow_blackout_12793_5_rrc05.csv,0.9666666666666667,85.0,20.0,0.3968253968253968,0.7142857142857143,0.5102040816326531
