,accuracy,epoch,lag,precision_0,recall_0,f1_0
dataset_as9121_13237_1_rrc05.csv,0.9277777777777778,13.0,20.0,0.12436115843270869,0.9240506329113924,0.21921921921921922
dataset_as9121_13237_5_rrc05.csv,0.9631944444444445,13.0,20.0,0.16363636363636364,0.5625,0.2535211267605634
