,accuracy,epoch,lag,precision_0,recall_0,f1_0
dataset_moscow_blackout_1853_1_rrc05.csv,0.9545833333333333,82.0,20.0,0.3125,0.7602339181286549,0.44293015332197616
dataset_moscow_blackout_1853_5_rrc05.csv,0.8986111111111111,82.0,20.0,0.15950920245398773,0.7428571428571429,0.2626262626262626
dataset_moscow_blackout_12793_1_rrc05.csv,0.9933333333333333,82.0,20.0,0.847457627118644,0.8771929824561403,0.8620689655172413
dataset_moscow_blackout_12793_5_rrc05.csv,0.9666666666666667,82.0,20.0,0.3968253968253968,0.7142857142857143,0.5102040816326531
