,accuracy,epoch,lag,precision_0,recall_0,f1_0
dataset_aws-leak_15547_1_rrc04.csv,0.09763888888888889,85.0,20.0,0.010809987819732034,1.0,0.021388763367977105
dataset_aws-leak_15547_5_rrc04.csv,0.016666666666666666,85.0,20.0,0.010482180293501049,1.0,0.02074688796680498
dataset_aws-leak_34781_1_rrc04.csv,0.9736111111111111,85.0,20.0,0.2702702702702703,0.9859154929577465,0.4242424242424243
dataset_aws-leak_34781_5_rrc04.csv,0.9534722222222223,85.0,20.0,0.18292682926829268,1.0,0.30927835051546393
