,accuracy,epoch,lag,precision_0,recall_0,f1_0
dataset_japan-earthquake_2497_1_rrc06.csv,0.4390277777777778,7.0,20.0,0.07095864661654136,0.7803617571059431,0.13008830497523152
dataset_japan-earthquake_2497_5_rrc06.csv,0.6215277777777778,7.0,20.0,0.12012987012987013,0.961038961038961,0.21356421356421354
dataset_japan-earthquake_10026_1_rv-sydney.csv,0.7183333333333334,7.0,20.0,0.08886669995007489,0.4671916010498688,0.14932885906040266
