,accuracy,epoch,lag,precision_0,recall_0,f1_0
dataset_as9121_13237_1_rrc05.csv,0.6229166666666667,1.0,20.0,0.026240115025161753,0.9240506329113924,0.05103110800419433
dataset_as9121_13237_5_rrc05.csv,0.8486111111111111,1.0,20.0,0.014423076923076924,0.1875,0.026785714285714284
