,accuracy,epoch,lag,precision_0,recall_0,f1_0
dataset_japan-earthquake_2497_1_rrc06.csv,0.5038888888888889,81.0,20.0,0.09775195756504168,1.0,0.1780947998159227
dataset_japan-earthquake_2497_5_rrc06.csv,0.4708333333333333,81.0,20.0,0.09177592371871275,1.0,0.16812227074235808
dataset_japan-earthquake_10026_1_rv-sydney.csv,0.8388888888888889,81.0,20.0,0.2472420506164828,1.0,0.3964620187304891
