,accuracy,epoch,lag,precision_0,recall_0,f1_0
dataset_aws-leak_15547_1_rrc04.csv,0.5579166666666666,95.0,20.0,0.021819299323909035,1.0,0.042706766917293235
dataset_aws-leak_15547_5_rrc04.csv,0.027083333333333334,95.0,20.0,0.01059322033898305,1.0,0.020964360587002094
dataset_aws-leak_34781_1_rrc04.csv,0.9870833333333333,95.0,20.0,0.43037974683544306,0.9577464788732394,0.5938864628820961
dataset_aws-leak_34781_5_rrc04.csv,0.9680555555555556,95.0,20.0,0.23728813559322035,0.9333333333333333,0.37837837837837834
