,accuracy,epoch,lag,precision_0,recall_0,f1_0
dataset_aws-leak_15547_1_rrc04.csv,0.7693055555555556,38.0,20.0,0.03993055555555555,0.971830985915493,0.07670928293496387
dataset_aws-leak_15547_5_rrc04.csv,0.16944444444444445,38.0,20.0,0.012386457473162676,1.0,0.024469820554649267
dataset_aws-leak_34781_1_rrc04.csv,0.9879166666666667,38.0,20.0,0.4473684210526316,0.9577464788732394,0.609865470852018
dataset_aws-leak_34781_5_rrc04.csv,0.9701388888888889,38.0,20.0,0.23076923076923078,0.8,0.3582089552238806
