,accuracy,epoch,lag,precision_0,recall_0,f1_0
dataset_as9121_13237_1_rrc05.csv,0.7898611111111111,98.0,20.0,0.04905660377358491,0.9873417721518988,0.09346914319952067
dataset_as9121_13237_5_rrc05.csv,0.8826388888888889,98.0,20.0,0.08196721311475409,0.9375,0.15075376884422106
