,accuracy,epoch,lag,precision_0,recall_0,f1_0
dataset_aws-leak_15547_1_rrc04.csv,0.5366666666666666,64.0,20.0,0.02083944819489287,1.0,0.04082806210465786
dataset_aws-leak_15547_5_rrc04.csv,0.03194444444444444,64.0,20.0,0.0106458481192335,1.0,0.021067415730337078
dataset_aws-leak_34781_1_rrc04.csv,0.9877777777777778,64.0,20.0,0.44516129032258067,0.971830985915493,0.6106194690265486
dataset_aws-leak_34781_5_rrc04.csv,0.9680555555555556,64.0,20.0,0.22807017543859648,0.8666666666666667,0.3611111111111111
