,accuracy,epoch,lag,precision_0,recall_0,f1_0
dataset_nimda_513_1_rrc04.csv,0.6578947368421053,29.0,20.0,0.0,0.0,0.0
dataset_nimda_513_5_rrc04.csv,0.654296875,29.0,20.0,0.0,0.0,0.0
dataset_nimda_559_1_rrc04.csv,0.6578947368421053,29.0,20.0,0.0,0.0,0.0
dataset_nimda_559_5_rrc04.csv,0.662109375,29.0,20.0,0.9411764705882353,0.02263083451202263,0.044198895027624314
dataset_nimda_6893_1_rrc04.csv,0.6580882352941176,29.0,20.0,0.6666666666666666,0.0005657708628005657,0.0011305822498586774
dataset_nimda_6893_5_rrc04.csv,0.6552734375,29.0,20.0,1.0,0.0014144271570014145,0.0028248587570621473
