,accuracy,epoch,lag,precision_0,recall_0,f1_0
dataset_moscow_blackout_1853_1_rrc05.csv,0.9731944444444445,5.0,20.0,0.0,0.0,0.0
dataset_moscow_blackout_1853_5_rrc05.csv,0.9645833333333333,5.0,20.0,0.05555555555555555,0.02857142857142857,0.03773584905660377
dataset_moscow_blackout_12793_1_rrc05.csv,0.9806944444444444,5.0,20.0,0.625,0.4678362573099415,0.5351170568561873
dataset_moscow_blackout_12793_5_rrc05.csv,0.95625,5.0,20.0,0.1956521739130435,0.2571428571428571,0.2222222222222222
