,accuracy,epoch,lag,precision_0,recall_0,f1_0
dataset_as9121_13237_1_rrc05.csv,0.9577777777777777,94.0,20.0,0.20159151193633953,0.9620253164556962,0.3333333333333333
dataset_as9121_13237_5_rrc05.csv,0.9097222222222222,94.0,20.0,0.09285714285714286,0.8125,0.16666666666666669
