,accuracy,epoch,lag,precision_0,recall_0,f1_0
dataset_moscow_blackout_1853_1_rrc05.csv,0.9783333333333334,28.0,20.0,0.5311203319502075,0.7485380116959064,0.6213592233009709
dataset_moscow_blackout_1853_5_rrc05.csv,0.9513888888888888,28.0,20.0,0.2727272727272727,0.6,0.37499999999999994
dataset_moscow_blackout_12793_1_rrc05.csv,0.98875,28.0,20.0,0.725,0.847953216374269,0.7816711590296497
dataset_moscow_blackout_12793_5_rrc05.csv,0.9555555555555556,28.0,20.0,0.3116883116883117,0.6857142857142857,0.42857142857142855
