,accuracy,epoch,lag,precision_0,recall_0,f1_0
dataset_aws-leak_15547_1_rrc04.csv,0.30972222222222223,86.0,20.0,0.014084507042253521,1.0,0.02777777777777778
dataset_aws-leak_15547_5_rrc04.csv,0.02013888888888889,86.0,20.0,0.010518934081346423,1.0,0.02081887578070784
dataset_aws-leak_34781_1_rrc04.csv,0.9823611111111111,86.0,20.0,0.3556701030927835,0.971830985915493,0.5207547169811321
dataset_aws-leak_34781_5_rrc04.csv,0.9631944444444445,86.0,20.0,0.21212121212121213,0.9333333333333333,0.345679012345679
