,accuracy,epoch,lag,precision_0,recall_0,f1_0
dataset_slammer_513_1_rrc04.csv,0.9358333333333333,61.0,20.0,0.9238578680203046,0.6442477876106195,0.759124087591241
dataset_slammer_513_5_rrc04.csv,0.9541666666666667,61.0,20.0,0.8883495145631068,0.8097345132743363,0.8472222222222222
dataset_slammer_559_1_rrc04.csv,0.5543055555555556,61.0,20.0,0.2602076124567474,0.9982300884955753,0.41280878316559927
dataset_slammer_559_5_rrc04.csv,0.5916666666666667,61.0,20.0,0.2770935960591133,0.995575221238938,0.4335260115606937
dataset_slammer_6893_1_rrc04.csv,0.9405555555555556,61.0,20.0,0.8798701298701299,0.7194690265486726,0.7916260954235638
dataset_slammer_6893_5_rrc04.csv,0.9555555555555556,61.0,20.0,0.9132653061224489,0.7920353982300885,0.8483412322274881
