,accuracy,epoch,lag,precision_0,recall_0,f1_0
dataset_aws-leak_15547_1_rrc04.csv,0.10361111111111111,41.0,20.0,0.010881226053639847,1.0,0.021528198908429347
dataset_aws-leak_15547_5_rrc04.csv,0.017361111111111112,41.0,20.0,0.01048951048951049,1.0,0.020761245674740487
dataset_aws-leak_34781_1_rrc04.csv,0.9751388888888889,41.0,20.0,0.2804878048780488,0.971830985915493,0.4353312302839117
dataset_aws-leak_34781_5_rrc04.csv,0.9618055555555556,41.0,20.0,0.19696969696969696,0.8666666666666667,0.32098765432098764
