,accuracy,epoch,lag,precision_0,recall_0,f1_0
dataset_nimda_513_1_rrc04.csv,0.6578947368421053,81.0,20.0,0.0,0.0,0.0
dataset_nimda_513_5_rrc04.csv,0.65771484375,81.0,20.0,0.875,0.009900990099009901,0.019580419580419582
dataset_nimda_559_1_rrc04.csv,0.6576044891640866,81.0,20.0,0.0,0.0,0.0
dataset_nimda_559_5_rrc04.csv,0.75927734375,81.0,20.0,0.9421487603305785,0.32248939179632247,0.4805057955742887
dataset_nimda_6893_1_rrc04.csv,0.658765479876161,81.0,20.0,0.7222222222222222,0.0036775106082036777,0.007317759639741064
dataset_nimda_6893_5_rrc04.csv,0.65869140625,81.0,20.0,0.9,0.01272984441301273,0.02510460251046025
