,accuracy,epoch,lag,precision_0,recall_0,f1_0
dataset_code-red_513_1_rrc04.csv,0.14812219730941703,46.0,20.0,0.07963663890991673,1.0,0.1475248913195905
dataset_code-red_513_5_rrc04.csv,0.27361111111111114,46.0,20.0,0.0920138888888889,1.0,0.16852146263910972
dataset_code-red_6893_1_rrc04.csv,0.40625,46.0,20.0,0.11027095148078135,0.9980988593155894,0.1986003404577265
dataset_code-red_6893_5_rrc04.csv,0.5340277777777778,46.0,20.0,0.1364221364221364,1.0,0.24009060022650056
