,accuracy,epoch,lag,precision_0,recall_0,f1_0
dataset_nimda_513_1_rrc04.csv,0.6464783281733746,2.0,20.0,0.4226267880364109,0.09193776520509193,0.15102230483271376
dataset_nimda_513_5_rrc04.csv,0.66259765625,2.0,20.0,0.6081081081081081,0.06364922206506365,0.1152368758002561
dataset_nimda_559_1_rrc04.csv,0.5855263157894737,2.0,20.0,0.36733970952887,0.29335219236209337,0.32620320855614976
dataset_nimda_559_5_rrc04.csv,0.6279296875,2.0,20.0,0.38095238095238093,0.12446958981612447,0.18763326226012791
dataset_nimda_6893_1_rrc04.csv,0.6565402476780186,2.0,20.0,0.3728813559322034,0.006223479490806223,0.012242626599888704
dataset_nimda_6893_5_rrc04.csv,0.6474609375,2.0,20.0,0.2,0.007072135785007072,0.01366120218579235
