,accuracy,epoch,lag,precision_0,recall_0,f1_0
dataset_moscow_blackout_1853_1_rrc05.csv,0.9095833333333333,90.0,20.0,0.17914438502673796,0.783625730994152,0.29162132752992387
dataset_moscow_blackout_1853_5_rrc05.csv,0.8666666666666667,90.0,20.0,0.12440191387559808,0.7428571428571429,0.21311475409836067
dataset_moscow_blackout_12793_1_rrc05.csv,0.9931944444444445,90.0,20.0,0.8388888888888889,0.8830409356725146,0.8603988603988604
dataset_moscow_blackout_12793_5_rrc05.csv,0.9659722222222222,90.0,20.0,0.390625,0.7142857142857143,0.505050505050505
