,accuracy,epoch,lag,precision_0,recall_0,f1_0
dataset_nimda_513_1_rrc04.csv,0.6578947368421053,31.0,20.0,0.0,0.0,0.0
dataset_nimda_513_5_rrc04.csv,0.654296875,31.0,20.0,0.0,0.0,0.0
dataset_nimda_559_1_rrc04.csv,0.6858552631578947,31.0,20.0,0.996551724137931,0.08175388967468175,0.1511111111111111
dataset_nimda_559_5_rrc04.csv,0.8515625,31.0,20.0,0.9610983981693364,0.594059405940594,0.7342657342657342
dataset_nimda_6893_1_rrc04.csv,0.6583784829721362,31.0,20.0,0.8333333333333334,0.0014144271570014145,0.0028240609997175936
dataset_nimda_6893_5_rrc04.csv,0.6552734375,31.0,20.0,1.0,0.0014144271570014145,0.0028248587570621473
