,accuracy,epoch,lag,precision_0,recall_0,f1_0
dataset_code-red_513_1_rrc04.csv,0.8608464125560538,33.0,20.0,0.31275060144346434,0.7414448669201521,0.43993231810490696
dataset_code-red_513_5_rrc04.csv,0.7756944444444445,33.0,20.0,0.20911528150134048,0.7358490566037735,0.32567849686847594
dataset_code-red_6893_1_rrc04.csv,0.9255885650224215,33.0,20.0,0.38095238095238093,0.015209125475285171,0.029250457038391225
dataset_code-red_6893_5_rrc04.csv,0.9298611111111111,33.0,20.0,0.5423728813559322,0.3018867924528302,0.3878787878787878
