,accuracy,epoch,lag,precision_0,recall_0,f1_0
dataset_code-red_513_1_rrc04.csv,0.3245515695067265,69.0,20.0,0.09839132061354283,1.0,0.17915531335149865
dataset_code-red_513_5_rrc04.csv,0.4361111111111111,69.0,20.0,0.11546840958605664,1.0,0.20703125000000003
dataset_code-red_6893_1_rrc04.csv,0.7613508968609866,69.0,20.0,0.23334843679202538,0.9790874524714829,0.37687522868642515
dataset_code-red_6893_5_rrc04.csv,0.7722222222222223,69.0,20.0,0.24423963133640553,1.0,0.3925925925925926
