,accuracy,epoch,lag,precision_0,recall_0,f1_0
dataset_as9121_13237_1_rrc05.csv,0.8801388888888889,14.0,20.0,0.08029978586723768,0.9493670886075949,0.14807502467917077
dataset_as9121_13237_5_rrc05.csv,0.9604166666666667,14.0,20.0,0.16393442622950818,0.625,0.2597402597402597
