,accuracy,epoch,lag,precision_0,recall_0,f1_0
dataset_japan-earthquake_2497_1_rrc06.csv,0.9377777777777778,97.0,20.0,0.46329723225030084,0.9948320413436692,0.6321839080459769
dataset_japan-earthquake_2497_5_rrc06.csv,0.8166666666666667,97.0,20.0,0.22580645161290322,1.0,0.3684210526315789
dataset_japan-earthquake_10026_1_rv-sydney.csv,0.9791666666666666,97.0,20.0,0.723404255319149,0.9816272965879265,0.8329621380846325
