,accuracy,epoch,lag,precision_0,recall_0,f1_0
dataset_moscow_blackout_1853_1_rrc05.csv,0.9068055555555555,44.0,20.0,0.19362745098039216,0.9239766081871345,0.3201621073961499
dataset_moscow_blackout_1853_5_rrc05.csv,0.8986111111111111,44.0,20.0,0.15527950310559005,0.7142857142857143,0.25510204081632654
dataset_moscow_blackout_12793_1_rrc05.csv,0.9883333333333333,44.0,20.0,0.7061611374407583,0.8713450292397661,0.7801047120418848
dataset_moscow_blackout_12793_5_rrc05.csv,0.9381944444444444,44.0,20.0,0.24528301886792453,0.7428571428571429,0.36879432624113473
