,accuracy,epoch,lag,precision_0,recall_0,f1_0
dataset_code-red_513_1_rrc04.csv,0.8820067264573991,6.0,20.0,0.26132930513595165,0.3288973384030418,0.29124579124579125
dataset_code-red_513_5_rrc04.csv,0.9201388888888888,6.0,20.0,0.45054945054945056,0.3867924528301887,0.4162436548223351
dataset_code-red_6893_1_rrc04.csv,0.8878923766816144,6.0,20.0,0.21218487394957983,0.1920152091254753,0.20159680638722555
dataset_code-red_6893_5_rrc04.csv,0.9131944444444444,6.0,20.0,0.3137254901960784,0.1509433962264151,0.20382165605095542
