,accuracy,epoch,lag,precision_0,recall_0,f1_0
dataset_malaysian-telecom_25091_1_rrc04.csv,0.03138888888888889,71.0,20.0,0.025841597988545885,1.0,0.05038126361655774
dataset_malaysian-telecom_25091_5_rrc04.csv,0.36736111111111114,71.0,20.0,0.039029535864978905,1.0,0.0751269035532995
