,accuracy,epoch,lag,precision_0,recall_0,f1_0
dataset_code-red_513_1_rrc04.csv,0.9051289237668162,23.0,20.0,0.42605288932419194,0.8269961977186312,0.5623787976729153
dataset_code-red_513_5_rrc04.csv,0.8166666666666667,23.0,20.0,0.2484076433121019,0.7358490566037735,0.3714285714285714
dataset_code-red_6893_1_rrc04.csv,0.9360986547085202,23.0,20.0,0.8125,0.17300380228136883,0.28526645768025083
dataset_code-red_6893_5_rrc04.csv,0.9229166666666667,23.0,20.0,0.391304347826087,0.08490566037735849,0.13953488372093023
