,accuracy,epoch,lag,precision_0,recall_0,f1_0
dataset_code-red_513_1_rrc04.csv,0.6446188340807175,43.0,20.0,0.17178314826910515,1.0,0.29319955406911924
dataset_code-red_513_5_rrc04.csv,0.6166666666666667,43.0,20.0,0.16109422492401215,1.0,0.2774869109947644
dataset_code-red_6893_1_rrc04.csv,0.9575392376681614,43.0,20.0,0.6472919418758256,0.9315589353612167,0.7638347622759158
dataset_code-red_6893_5_rrc04.csv,0.9166666666666666,43.0,20.0,0.46875,0.9905660377358491,0.6363636363636364
