,accuracy,epoch,lag,precision_0,recall_0,f1_0
dataset_aws-leak_15547_1_rrc04.csv,0.8319444444444445,7.0,20.0,0.038866396761133605,0.676056338028169,0.07350689127105667
dataset_aws-leak_15547_5_rrc04.csv,0.9055555555555556,7.0,20.0,0.0,0.0,0.0
dataset_aws-leak_34781_1_rrc04.csv,0.9581944444444445,7.0,20.0,0.15976331360946747,0.7605633802816901,0.26405867970660146
dataset_aws-leak_34781_5_rrc04.csv,0.9638888888888889,7.0,20.0,0.0,0.0,0.0
