,accuracy,epoch,lag,precision_0,recall_0,f1_0
dataset_malaysian-telecom_25091_1_rrc04.csv,0.7948611111111111,15.0,20.0,0.11037394451145958,0.9891891891891892,0.19858925664677154
dataset_malaysian-telecom_25091_5_rrc04.csv,0.8673611111111111,15.0,20.0,0.14678899082568808,0.8648648648648649,0.25098039215686274
