,accuracy,epoch,lag,precision_0,recall_0,f1_0
dataset_code-red_513_1_rrc04.csv,0.945207399103139,38.0,20.0,0.5793184488836662,0.9372623574144486,0.7160493827160495
dataset_code-red_513_5_rrc04.csv,0.8701388888888889,38.0,20.0,0.36082474226804123,0.9905660377358491,0.5289672544080605
dataset_code-red_6893_1_rrc04.csv,0.9547365470852018,38.0,20.0,0.8717948717948718,0.4524714828897338,0.5957446808510638
dataset_code-red_6893_5_rrc04.csv,0.9555555555555556,38.0,20.0,0.6666666666666666,0.7924528301886793,0.7241379310344827
