,accuracy,epoch,lag,precision_0,recall_0,f1_0
dataset_aws-leak_15547_1_rrc04.csv,0.9198611111111111,8.0,20.0,0.08250825082508251,0.704225352112676,0.14771048744460857
dataset_aws-leak_15547_5_rrc04.csv,0.9298611111111111,8.0,20.0,0.0,0.0,0.0
dataset_aws-leak_34781_1_rrc04.csv,0.9770833333333333,8.0,20.0,0.26732673267326734,0.7605633802816901,0.3956043956043956
dataset_aws-leak_34781_5_rrc04.csv,0.9659722222222222,8.0,20.0,0.0,0.0,0.0
