,accuracy,epoch,lag,precision_0,recall_0,f1_0
dataset_aws-leak_15547_1_rrc04.csv,0.1938888888888889,65.0,20.0,0.012085106382978723,1.0,0.02388160107635385
dataset_aws-leak_15547_5_rrc04.csv,0.019444444444444445,65.0,20.0,0.01051156271899089,1.0,0.020804438280166433
dataset_aws-leak_34781_1_rrc04.csv,0.9840277777777777,65.0,20.0,0.3791208791208791,0.971830985915493,0.5454545454545455
dataset_aws-leak_34781_5_rrc04.csv,0.9638888888888889,65.0,20.0,0.2153846153846154,0.9333333333333333,0.3500000000000001
