,accuracy,epoch,lag,precision_0,recall_0,f1_0
dataset_moscow_blackout_1853_1_rrc05.csv,0.7333333333333333,15.0,20.0,0.07610276296655356,0.9181286549707602,0.1405550581915846
dataset_moscow_blackout_1853_5_rrc05.csv,0.9555555555555556,15.0,20.0,0.26229508196721313,0.45714285714285713,0.3333333333333333
dataset_moscow_blackout_12793_1_rrc05.csv,0.8429166666666666,15.0,20.0,0.11538461538461539,0.8421052631578947,0.2029598308668076
dataset_moscow_blackout_12793_5_rrc05.csv,0.7486111111111111,15.0,20.0,0.064,0.6857142857142857,0.11707317073170731
