,accuracy,epoch,lag,precision_0,recall_0,f1_0
dataset_aws-leak_15547_1_rrc04.csv,0.25069444444444444,71.0,20.0,0.012989388949871936,1.0,0.02564565649268557
dataset_aws-leak_15547_5_rrc04.csv,0.02013888888888889,71.0,20.0,0.010518934081346423,1.0,0.02081887578070784
dataset_aws-leak_34781_1_rrc04.csv,0.9847222222222223,71.0,20.0,0.3898305084745763,0.971830985915493,0.5564516129032258
dataset_aws-leak_34781_5_rrc04.csv,0.9638888888888889,71.0,20.0,0.2153846153846154,0.9333333333333333,0.3500000000000001
