,accuracy,epoch,lag,precision_0,recall_0,f1_0
dataset_moscow_blackout_1853_1_rrc05.csv,0.9302777777777778,96.0,20.0,0.2218487394957983,0.7719298245614035,0.3446475195822454
dataset_moscow_blackout_1853_5_rrc05.csv,0.8756944444444444,96.0,20.0,0.1326530612244898,0.7428571428571429,0.22510822510822512
dataset_moscow_blackout_12793_1_rrc05.csv,0.9934722222222222,96.0,20.0,0.848314606741573,0.8830409356725146,0.8653295128939827
dataset_moscow_blackout_12793_5_rrc05.csv,0.9659722222222222,96.0,20.0,0.3870967741935484,0.6857142857142857,0.4948453608247423
