,accuracy,epoch,lag,precision_0,recall_0,f1_0
dataset_aws-leak_15547_1_rrc04.csv,0.049166666666666664,75.0,20.0,0.010264565563105392,1.0,0.020320549513451632
dataset_aws-leak_15547_5_rrc04.csv,0.01597222222222222,75.0,20.0,0.01047486033519553,1.0,0.020732550103662747
dataset_aws-leak_34781_1_rrc04.csv,0.9320833333333334,75.0,20.0,0.12678571428571428,1.0,0.22503961965134706
dataset_aws-leak_34781_5_rrc04.csv,0.9416666666666667,75.0,20.0,0.15151515151515152,1.0,0.2631578947368421
