,accuracy,epoch,lag,precision_0,recall_0,f1_0
dataset_japan-earthquake_2497_1_rrc06.csv,0.8606944444444444,70.0,20.0,0.2780979827089337,0.9974160206718347,0.4349295774647887
dataset_japan-earthquake_2497_5_rrc06.csv,0.7076388888888889,70.0,20.0,0.15461847389558234,1.0,0.26782608695652177
dataset_japan-earthquake_10026_1_rv-sydney.csv,0.9640277777777778,70.0,20.0,0.5968253968253968,0.9868766404199475,0.7438180019782394
