,accuracy,epoch,lag,precision_0,recall_0,f1_0
dataset_moscow_blackout_1853_1_rrc05.csv,0.685,70.0,20.0,0.0683408810209963,0.9707602339181286,0.1276923076923077
dataset_moscow_blackout_1853_5_rrc05.csv,0.7840277777777778,70.0,20.0,0.08181818181818182,0.7714285714285715,0.14794520547945206
dataset_moscow_blackout_12793_1_rrc05.csv,0.9908333333333333,70.0,20.0,0.7638190954773869,0.8888888888888888,0.8216216216216216
dataset_moscow_blackout_12793_5_rrc05.csv,0.9604166666666667,70.0,20.0,0.35526315789473684,0.7714285714285715,0.48648648648648646
