,accuracy,epoch,lag,precision_0,recall_0,f1_0
dataset_aws-leak_15547_1_rrc04.csv,0.5368055555555555,43.0,20.0,0.020845566647093364,1.0,0.04083980442910554
dataset_aws-leak_15547_5_rrc04.csv,0.03263888888888889,43.0,20.0,0.01065340909090909,1.0,0.021082220660576245
dataset_aws-leak_34781_1_rrc04.csv,0.9829166666666667,43.0,20.0,0.3617021276595745,0.9577464788732394,0.5250965250965252
dataset_aws-leak_34781_5_rrc04.csv,0.9673611111111111,43.0,20.0,0.22413793103448276,0.8666666666666667,0.35616438356164387
