,accuracy,epoch,lag,precision_0,recall_0,f1_0
dataset_malaysian-telecom_25091_1_rrc04.csv,0.4075,9.0,20.0,0.04032439738679883,0.9675675675675676,0.0774221453287197
dataset_malaysian-telecom_25091_5_rrc04.csv,0.7395833333333334,9.0,20.0,0.08168316831683169,0.8918918918918919,0.14965986394557826
