,accuracy,epoch,lag,precision_0,recall_0,f1_0
dataset_moscow_blackout_1853_1_rrc05.csv,0.9593055555555555,81.0,20.0,0.34196891191709844,0.7719298245614035,0.4739676840215439
dataset_moscow_blackout_1853_5_rrc05.csv,0.9111111111111111,81.0,20.0,0.1793103448275862,0.7428571428571429,0.28888888888888886
dataset_moscow_blackout_12793_1_rrc05.csv,0.9933333333333333,81.0,20.0,0.847457627118644,0.8771929824561403,0.8620689655172413
dataset_moscow_blackout_12793_5_rrc05.csv,0.9666666666666667,81.0,20.0,0.3968253968253968,0.7142857142857143,0.5102040816326531
