,accuracy,epoch,lag,precision_0,recall_0,f1_0
dataset_code-red_513_1_rrc04.csv,0.9466087443946188,92.0,20.0,0.5883069427527405,0.9182509505703422,0.7171492204899776
dataset_code-red_513_5_rrc04.csv,0.7736111111111111,92.0,20.0,0.24537037037037038,1.0,0.3940520446096654
dataset_code-red_6893_1_rrc04.csv,0.9635650224215246,92.0,20.0,0.8982035928143712,0.5703422053231939,0.6976744186046512
dataset_code-red_6893_5_rrc04.csv,0.96875,92.0,20.0,0.7364341085271318,0.8962264150943396,0.8085106382978723
