,accuracy,epoch,lag,precision_0,recall_0,f1_0
dataset_nimda_513_1_rrc04.csv,0.6578947368421053,25.0,20.0,0.0,0.0,0.0
dataset_nimda_513_5_rrc04.csv,0.654296875,25.0,20.0,0.0,0.0,0.0
dataset_nimda_559_1_rrc04.csv,0.663796439628483,25.0,20.0,0.9838709677419355,0.017256011315417256,0.03391715318320823
dataset_nimda_559_5_rrc04.csv,0.69384765625,25.0,20.0,0.7083333333333334,0.19236209335219237,0.3025583982202448
dataset_nimda_6893_1_rrc04.csv,0.6580882352941176,25.0,20.0,0.6666666666666666,0.0005657708628005657,0.0011305822498586774
dataset_nimda_6893_5_rrc04.csv,0.6552734375,25.0,20.0,1.0,0.0014144271570014145,0.0028248587570621473
