,accuracy,epoch,lag,precision_0,recall_0,f1_0
dataset_japan-earthquake_2497_1_rrc06.csv,0.9119444444444444,47.0,20.0,0.3788027477919529,0.9974160206718347,0.5490753911806544
dataset_japan-earthquake_2497_5_rrc06.csv,0.7340277777777777,47.0,20.0,0.1673913043478261,1.0,0.28677839851024206
dataset_japan-earthquake_10026_1_rv-sydney.csv,0.9768055555555556,47.0,20.0,0.6996268656716418,0.984251968503937,0.8178844056706652
