,accuracy,epoch,lag,precision_0,recall_0,f1_0
dataset_japan-earthquake_2497_1_rrc06.csv,0.98875,73.0,20.0,0.8477272727272728,0.9638242894056848,0.902055622732769
dataset_japan-earthquake_2497_5_rrc06.csv,0.9409722222222222,73.0,20.0,0.47530864197530864,1.0,0.6443514644351465
dataset_japan-earthquake_10026_1_rv-sydney.csv,0.9858333333333333,73.0,20.0,0.8065934065934066,0.963254593175853,0.8779904306220095
