,accuracy,epoch,lag,precision_0,recall_0,f1_0
dataset_as9121_13237_1_rrc05.csv,0.89875,88.0,20.0,0.09577114427860696,0.9746835443037974,0.17440543601359002
dataset_as9121_13237_5_rrc05.csv,0.8819444444444444,88.0,20.0,0.07692307692307693,0.875,0.14141414141414144
