,accuracy,epoch,lag,precision_0,recall_0,f1_0
dataset_nimda_513_1_rrc04.csv,0.6578947368421053,46.0,20.0,0.0,0.0,0.0
dataset_nimda_513_5_rrc04.csv,0.65576171875,46.0,20.0,0.75,0.004243281471004243,0.008438818565400843
dataset_nimda_559_1_rrc04.csv,0.6595394736842105,46.0,20.0,0.9444444444444444,0.004809052333804809,0.009569377990430622
dataset_nimda_559_5_rrc04.csv,0.80029296875,46.0,20.0,0.9966666666666667,0.4229137199434229,0.5938430983118173
dataset_nimda_6893_1_rrc04.csv,0.6588622291021672,46.0,20.0,0.8461538461538461,0.0031117397454031117,0.0062006764374295375
dataset_nimda_6893_5_rrc04.csv,0.65576171875,46.0,20.0,1.0,0.002828854314002829,0.005641748942172073
