,accuracy,epoch,lag,precision_0,recall_0,f1_0
dataset_nimda_513_1_rrc04.csv,0.6620549535603715,6.0,20.0,0.6544117647058824,0.025176803394625177,0.04848815036774721
dataset_nimda_513_5_rrc04.csv,0.654296875,6.0,20.0,0.4878048780487805,0.028288543140028287,0.053475935828877004
dataset_nimda_559_1_rrc04.csv,0.6258707430340558,6.0,20.0,0.3581196581196581,0.11852899575671853,0.17810839532412326
dataset_nimda_559_5_rrc04.csv,0.6494140625,6.0,20.0,0.4246575342465753,0.04384724186704385,0.07948717948717948
dataset_nimda_6893_1_rrc04.csv,0.6568304953560371,6.0,20.0,0.3235294117647059,0.0031117397454031117,0.006164191650322219
dataset_nimda_6893_5_rrc04.csv,0.6474609375,6.0,20.0,0.10526315789473684,0.002828854314002829,0.005509641873278237
