,accuracy,epoch,lag,precision_0,recall_0,f1_0
dataset_nimda_513_1_rrc04.csv,0.6578947368421053,39.0,20.0,0.0,0.0,0.0
dataset_nimda_513_5_rrc04.csv,0.65576171875,39.0,20.0,0.75,0.004243281471004243,0.008438818565400843
dataset_nimda_559_1_rrc04.csv,0.6595394736842105,39.0,20.0,0.9444444444444444,0.004809052333804809,0.009569377990430622
dataset_nimda_559_5_rrc04.csv,0.7509765625,39.0,20.0,0.9949748743718593,0.28005657708628007,0.43708609271523186
dataset_nimda_6893_1_rrc04.csv,0.6585719814241486,39.0,20.0,0.8,0.002263083451202263,0.004513399153737658
dataset_nimda_6893_5_rrc04.csv,0.6552734375,39.0,20.0,1.0,0.0014144271570014145,0.0028248587570621473
