,accuracy,epoch,lag,precision_0,recall_0,f1_0
dataset_japan-earthquake_2497_1_rrc06.csv,0.9519444444444445,45.0,20.0,0.5281980742778541,0.9922480620155039,0.6894075403949729
dataset_japan-earthquake_2497_5_rrc06.csv,0.7972222222222223,45.0,20.0,0.2086720867208672,1.0,0.3452914798206278
dataset_japan-earthquake_10026_1_rv-sydney.csv,0.9826388888888888,45.0,20.0,0.7612244897959184,0.979002624671916,0.8564867967853044
