,accuracy,epoch,lag,precision_0,recall_0,f1_0
dataset_aws-leak_15547_1_rrc04.csv,0.08541666666666667,44.0,20.0,0.010667067307692308,1.0,0.02110896387691393
dataset_aws-leak_15547_5_rrc04.csv,0.018055555555555554,44.0,20.0,0.010496850944716585,1.0,0.02077562326869806
dataset_aws-leak_34781_1_rrc04.csv,0.9781944444444445,44.0,20.0,0.3080357142857143,0.971830985915493,0.4677966101694915
dataset_aws-leak_34781_5_rrc04.csv,0.9645833333333333,44.0,20.0,0.20967741935483872,0.8666666666666667,0.33766233766233766
