,accuracy,epoch,lag,precision_0,recall_0,f1_0
dataset_japan-earthquake_2497_1_rrc06.csv,0.8547222222222223,8.0,20.0,0.1834774255523535,0.4935400516795866,0.26750700280112044
dataset_japan-earthquake_2497_5_rrc06.csv,0.8993055555555556,8.0,20.0,0.32653061224489793,0.8311688311688312,0.46886446886446886
dataset_japan-earthquake_10026_1_rv-sydney.csv,0.9229166666666667,8.0,20.0,0.3273809523809524,0.4330708661417323,0.3728813559322034
