,accuracy,epoch,lag,precision_0,recall_0,f1_0
dataset_as9121_13237_1_rrc05.csv,0.9422222222222222,39.0,20.0,0.1540041067761807,0.9493670886075949,0.26501766784452296
dataset_as9121_13237_5_rrc05.csv,0.9048611111111111,39.0,20.0,0.08843537414965986,0.8125,0.15950920245398773
