,accuracy,epoch,lag,precision_0,recall_0,f1_0
dataset_code-red_513_1_rrc04.csv,0.3322589686098655,94.0,20.0,0.09941409941409941,1.0,0.18084923500085953
dataset_code-red_513_5_rrc04.csv,0.42916666666666664,94.0,20.0,0.11422413793103449,1.0,0.20502901353965186
dataset_code-red_6893_1_rrc04.csv,0.6887612107623319,94.0,20.0,0.18715393133997785,0.9638783269961977,0.31344667697063366
dataset_code-red_6893_5_rrc04.csv,0.7583333333333333,94.0,20.0,0.23348017621145375,1.0,0.37857142857142856
