,accuracy,epoch,lag,precision_0,recall_0,f1_0
dataset_slammer_513_1_rrc04.csv,0.8270833333333333,6.0,20.0,0.33618233618233617,0.10442477876106195,0.15935178933153277
dataset_slammer_513_5_rrc04.csv,0.84375,6.0,20.0,0.5066666666666667,0.168141592920354,0.25249169435215946
dataset_slammer_559_1_rrc04.csv,0.8184722222222223,6.0,20.0,0.3002257336343115,0.11769911504424779,0.16910362364907822
dataset_slammer_559_5_rrc04.csv,0.8618055555555556,6.0,20.0,0.6956521739130435,0.21238938053097345,0.32542372881355935
dataset_slammer_6893_1_rrc04.csv,0.8302777777777778,6.0,20.0,0.27884615384615385,0.05132743362831858,0.0866965620328849
dataset_slammer_6893_5_rrc04.csv,0.8486111111111111,6.0,20.0,0.5540540540540541,0.18141592920353983,0.2733333333333333
