,accuracy,epoch,lag,precision_0,recall_0,f1_0
dataset_malaysian-telecom_25091_1_rrc04.csv,0.028055555555555556,17.0,20.0,0.025755255464290687,1.0,0.05021715526601521
dataset_malaysian-telecom_25091_5_rrc04.csv,0.3888888888888889,17.0,20.0,0.04034896401308615,1.0,0.07756813417190776
