,accuracy,epoch,lag,precision_0,recall_0,f1_0
dataset_slammer_513_1_rrc04.csv,0.8245833333333333,16.0,20.0,0.4504839910647803,0.5353982300884956,0.4892842701172665
dataset_slammer_513_5_rrc04.csv,0.8798611111111111,16.0,20.0,0.7476635514018691,0.35398230088495575,0.48048048048048053
dataset_slammer_559_1_rrc04.csv,0.8608333333333333,16.0,20.0,0.6226053639846744,0.28761061946902655,0.39346246973365623
dataset_slammer_559_5_rrc04.csv,0.8951388888888889,16.0,20.0,0.8378378378378378,0.41150442477876104,0.5519287833827893
dataset_slammer_6893_1_rrc04.csv,0.8677777777777778,16.0,20.0,0.6901709401709402,0.28584070796460176,0.4042553191489362
dataset_slammer_6893_5_rrc04.csv,0.8777777777777778,16.0,20.0,0.7551020408163265,0.3274336283185841,0.4567901234567901
