,accuracy,epoch,lag,precision_0,recall_0,f1_0
dataset_moscow_blackout_1853_1_rrc05.csv,0.9566666666666667,20.0,20.0,0.3178294573643411,0.7192982456140351,0.4408602150537634
dataset_moscow_blackout_1853_5_rrc05.csv,0.9583333333333334,20.0,20.0,0.2807017543859649,0.45714285714285713,0.3478260869565218
dataset_moscow_blackout_12793_1_rrc05.csv,0.9829166666666667,20.0,20.0,0.6100917431192661,0.7777777777777778,0.6838046272493573
dataset_moscow_blackout_12793_5_rrc05.csv,0.9361111111111111,20.0,20.0,0.21212121212121213,0.6,0.3134328358208955
