,accuracy,epoch,lag,precision_0,recall_0,f1_0
dataset_slammer_513_1_rrc04.csv,0.9069444444444444,44.0,20.0,0.6395631067961165,0.9327433628318584,0.7588192944564435
dataset_slammer_513_5_rrc04.csv,0.9708333333333333,44.0,20.0,0.9070796460176991,0.9070796460176991,0.9070796460176991
dataset_slammer_559_1_rrc04.csv,0.39361111111111113,44.0,20.0,0.20560407569141192,1.0,0.34108059160881377
dataset_slammer_559_5_rrc04.csv,0.5784722222222223,44.0,20.0,0.27075812274368233,0.995575221238938,0.4257332071901609
dataset_slammer_6893_1_rrc04.csv,0.7272222222222222,44.0,20.0,0.35787321063394684,0.9292035398230089,0.516732283464567
dataset_slammer_6893_5_rrc04.csv,0.9652777777777778,44.0,20.0,0.9631578947368421,0.8097345132743363,0.8798076923076924
