,accuracy,epoch,lag,precision_0,recall_0,f1_0
dataset_slammer_513_1_rrc04.csv,0.48236111111111113,48.0,20.0,0.23210233133897257,0.995575221238938,0.3764430316212146
dataset_slammer_513_5_rrc04.csv,0.94375,48.0,20.0,0.7441077441077442,0.9778761061946902,0.8451242829827915
dataset_slammer_559_1_rrc04.csv,0.17180555555555554,48.0,20.0,0.1593119977442549,1.0,0.27483886659370055
dataset_slammer_559_5_rrc04.csv,0.45069444444444445,48.0,20.0,0.2222222222222222,1.0,0.3636363636363636
dataset_slammer_6893_1_rrc04.csv,0.23208333333333334,48.0,20.0,0.1696951494218351,1.0,0.2901527795609193
dataset_slammer_6893_5_rrc04.csv,0.9326388888888889,48.0,20.0,0.7263157894736842,0.915929203539823,0.8101761252446185
