,accuracy,epoch,lag,precision_0,recall_0,f1_0
dataset_slammer_513_1_rrc04.csv,0.9383333333333334,57.0,20.0,0.9513157894736842,0.6398230088495576,0.7650793650793652
dataset_slammer_513_5_rrc04.csv,0.95625,57.0,20.0,0.9054726368159204,0.8053097345132744,0.8524590163934427
dataset_slammer_559_1_rrc04.csv,0.6479166666666667,57.0,20.0,0.3080076523640339,0.9973451327433628,0.4706619335978283
dataset_slammer_559_5_rrc04.csv,0.64375,57.0,20.0,0.3047619047619048,0.9911504424778761,0.46618106139438087
dataset_slammer_6893_1_rrc04.csv,0.9519444444444445,57.0,20.0,0.9547563805104409,0.7283185840707964,0.8263052208835341
dataset_slammer_6893_5_rrc04.csv,0.9618055555555556,57.0,20.0,0.9572192513368984,0.7920353982300885,0.8668280871670703
