,accuracy,epoch,lag,precision_0,recall_0,f1_0
dataset_malaysian-telecom_25091_1_rrc04.csv,0.02666666666666667,78.0,20.0,0.025719449464757405,1.0,0.050149091894822445
dataset_malaysian-telecom_25091_5_rrc04.csv,0.1736111111111111,78.0,20.0,0.03015484922575387,1.0,0.05854430379746835
