,accuracy,epoch,lag,precision_0,recall_0,f1_0
dataset_as9121_13237_1_rrc05.csv,0.9301388888888888,50.0,20.0,0.13321799307958476,0.9746835443037974,0.23439878234398778
dataset_as9121_13237_5_rrc05.csv,0.90625,50.0,20.0,0.0896551724137931,0.8125,0.16149068322981366
