,accuracy,epoch,lag,precision_0,recall_0,f1_0
dataset_nimda_513_1_rrc04.csv,0.6586687306501547,14.0,20.0,0.6521739130434783,0.004243281471004243,0.008431703204047217
dataset_nimda_513_5_rrc04.csv,0.6552734375,14.0,20.0,0.5333333333333333,0.011315417256011316,0.022160664819944602
dataset_nimda_559_1_rrc04.csv,0.6554760061919505,14.0,20.0,0.410958904109589,0.016973125884016973,0.032599837000815
dataset_nimda_559_5_rrc04.csv,0.6572265625,14.0,20.0,0.5862068965517241,0.024045261669024046,0.04619565217391304
dataset_nimda_6893_1_rrc04.csv,0.6576044891640866,14.0,20.0,0.35714285714285715,0.0014144271570014145,0.0028176951253874333
dataset_nimda_6893_5_rrc04.csv,0.6533203125,14.0,20.0,0.2857142857142857,0.002828854314002829,0.0056022408963585435
