,accuracy,epoch,lag,precision_0,recall_0,f1_0
dataset_slammer_513_1_rrc04.csv,0.9627777777777777,32.0,20.0,0.9705240174672489,0.7867256637168142,0.869012707722385
dataset_slammer_513_5_rrc04.csv,0.9645833333333333,32.0,20.0,0.9629629629629629,0.8053097345132744,0.8771084337349397
dataset_slammer_559_1_rrc04.csv,0.9119444444444444,32.0,20.0,0.6671159029649596,0.8761061946902655,0.757459831675593
dataset_slammer_559_5_rrc04.csv,0.9430555555555555,32.0,20.0,0.7416107382550335,0.9778761061946902,0.8435114503816793
dataset_slammer_6893_1_rrc04.csv,0.9718055555555556,32.0,20.0,0.9925611052072264,0.8265486725663717,0.901979719942057
dataset_slammer_6893_5_rrc04.csv,0.9590277777777778,32.0,20.0,0.9883040935672515,0.7477876106194691,0.8513853904282117
