,accuracy,epoch,lag,precision_0,recall_0,f1_0
dataset_code-red_513_1_rrc04.csv,0.960902466367713,80.0,20.0,0.7257769652650823,0.7547528517110266,0.7399813606710158
dataset_code-red_513_5_rrc04.csv,0.8951388888888889,80.0,20.0,0.4050632911392405,0.9056603773584906,0.5597667638483965
dataset_code-red_6893_1_rrc04.csv,0.9339966367713004,80.0,20.0,0.8666666666666667,0.12357414448669202,0.21630615640599002
dataset_code-red_6893_5_rrc04.csv,0.9638888888888889,80.0,20.0,0.8068181818181818,0.6698113207547169,0.7319587628865978
