,accuracy,epoch,lag,precision_0,recall_0,f1_0
dataset_japan-earthquake_2497_1_rrc06.csv,0.9441666666666667,10.0,20.0,0.4678111587982833,0.28165374677002586,0.35161290322580646
dataset_japan-earthquake_2497_5_rrc06.csv,0.9458333333333333,10.0,20.0,0.4957983193277311,0.7662337662337663,0.6020408163265306
dataset_japan-earthquake_10026_1_rv-sydney.csv,0.9556944444444444,10.0,20.0,0.6099290780141844,0.45144356955380577,0.5188536953242836
