,accuracy,epoch,lag,precision_0,recall_0,f1_0
dataset_japan-earthquake_2497_1_rrc06.csv,0.8230555555555555,90.0,20.0,0.2326702833031947,0.9974160206718347,0.37732160312805474
dataset_japan-earthquake_2497_5_rrc06.csv,0.6631944444444444,90.0,20.0,0.13701067615658363,1.0,0.2410015649452269
dataset_japan-earthquake_10026_1_rv-sydney.csv,0.9597222222222223,90.0,20.0,0.5688350983358548,0.9868766404199475,0.7216890595009597
