,accuracy,epoch,lag,precision_0,recall_0,f1_0
dataset_japan-earthquake_2497_1_rrc06.csv,0.9834722222222222,85.0,20.0,0.7780082987551867,0.9689922480620154,0.8630609896432682
dataset_japan-earthquake_2497_5_rrc06.csv,0.9145833333333333,85.0,20.0,0.385,1.0,0.555956678700361
dataset_japan-earthquake_10026_1_rv-sydney.csv,0.9822222222222222,85.0,20.0,0.7576374745417516,0.9763779527559056,0.853211009174312
