,accuracy,epoch,lag,precision_0,recall_0,f1_0
dataset_malaysian-telecom_25091_1_rrc04.csv,0.02666666666666667,68.0,20.0,0.025719449464757405,1.0,0.050149091894822445
dataset_malaysian-telecom_25091_5_rrc04.csv,0.15069444444444444,68.0,20.0,0.029365079365079365,1.0,0.05705474171164226
