,accuracy,epoch,lag,precision_0,recall_0,f1_0
dataset_nimda_513_1_rrc04.csv,0.66031346749226,4.0,20.0,0.5588235294117647,0.03224893917963225,0.06097887135597754
dataset_nimda_513_5_rrc04.csv,0.65380859375,4.0,20.0,0.4772727272727273,0.0297029702970297,0.055925432756324896
dataset_nimda_559_1_rrc04.csv,0.6159055727554179,4.0,20.0,0.3525423728813559,0.1471004243281471,0.20758483033932137
dataset_nimda_559_5_rrc04.csv,0.6474609375,4.0,20.0,0.40963855421686746,0.04809052333804809,0.08607594936708861
dataset_nimda_6893_1_rrc04.csv,0.656733746130031,4.0,20.0,0.32432432432432434,0.0033946251768033945,0.006718924972004479
dataset_nimda_6893_5_rrc04.csv,0.64794921875,4.0,20.0,0.18181818181818182,0.005657708628005658,0.010973936899862825
