,accuracy,epoch,lag,precision_0,recall_0,f1_0
dataset_code-red_513_1_rrc04.csv,0.5044843049327354,60.0,20.0,0.1294928606597735,1.0,0.2292938099389712
dataset_code-red_513_5_rrc04.csv,0.5256944444444445,60.0,20.0,0.13434727503168567,1.0,0.23687150837988827
dataset_code-red_6893_1_rrc04.csv,0.8768217488789237,60.0,20.0,0.37237888647866957,0.9790874524714829,0.5395495023572551
dataset_code-red_6893_5_rrc04.csv,0.8076388888888889,60.0,20.0,0.27676240208877284,1.0,0.4335378323108384
