,accuracy,epoch,lag,precision_0,recall_0,f1_0
dataset_moscow_blackout_1853_1_rrc05.csv,0.9501388888888889,89.0,20.0,0.29295154185022027,0.7777777777777778,0.4256
dataset_moscow_blackout_1853_5_rrc05.csv,0.8930555555555556,89.0,20.0,0.15204678362573099,0.7428571428571429,0.2524271844660194
dataset_moscow_blackout_12793_1_rrc05.csv,0.9934722222222222,89.0,20.0,0.848314606741573,0.8830409356725146,0.8653295128939827
dataset_moscow_blackout_12793_5_rrc05.csv,0.9659722222222222,89.0,20.0,0.3870967741935484,0.6857142857142857,0.4948453608247423
