,accuracy,epoch,lag,precision_0,recall_0,f1_0
dataset_moscow_blackout_1853_1_rrc05.csv,0.9463888888888888,43.0,20.0,0.2755741127348643,0.7719298245614035,0.4061538461538462
dataset_moscow_blackout_1853_5_rrc05.csv,0.9069444444444444,43.0,20.0,0.16778523489932887,0.7142857142857143,0.27173913043478265
dataset_moscow_blackout_12793_1_rrc05.csv,0.9876388888888888,43.0,20.0,0.6915887850467289,0.8654970760233918,0.7688311688311686
dataset_moscow_blackout_12793_5_rrc05.csv,0.9375,43.0,20.0,0.23809523809523808,0.7142857142857143,0.35714285714285715
