,accuracy,epoch,lag,precision_0,recall_0,f1_0
dataset_slammer_513_1_rrc04.csv,0.7108333333333333,42.0,20.0,0.35078369905956114,0.9902654867256637,0.5180555555555555
dataset_slammer_513_5_rrc04.csv,0.9736111111111111,42.0,20.0,0.8916666666666667,0.9469026548672567,0.9184549356223176
dataset_slammer_559_1_rrc04.csv,0.34180555555555553,42.0,20.0,0.19253705912421196,1.0,0.32290327189598517
dataset_slammer_559_5_rrc04.csv,0.5791666666666667,42.0,20.0,0.2710843373493976,0.995575221238938,0.4261363636363636
dataset_slammer_6893_1_rrc04.csv,0.5201388888888889,42.0,20.0,0.24500987058565474,0.988495575221239,0.3926876428194762
dataset_slammer_6893_5_rrc04.csv,0.9659722222222222,42.0,20.0,0.9538461538461539,0.8230088495575221,0.8836104513064134
