,accuracy,epoch,lag,precision_0,recall_0,f1_0
dataset_slammer_513_1_rrc04.csv,0.39666666666666667,25.0,20.0,0.20589311859443632,0.995575221238938,0.34121929026387626
dataset_slammer_513_5_rrc04.csv,0.9736111111111111,25.0,20.0,0.8821138211382114,0.9601769911504425,0.9194915254237288
dataset_slammer_559_1_rrc04.csv,0.54625,25.0,20.0,0.24021395575006077,0.8743362831858407,0.3768834636658402
dataset_slammer_559_5_rrc04.csv,0.88125,25.0,20.0,0.5703324808184144,0.9867256637168141,0.7228525121555915
dataset_slammer_6893_1_rrc04.csv,0.4513888888888889,25.0,20.0,0.21968190854870775,0.9778761061946902,0.3587662337662338
dataset_slammer_6893_5_rrc04.csv,0.9527777777777777,25.0,20.0,0.9114583333333334,0.7743362831858407,0.8373205741626795
