,accuracy,epoch,lag,precision_0,recall_0,f1_0
dataset_code-red_513_1_rrc04.csv,0.9545964125560538,66.0,20.0,0.6455331412103746,0.8517110266159695,0.7344262295081967
dataset_code-red_513_5_rrc04.csv,0.8777777777777778,66.0,20.0,0.375886524822695,1.0,0.5463917525773195
dataset_code-red_6893_1_rrc04.csv,0.9595011210762332,66.0,20.0,0.9372693726937269,0.4828897338403042,0.6373902132998746
dataset_code-red_6893_5_rrc04.csv,0.9701388888888889,66.0,20.0,0.7739130434782608,0.839622641509434,0.8054298642533937
