,accuracy,epoch,lag,precision_0,recall_0,f1_0
dataset_slammer_513_1_rrc04.csv,0.9547222222222222,46.0,20.0,0.958904109589041,0.7433628318584071,0.8374875373878364
dataset_slammer_513_5_rrc04.csv,0.9659722222222222,46.0,20.0,0.9116279069767442,0.8672566371681416,0.8888888888888891
dataset_slammer_559_1_rrc04.csv,0.5313888888888889,46.0,20.0,0.25055580257892396,0.9973451327433628,0.4004975124378109
dataset_slammer_559_5_rrc04.csv,0.6194444444444445,46.0,20.0,0.2909090909090909,0.9911504424778761,0.4497991967871486
dataset_slammer_6893_1_rrc04.csv,0.9706944444444444,46.0,20.0,0.9627391742195368,0.8460176991150442,0.9006123410268488
dataset_slammer_6893_5_rrc04.csv,0.9652777777777778,46.0,20.0,0.9680851063829787,0.8053097345132744,0.8792270531400965
