,accuracy,epoch,lag,precision_0,recall_0,f1_0
dataset_moscow_blackout_1853_1_rrc05.csv,0.9630555555555556,52.0,20.0,0.36694677871148457,0.7660818713450293,0.4962121212121211
dataset_moscow_blackout_1853_5_rrc05.csv,0.9284722222222223,52.0,20.0,0.211864406779661,0.7142857142857143,0.32679738562091504
dataset_moscow_blackout_12793_1_rrc05.csv,0.9923611111111111,52.0,20.0,0.8186813186813187,0.8713450292397661,0.8441926345609065
dataset_moscow_blackout_12793_5_rrc05.csv,0.9597222222222223,52.0,20.0,0.3466666666666667,0.7428571428571429,0.4727272727272728
