,accuracy,epoch,lag,precision_0,recall_0,f1_0
dataset_japan-earthquake_2497_1_rrc06.csv,0.9358333333333333,40.0,20.0,0.4557260920897285,0.9974160206718347,0.6256077795786061
dataset_japan-earthquake_2497_5_rrc06.csv,0.7388888888888889,40.0,20.0,0.16997792494481237,1.0,0.29056603773584905
dataset_japan-earthquake_10026_1_rv-sydney.csv,0.9818055555555556,40.0,20.0,0.7626050420168067,0.952755905511811,0.8471411901983663
