,accuracy,epoch,lag,precision_0,recall_0,f1_0
dataset_code-red_513_1_rrc04.csv,0.8897141255605381,75.0,20.0,0.3990719257540603,0.9809885931558935,0.5673446948873008
dataset_code-red_513_5_rrc04.csv,0.7041666666666667,75.0,20.0,0.19924812030075187,1.0,0.33228840125391845
dataset_code-red_6893_1_rrc04.csv,0.9774383408071748,75.0,20.0,0.8253119429590018,0.8802281368821293,0.8518859245630175
dataset_code-red_6893_5_rrc04.csv,0.95625,75.0,20.0,0.6405228758169934,0.9245283018867925,0.7567567567567568
