,accuracy,epoch,lag,precision_0,recall_0,f1_0
dataset_nimda_513_1_rrc04.csv,0.6578947368421053,76.0,20.0,0.0,0.0,0.0
dataset_nimda_513_5_rrc04.csv,0.6572265625,76.0,20.0,0.8571428571428571,0.008486562942008486,0.01680672268907563
dataset_nimda_559_1_rrc04.csv,0.6577979876160991,76.0,20.0,0.0,0.0,0.0
dataset_nimda_559_5_rrc04.csv,0.73681640625,76.0,20.0,0.9468085106382979,0.25176803394625175,0.39776536312849164
dataset_nimda_6893_1_rrc04.csv,0.658765479876161,76.0,20.0,0.7222222222222222,0.0036775106082036777,0.007317759639741064
dataset_nimda_6893_5_rrc04.csv,0.65869140625,76.0,20.0,0.9,0.01272984441301273,0.02510460251046025
