,accuracy,epoch,lag,precision_0,recall_0,f1_0
dataset_japan-earthquake_2497_1_rrc06.csv,0.9138888888888889,23.0,20.0,0.38384845463609174,0.9948320413436692,0.5539568345323741
dataset_japan-earthquake_2497_5_rrc06.csv,0.8756944444444444,23.0,20.0,0.2976190476190476,0.974025974025974,0.4559270516717325
dataset_japan-earthquake_10026_1_rv-sydney.csv,0.9663888888888889,23.0,20.0,0.6156405990016639,0.9711286089238845,0.7535641547861507
