,accuracy,epoch,lag,precision_0,recall_0,f1_0
dataset_slammer_513_1_rrc04.csv,0.6936111111111111,11.0,20.0,0.2861685214626391,0.6371681415929203,0.3949533735600658
dataset_slammer_513_5_rrc04.csv,0.8555555555555555,11.0,20.0,0.5681818181818182,0.33185840707964603,0.41899441340782123
dataset_slammer_559_1_rrc04.csv,0.8230555555555555,11.0,20.0,0.39285714285714285,0.2336283185840708,0.293007769145394
dataset_slammer_559_5_rrc04.csv,0.8819444444444444,11.0,20.0,0.7692307692307693,0.35398230088495575,0.48484848484848486
dataset_slammer_6893_1_rrc04.csv,0.7986111111111112,11.0,20.0,0.3449612403100775,0.31504424778761064,0.32932469935245146
dataset_slammer_6893_5_rrc04.csv,0.8680555555555556,11.0,20.0,0.6730769230769231,0.30973451327433627,0.4242424242424242
