,accuracy,epoch,lag,precision_0,recall_0,f1_0
dataset_slammer_513_1_rrc04.csv,0.9225,97.0,20.0,0.9205882352941176,0.5539823008849557,0.6917127071823204
dataset_slammer_513_5_rrc04.csv,0.9520833333333333,97.0,20.0,0.8984771573604061,0.7831858407079646,0.8368794326241135
dataset_slammer_559_1_rrc04.csv,0.64125,97.0,20.0,0.30401942271378474,0.9973451327433628,0.46599131693198265
dataset_slammer_559_5_rrc04.csv,0.6,97.0,20.0,0.28125,0.995575221238938,0.4385964912280702
dataset_slammer_6893_1_rrc04.csv,0.9404166666666667,97.0,20.0,0.9453621346886912,0.6584070796460177,0.7762128325508608
dataset_slammer_6893_5_rrc04.csv,0.9493055555555555,97.0,20.0,0.8768472906403941,0.7876106194690266,0.8298368298368298
