,accuracy,epoch,lag,precision_0,recall_0,f1_0
dataset_as9121_13237_1_rrc05.csv,0.9483333333333334,11.0,20.0,0.1632183908045977,0.8987341772151899,0.27626459143968873
dataset_as9121_13237_5_rrc05.csv,0.9631944444444445,11.0,20.0,0.13725490196078433,0.4375,0.20895522388059706
