,accuracy,epoch,lag,precision_0,recall_0,f1_0
dataset_code-red_513_1_rrc04.csv,0.6257006726457399,81.0,20.0,0.16452924616828277,1.0,0.28256782164920763
dataset_code-red_513_5_rrc04.csv,0.5513888888888889,81.0,20.0,0.14095744680851063,1.0,0.24708624708624707
dataset_code-red_6893_1_rrc04.csv,0.9431053811659192,81.0,20.0,0.5674157303370787,0.9600760456273765,0.7132768361581922
dataset_code-red_6893_5_rrc04.csv,0.9069444444444444,81.0,20.0,0.44166666666666665,1.0,0.6127167630057804
