,accuracy,epoch,lag,precision_0,recall_0,f1_0
dataset_slammer_513_1_rrc04.csv,0.9497222222222222,58.0,20.0,0.949648711943794,0.7176991150442478,0.8175403225806451
dataset_slammer_513_5_rrc04.csv,0.96875,58.0,20.0,0.9095022624434389,0.8893805309734514,0.8993288590604027
dataset_slammer_559_1_rrc04.csv,0.48277777777777775,58.0,20.0,0.23246699669966997,0.9973451327433628,0.3770491803278689
dataset_slammer_559_5_rrc04.csv,0.58125,58.0,20.0,0.2720677146311971,0.995575221238938,0.42735042735042733
dataset_slammer_6893_1_rrc04.csv,0.9670833333333333,58.0,20.0,0.9399014778325123,0.8442477876106195,0.8895104895104896
dataset_slammer_6893_5_rrc04.csv,0.9631944444444445,58.0,20.0,0.9528795811518325,0.8053097345132744,0.8729016786570744
