,accuracy,epoch,lag,precision_0,recall_0,f1_0
dataset_aws-leak_15547_1_rrc04.csv,0.03819444444444445,49.0,20.0,0.01014865637507147,1.0,0.020093391821140512
dataset_aws-leak_15547_5_rrc04.csv,0.015277777777777777,49.0,20.0,0.0104675505931612,1.0,0.02071823204419889
dataset_aws-leak_34781_1_rrc04.csv,0.8326388888888889,49.0,20.0,0.055642633228840124,1.0,0.1054194506310319
dataset_aws-leak_34781_5_rrc04.csv,0.9423611111111111,49.0,20.0,0.15306122448979592,1.0,0.2654867256637168
