,accuracy,epoch,lag,precision_0,recall_0,f1_0
dataset_as9121_13237_1_rrc05.csv,0.9673611111111111,37.0,20.0,0.24172185430463577,0.9240506329113924,0.38320209973753283
dataset_as9121_13237_5_rrc05.csv,0.9520833333333333,37.0,20.0,0.14666666666666667,0.6875,0.24175824175824173
