,accuracy,epoch,lag,precision_0,recall_0,f1_0
dataset_as9121_13237_1_rrc05.csv,0.9826388888888888,24.0,20.0,0.375,0.8734177215189873,0.5247148288973383
dataset_as9121_13237_5_rrc05.csv,0.9708333333333333,24.0,20.0,0.20454545454545456,0.5625,0.3
