,accuracy,epoch,lag,precision_0,recall_0,f1_0
dataset_as9121_13237_1_rrc05.csv,0.8983333333333333,20.0,20.0,0.09238451935081149,0.9367088607594937,0.16818181818181818
dataset_as9121_13237_5_rrc05.csv,0.9423611111111111,20.0,20.0,0.11494252873563218,0.625,0.1941747572815534
