,accuracy,epoch,lag,precision_0,recall_0,f1_0
dataset_slammer_513_1_rrc04.csv,0.9406944444444445,55.0,20.0,0.9209580838323354,0.6805309734513274,0.7826972010178118
dataset_slammer_513_5_rrc04.csv,0.9597222222222223,55.0,20.0,0.9,0.8362831858407079,0.8669724770642201
dataset_slammer_559_1_rrc04.csv,0.5155555555555555,55.0,20.0,0.24436253252385082,0.9973451327433628,0.3925461511668408
dataset_slammer_559_5_rrc04.csv,0.5895833333333333,55.0,20.0,0.27607361963190186,0.995575221238938,0.43227665706051877
dataset_slammer_6893_1_rrc04.csv,0.9298611111111111,55.0,20.0,0.7498001598721024,0.8300884955752212,0.7879042419151617
dataset_slammer_6893_5_rrc04.csv,0.9638888888888889,55.0,20.0,0.953125,0.8097345132743363,0.8755980861244019
