,accuracy,epoch,lag,precision_0,recall_0,f1_0
dataset_japan-earthquake_2497_1_rrc06.csv,0.9841666666666666,89.0,20.0,0.7802874743326489,0.9819121447028424,0.8695652173913044
dataset_japan-earthquake_2497_5_rrc06.csv,0.8798611111111111,89.0,20.0,0.308,1.0,0.4709480122324159
dataset_japan-earthquake_10026_1_rv-sydney.csv,0.9851388888888889,89.0,20.0,0.7927350427350427,0.973753280839895,0.8739693757361601
