,accuracy,epoch,lag,precision_0,recall_0,f1_0
dataset_as9121_13237_1_rrc05.csv,0.9656944444444444,35.0,20.0,0.23417721518987342,0.9367088607594937,0.37468354430379747
dataset_as9121_13237_5_rrc05.csv,0.95,35.0,20.0,0.15,0.75,0.24999999999999997
