,accuracy,epoch,lag,precision_0,recall_0,f1_0
dataset_aws-leak_15547_1_rrc04.csv,0.29847222222222225,98.0,20.0,0.013861772745021476,1.0,0.027344502214519548
dataset_aws-leak_15547_5_rrc04.csv,0.019444444444444445,98.0,20.0,0.01051156271899089,1.0,0.020804438280166433
dataset_aws-leak_34781_1_rrc04.csv,0.9825,98.0,20.0,0.35751295336787564,0.971830985915493,0.5227272727272727
dataset_aws-leak_34781_5_rrc04.csv,0.9597222222222223,98.0,20.0,0.19718309859154928,0.9333333333333333,0.3255813953488372
