,accuracy,epoch,lag,precision_0,recall_0,f1_0
dataset_code-red_513_1_rrc04.csv,0.5280269058295964,64.0,20.0,0.13507960965588084,1.0,0.23800904977375564
dataset_code-red_513_5_rrc04.csv,0.5361111111111111,64.0,20.0,0.13695090439276486,1.0,0.24090909090909093
dataset_code-red_6893_1_rrc04.csv,0.9310538116591929,64.0,20.0,0.5171717171717172,0.973384030418251,0.6754617414248021
dataset_code-red_6893_5_rrc04.csv,0.8319444444444445,64.0,20.0,0.30346820809248554,0.9905660377358491,0.4646017699115045
