,accuracy,epoch,lag,precision_0,recall_0,f1_0
dataset_malaysian-telecom_25091_1_rrc04.csv,0.6829166666666666,4.0,20.0,0.06831275720164609,0.8972972972972973,0.12695984703632887
dataset_malaysian-telecom_25091_5_rrc04.csv,0.8659722222222223,4.0,20.0,0.125,0.7027027027027027,0.21224489795918366
