,accuracy,epoch,lag,precision_0,recall_0,f1_0
dataset_nimda_513_1_rrc04.csv,0.6581849845201239,55.0,20.0,0.75,0.0008486562942008486,0.0016953941791466515
dataset_nimda_513_5_rrc04.csv,0.65869140625,55.0,20.0,0.9,0.01272984441301273,0.02510460251046025
dataset_nimda_559_1_rrc04.csv,0.6921439628482973,55.0,20.0,0.9943977591036415,0.10042432814710042,0.18242548818088386
dataset_nimda_559_5_rrc04.csv,0.86279296875,55.0,20.0,0.8597972972972973,0.7199434229137199,0.783679753656659
dataset_nimda_6893_1_rrc04.csv,0.6593459752321982,55.0,20.0,0.85,0.004809052333804809,0.009563994374120957
dataset_nimda_6893_5_rrc04.csv,0.6591796875,55.0,20.0,0.9090909090909091,0.014144271570014143,0.027855153203342614
