,accuracy,epoch,lag,precision_0,recall_0,f1_0
dataset_as9121_13237_1_rrc05.csv,0.7670833333333333,58.0,20.0,0.044988610478359906,1.0,0.08610354223433242
dataset_as9121_13237_5_rrc05.csv,0.8854166666666666,58.0,20.0,0.07909604519774012,0.875,0.14507772020725387
