,accuracy,epoch,lag,precision_0,recall_0,f1_0
dataset_moscow_blackout_1853_1_rrc05.csv,0.9526388888888889,31.0,20.0,0.3111111111111111,0.8187134502923976,0.45088566827697263
dataset_moscow_blackout_1853_5_rrc05.csv,0.9243055555555556,31.0,20.0,0.19166666666666668,0.6571428571428571,0.29677419354838713
dataset_moscow_blackout_12793_1_rrc05.csv,0.9858333333333333,31.0,20.0,0.6519823788546255,0.8654970760233918,0.743718592964824
dataset_moscow_blackout_12793_5_rrc05.csv,0.9340277777777778,31.0,20.0,0.22727272727272727,0.7142857142857143,0.3448275862068965
