,accuracy,epoch,lag,precision_0,recall_0,f1_0
dataset_moscow_blackout_1853_1_rrc05.csv,0.9140277777777778,99.0,20.0,0.18627450980392157,0.7777777777777778,0.30056497175141245
dataset_moscow_blackout_1853_5_rrc05.csv,0.8590277777777777,99.0,20.0,0.11818181818181818,0.7428571428571429,0.20392156862745098
dataset_moscow_blackout_12793_1_rrc05.csv,0.9933333333333333,99.0,20.0,0.8435754189944135,0.8830409356725146,0.8628571428571428
dataset_moscow_blackout_12793_5_rrc05.csv,0.9659722222222222,99.0,20.0,0.3870967741935484,0.6857142857142857,0.4948453608247423
