,accuracy,epoch,lag,precision_0,recall_0,f1_0
dataset_slammer_513_1_rrc04.csv,0.9005555555555556,49.0,20.0,0.6213364595545134,0.9380530973451328,0.7475317348377996
dataset_slammer_513_5_rrc04.csv,0.975,49.0,20.0,0.905982905982906,0.9380530973451328,0.9217391304347826
dataset_slammer_559_1_rrc04.csv,0.2798611111111111,49.0,20.0,0.1789390340459224,1.0,0.3035594358629953
dataset_slammer_559_5_rrc04.csv,0.5354166666666667,49.0,20.0,0.251959686450168,0.995575221238938,0.40214477211796246
dataset_slammer_6893_1_rrc04.csv,0.6794444444444444,49.0,20.0,0.32216183574879226,0.9442477876106194,0.48041422782530385
dataset_slammer_6893_5_rrc04.csv,0.9611111111111111,49.0,20.0,0.9207920792079208,0.8230088495575221,0.8691588785046729
