,accuracy,epoch,lag,precision_0,recall_0,f1_0
dataset_nimda_513_1_rrc04.csv,0.6594427244582043,11.0,20.0,0.6363636363636364,0.009900990099009901,0.019498607242339833
dataset_nimda_513_5_rrc04.csv,0.654296875,11.0,20.0,0.4782608695652174,0.015558698727015558,0.030136986301369864
dataset_nimda_559_1_rrc04.csv,0.6460913312693498,11.0,20.0,0.35730858468677495,0.04356435643564356,0.07766011094301563
dataset_nimda_559_5_rrc04.csv,0.65478515625,11.0,20.0,0.5,0.028288543140028287,0.0535475234270415
dataset_nimda_6893_1_rrc04.csv,0.6572174922600619,11.0,20.0,0.3,0.0016973125884016972,0.003375527426160337
dataset_nimda_6893_5_rrc04.csv,0.65087890625,11.0,20.0,0.16666666666666666,0.002828854314002829,0.005563282336578582
