,accuracy,epoch,lag,precision_0,recall_0,f1_0
dataset_nimda_513_1_rrc04.csv,0.6578947368421053,21.0,20.0,0.0,0.0,0.0
dataset_nimda_513_5_rrc04.csv,0.654296875,21.0,20.0,0.0,0.0,0.0
dataset_nimda_559_1_rrc04.csv,0.7183630030959752,21.0,20.0,0.9890282131661442,0.1785007072135785,0.30242032111190986
dataset_nimda_559_5_rrc04.csv,0.7392578125,21.0,20.0,0.7167919799498746,0.4045261669024045,0.5171790235081373
dataset_nimda_6893_1_rrc04.csv,0.6579914860681114,21.0,20.0,0.5,0.0005657708628005657,0.0011302627860977678
dataset_nimda_6893_5_rrc04.csv,0.6552734375,21.0,20.0,1.0,0.0014144271570014145,0.0028248587570621473
