,accuracy,epoch,lag,precision_0,recall_0,f1_0
dataset_slammer_513_1_rrc04.csv,0.8884722222222222,19.0,20.0,0.807909604519774,0.37964601769911505,0.5165562913907286
dataset_slammer_513_5_rrc04.csv,0.8868055555555555,19.0,20.0,0.8181818181818182,0.3584070796460177,0.4984615384615385
dataset_slammer_559_1_rrc04.csv,0.8845833333333334,19.0,20.0,0.8421052631578947,0.3256637168141593,0.46968730057434593
dataset_slammer_559_5_rrc04.csv,0.9055555555555556,19.0,20.0,0.8947368421052632,0.45132743362831856,0.6
dataset_slammer_6893_1_rrc04.csv,0.8772222222222222,19.0,20.0,0.8993506493506493,0.24513274336283186,0.3852573018080668
dataset_slammer_6893_5_rrc04.csv,0.8833333333333333,19.0,20.0,0.8295454545454546,0.3230088495575221,0.46496815286624205
