,accuracy,epoch,lag,precision_0,recall_0,f1_0
dataset_japan-earthquake_2497_1_rrc06.csv,0.6473611111111112,69.0,20.0,0.13226247436773753,1.0,0.23362511319046184
dataset_japan-earthquake_2497_5_rrc06.csv,0.5347222222222222,69.0,20.0,0.10307898259705489,1.0,0.18689320388349517
dataset_japan-earthquake_10026_1_rv-sydney.csv,0.8694444444444445,69.0,20.0,0.28841786525359575,1.0,0.44770857814336074
