,accuracy,epoch,lag,precision_0,recall_0,f1_0
dataset_slammer_513_1_rrc04.csv,0.9415277777777777,36.0,20.0,0.9646133682830931,0.6513274336283186,0.7776016904384575
dataset_slammer_513_5_rrc04.csv,0.9555555555555556,36.0,20.0,0.9550561797752809,0.7522123893805309,0.8415841584158416
dataset_slammer_559_1_rrc04.csv,0.9097222222222222,36.0,20.0,0.6714285714285714,0.831858407079646,0.7430830039525691
dataset_slammer_559_5_rrc04.csv,0.9381944444444444,36.0,20.0,0.7245901639344262,0.9778761061946902,0.8323917137476459
dataset_slammer_6893_1_rrc04.csv,0.9423611111111111,36.0,20.0,0.9811574697173621,0.6451327433628319,0.7784303256807261
dataset_slammer_6893_5_rrc04.csv,0.9451388888888889,36.0,20.0,0.9803921568627451,0.6637168141592921,0.79155672823219
