,accuracy,epoch,lag,precision_0,recall_0,f1_0
dataset_malaysian-telecom_25091_1_rrc04.csv,0.17791666666666667,62.0,20.0,0.030307994757536042,1.0,0.05883288281125776
dataset_malaysian-telecom_25091_5_rrc04.csv,0.7791666666666667,62.0,20.0,0.10422535211267606,1.0,0.18877551020408162
