,accuracy,epoch,lag,precision_0,recall_0,f1_0
dataset_nimda_513_1_rrc04.csv,0.6578947368421053,38.0,20.0,0.0,0.0,0.0
dataset_nimda_513_5_rrc04.csv,0.65576171875,38.0,20.0,0.75,0.004243281471004243,0.008438818565400843
dataset_nimda_559_1_rrc04.csv,0.66031346749226,38.0,20.0,0.9615384615384616,0.007072135785007072,0.014040999719180004
dataset_nimda_559_5_rrc04.csv,0.74072265625,38.0,20.0,0.9943820224719101,0.25035360678925034,0.39999999999999997
dataset_nimda_6893_1_rrc04.csv,0.6584752321981424,38.0,20.0,0.7777777777777778,0.0019801980198019802,0.0039503386004514675
dataset_nimda_6893_5_rrc04.csv,0.6552734375,38.0,20.0,1.0,0.0014144271570014145,0.0028248587570621473
