,accuracy,epoch,lag,precision_0,recall_0,f1_0
dataset_code-red_513_1_rrc04.csv,0.4024663677130045,50.0,20.0,0.10981210855949895,1.0,0.19789315274642588
dataset_code-red_513_5_rrc04.csv,0.5395833333333333,50.0,20.0,0.1378413524057217,1.0,0.24228571428571424
dataset_code-red_6893_1_rrc04.csv,0.8567825112107623,50.0,20.0,0.3357615894039735,0.9638783269961977,0.4980353634577602
dataset_code-red_6893_5_rrc04.csv,0.8152777777777778,50.0,20.0,0.2849462365591398,1.0,0.4435146443514645
