,accuracy,epoch,lag,precision_0,recall_0,f1_0
dataset_japan-earthquake_2497_1_rrc06.csv,0.9797222222222223,86.0,20.0,0.7304015296367112,0.9870801033591732,0.8395604395604395
dataset_japan-earthquake_2497_5_rrc06.csv,0.8618055555555556,86.0,20.0,0.27898550724637683,1.0,0.43626062322946174
dataset_japan-earthquake_10026_1_rv-sydney.csv,0.9825,86.0,20.0,0.7596741344195519,0.979002624671916,0.8555045871559633
