,accuracy,epoch,lag,precision_0,recall_0,f1_0
dataset_code-red_513_1_rrc04.csv,0.945627802690583,28.0,20.0,0.5903141361256544,0.8574144486692015,0.6992248062015504
dataset_code-red_513_5_rrc04.csv,0.8652777777777778,28.0,20.0,0.328125,0.7924528301886793,0.4640883977900553
dataset_code-red_6893_1_rrc04.csv,0.9492713004484304,28.0,20.0,0.91,0.34600760456273766,0.5013774104683195
dataset_code-red_6893_5_rrc04.csv,0.9340277777777778,28.0,20.0,0.5964912280701754,0.32075471698113206,0.4171779141104294
