,accuracy,epoch,lag,precision_0,recall_0,f1_0
dataset_moscow_blackout_1853_1_rrc05.csv,0.9638888888888889,76.0,20.0,0.37393767705382436,0.7719298245614035,0.5038167938931298
dataset_moscow_blackout_1853_5_rrc05.csv,0.9180555555555555,76.0,20.0,0.1925925925925926,0.7428571428571429,0.30588235294117644
dataset_moscow_blackout_12793_1_rrc05.csv,0.9934722222222222,76.0,20.0,0.8522727272727273,0.8771929824561403,0.8645533141210374
dataset_moscow_blackout_12793_5_rrc05.csv,0.9666666666666667,76.0,20.0,0.3968253968253968,0.7142857142857143,0.5102040816326531
