,accuracy,epoch,lag,precision_0,recall_0,f1_0
dataset_slammer_513_1_rrc04.csv,0.68375,15.0,20.0,0.29554367201426024,0.7336283185840708,0.42134688691232525
dataset_slammer_513_5_rrc04.csv,0.8777777777777778,15.0,20.0,0.6923076923076923,0.39823008849557523,0.5056179775280899
dataset_slammer_559_1_rrc04.csv,0.8352777777777778,15.0,20.0,0.46174863387978143,0.2991150442477876,0.36305048335123524
dataset_slammer_559_5_rrc04.csv,0.8923611111111112,15.0,20.0,0.808695652173913,0.41150442477876104,0.5454545454545453
dataset_slammer_6893_1_rrc04.csv,0.8204166666666667,15.0,20.0,0.41430073606729756,0.3486725663716814,0.3786641037962518
dataset_slammer_6893_5_rrc04.csv,0.8763888888888889,15.0,20.0,0.7264150943396226,0.3407079646017699,0.463855421686747
