,accuracy,epoch,lag,precision_0,recall_0,f1_0
dataset_malaysian-telecom_25091_1_rrc04.csv,0.02652777777777778,70.0,20.0,0.02571587433972755,1.0,0.05014229570402493
dataset_malaysian-telecom_25091_5_rrc04.csv,0.12916666666666668,70.0,20.0,0.02865995352439969,1.0,0.05572289156626506
