,accuracy,epoch,lag,precision_0,recall_0,f1_0
dataset_aws-leak_15547_1_rrc04.csv,0.9802777777777778,12.0,20.0,0.30386740331491713,0.7746478873239436,0.43650793650793646
dataset_aws-leak_15547_5_rrc04.csv,0.9527777777777777,12.0,20.0,0.0,0.0,0.0
dataset_aws-leak_34781_1_rrc04.csv,0.9931944444444445,12.0,20.0,0.6170212765957447,0.8169014084507042,0.7030303030303031
dataset_aws-leak_34781_5_rrc04.csv,0.9722222222222222,12.0,20.0,0.0,0.0,0.0
