,accuracy,epoch,lag,precision_0,recall_0,f1_0
dataset_code-red_513_1_rrc04.csv,0.9324551569506726,67.0,20.0,0.5260663507109005,0.844106463878327,0.6481751824817519
dataset_code-red_513_5_rrc04.csv,0.8423611111111111,67.0,20.0,0.3183183183183183,1.0,0.48291571753986334
dataset_code-red_6893_1_rrc04.csv,0.9599215246636771,67.0,20.0,0.8870967741935484,0.5228136882129277,0.6578947368421052
dataset_code-red_6893_5_rrc04.csv,0.9659722222222222,67.0,20.0,0.7355371900826446,0.839622641509434,0.7841409691629957
