,accuracy,epoch,lag,precision_0,recall_0,f1_0
dataset_code-red_513_1_rrc04.csv,0.882146860986547,7.0,20.0,0.2815533980582524,0.38593155893536124,0.32558139534883723
dataset_code-red_513_5_rrc04.csv,0.9222222222222223,7.0,20.0,0.46875,0.42452830188679247,0.44554455445544555
dataset_code-red_6893_1_rrc04.csv,0.8946188340807175,7.0,20.0,0.25327510917030566,0.22053231939163498,0.23577235772357721
dataset_code-red_6893_5_rrc04.csv,0.91875,7.0,20.0,0.4,0.20754716981132076,0.2732919254658385
