,accuracy,epoch,lag,precision_0,recall_0,f1_0
dataset_aws-leak_15547_1_rrc04.csv,0.09513888888888888,90.0,20.0,0.010780443364713028,1.0,0.021330929848280007
dataset_aws-leak_15547_5_rrc04.csv,0.016666666666666666,90.0,20.0,0.010482180293501049,1.0,0.02074688796680498
dataset_aws-leak_34781_1_rrc04.csv,0.9395833333333333,90.0,20.0,0.1388888888888889,0.9859154929577465,0.24347826086956523
dataset_aws-leak_34781_5_rrc04.csv,0.93125,90.0,20.0,0.13157894736842105,1.0,0.23255813953488372
