,accuracy,epoch,lag,precision_0,recall_0,f1_0
dataset_as9121_13237_1_rrc05.csv,0.9625,49.0,20.0,0.2182890855457227,0.9367088607594937,0.354066985645933
dataset_as9121_13237_5_rrc05.csv,0.9381944444444444,49.0,20.0,0.13131313131313133,0.8125,0.22608695652173916
