,accuracy,epoch,lag,precision_0,recall_0,f1_0
dataset_as9121_13237_1_rrc05.csv,0.9468055555555556,56.0,20.0,0.16666666666666666,0.9620253164556962,0.28411214953271025
dataset_as9121_13237_5_rrc05.csv,0.9027777777777778,56.0,20.0,0.08666666666666667,0.8125,0.1566265060240964
