,accuracy,epoch,lag,precision_0,recall_0,f1_0
dataset_as9121_13237_1_rrc05.csv,0.9002777777777777,95.0,20.0,0.09709962168978563,0.9746835443037974,0.17660550458715596
dataset_as9121_13237_5_rrc05.csv,0.8895833333333333,95.0,20.0,0.08187134502923976,0.875,0.1497326203208556
