,accuracy,epoch,lag,precision_0,recall_0,f1_0
dataset_code-red_513_1_rrc04.csv,0.8382847533632287,51.0,20.0,0.3112980769230769,0.9847908745247148,0.47305936073059357
dataset_code-red_513_5_rrc04.csv,0.7729166666666667,51.0,20.0,0.24480369515011546,1.0,0.3933209647495362
dataset_code-red_6893_1_rrc04.csv,0.9698710762331838,51.0,20.0,0.8043052837573386,0.7813688212927756,0.7926711668273866
dataset_code-red_6893_5_rrc04.csv,0.9541666666666667,51.0,20.0,0.6333333333333333,0.8962264150943396,0.7421875
