,accuracy,epoch,lag,precision_0,recall_0,f1_0
dataset_aws-leak_15547_1_rrc04.csv,0.2775,63.0,20.0,0.013464820785131804,1.0,0.02657185628742515
dataset_aws-leak_15547_5_rrc04.csv,0.022916666666666665,63.0,20.0,0.010548523206751054,1.0,0.020876826722338204
dataset_aws-leak_34781_1_rrc04.csv,0.9848611111111111,63.0,20.0,0.39204545454545453,0.971830985915493,0.5587044534412955
dataset_aws-leak_34781_5_rrc04.csv,0.9638888888888889,63.0,20.0,0.2153846153846154,0.9333333333333333,0.3500000000000001
