,accuracy,epoch,lag,precision_0,recall_0,f1_0
dataset_moscow_blackout_1853_1_rrc05.csv,0.96375,56.0,20.0,0.3684210526315789,0.7368421052631579,0.49122807017543857
dataset_moscow_blackout_1853_5_rrc05.csv,0.9229166666666667,56.0,20.0,0.1984126984126984,0.7142857142857143,0.31055900621118016
dataset_moscow_blackout_12793_1_rrc05.csv,0.9927777777777778,56.0,20.0,0.8324022346368715,0.8713450292397661,0.8514285714285713
dataset_moscow_blackout_12793_5_rrc05.csv,0.9597222222222223,56.0,20.0,0.3466666666666667,0.7428571428571429,0.4727272727272728
