,accuracy,epoch,lag,precision_0,recall_0,f1_0
dataset_slammer_513_1_rrc04.csv,0.9190277777777778,96.0,20.0,0.9201228878648233,0.5300884955752212,0.6726558113419427
dataset_slammer_513_5_rrc04.csv,0.9520833333333333,96.0,20.0,0.8984771573604061,0.7831858407079646,0.8368794326241135
dataset_slammer_559_1_rrc04.csv,0.6522222222222223,96.0,20.0,0.31063947078280046,0.9973451327433628,0.47372845733501473
dataset_slammer_559_5_rrc04.csv,0.6159722222222223,96.0,20.0,0.28903225806451616,0.9911504424778761,0.4475524475524476
dataset_slammer_6893_1_rrc04.csv,0.9379166666666666,96.0,20.0,0.9440832249674902,0.6424778761061947,0.7646129541864138
dataset_slammer_6893_5_rrc04.csv,0.9506944444444444,96.0,20.0,0.8855721393034826,0.7876106194690266,0.8337236533957846
