,accuracy,epoch,lag,precision_0,recall_0,f1_0
dataset_code-red_513_1_rrc04.csv,0.5987948430493274,14.0,20.0,0.15108987757539563,0.9619771863117871,0.2611612903225806
dataset_code-red_513_5_rrc04.csv,0.8923611111111112,14.0,20.0,0.4008097165991903,0.9339622641509434,0.5609065155807366
dataset_code-red_6893_1_rrc04.csv,0.8295964125560538,14.0,20.0,0.2914147521160822,0.9163498098859315,0.44220183486238535
dataset_code-red_6893_5_rrc04.csv,0.9506944444444444,14.0,20.0,0.6223776223776224,0.839622641509434,0.714859437751004
