,accuracy,epoch,lag,precision_0,recall_0,f1_0
dataset_malaysian-telecom_25091_1_rrc04.csv,0.04625,35.0,20.0,0.026233692569483835,1.0,0.05112615724747823
dataset_malaysian-telecom_25091_5_rrc04.csv,0.4486111111111111,35.0,20.0,0.044524669073405534,1.0,0.08525345622119815
