,accuracy,epoch,lag,precision_0,recall_0,f1_0
dataset_moscow_blackout_1853_1_rrc05.csv,0.9693055555555555,58.0,20.0,0.41721854304635764,0.7368421052631579,0.53276955602537
dataset_moscow_blackout_1853_5_rrc05.csv,0.9340277777777778,58.0,20.0,0.22727272727272727,0.7142857142857143,0.3448275862068965
dataset_moscow_blackout_12793_1_rrc05.csv,0.9929166666666667,58.0,20.0,0.8370786516853933,0.8713450292397661,0.853868194842407
dataset_moscow_blackout_12793_5_rrc05.csv,0.9631944444444445,58.0,20.0,0.36764705882352944,0.7142857142857143,0.48543689320388345
