,accuracy,epoch,lag,precision_0,recall_0,f1_0
dataset_code-red_513_1_rrc04.csv,0.9079316143497758,10.0,20.0,0.3987635239567233,0.49049429657794674,0.43989769820971864
dataset_code-red_513_5_rrc04.csv,0.9361111111111111,10.0,20.0,0.5648148148148148,0.5754716981132075,0.5700934579439252
dataset_code-red_6893_1_rrc04.csv,0.92152466367713,10.0,20.0,0.43253968253968256,0.20722433460076045,0.2802056555269922
dataset_code-red_6893_5_rrc04.csv,0.925,10.0,20.0,0.4807692307692308,0.2358490566037736,0.3164556962025316
