,accuracy,epoch,lag,precision_0,recall_0,f1_0
dataset_slammer_513_1_rrc04.csv,0.8281944444444445,20.0,20.0,0.46662507797878977,0.6619469026548672,0.5473838272960118
dataset_slammer_513_5_rrc04.csv,0.9125,20.0,20.0,0.8571428571428571,0.5309734513274337,0.6557377049180328
dataset_slammer_559_1_rrc04.csv,0.8788888888888889,20.0,20.0,0.6752717391304348,0.4398230088495575,0.5326902465166131
dataset_slammer_559_5_rrc04.csv,0.9277777777777778,20.0,20.0,0.9013157894736842,0.6061946902654868,0.7248677248677249
dataset_slammer_6893_1_rrc04.csv,0.8847222222222222,20.0,20.0,0.7884615384615384,0.36283185840707965,0.49696969696969695
dataset_slammer_6893_5_rrc04.csv,0.8965277777777778,20.0,20.0,0.8468468468468469,0.415929203539823,0.5578635014836795
