,accuracy,epoch,lag,precision_0,recall_0,f1_0
dataset_code-red_513_1_rrc04.csv,0.14181614349775784,93.0,20.0,0.07909774436090225,1.0,0.14659977703455965
dataset_code-red_513_5_rrc04.csv,0.18194444444444444,93.0,20.0,0.08255451713395638,1.0,0.15251798561151078
dataset_code-red_6893_1_rrc04.csv,0.4617432735426009,93.0,20.0,0.12044882070070986,1.0,0.21500102186797462
dataset_code-red_6893_5_rrc04.csv,0.5868055555555556,93.0,20.0,0.15121255349500715,1.0,0.2627013630731103
