,accuracy,epoch,lag,precision_0,recall_0,f1_0
dataset_as9121_13237_1_rrc05.csv,0.7652777777777777,8.0,20.0,0.04258943781942078,0.9493670886075949,0.08152173913043478
dataset_as9121_13237_5_rrc05.csv,0.9048611111111111,8.0,20.0,0.06474820143884892,0.5625,0.11612903225806452
