,accuracy,epoch,lag,precision_0,recall_0,f1_0
dataset_moscow_blackout_1853_1_rrc05.csv,0.4241666666666667,59.0,20.0,0.03961084086170952,1.0,0.07620320855614973
dataset_moscow_blackout_1853_5_rrc05.csv,0.7006944444444444,59.0,20.0,0.06,0.7714285714285715,0.111340206185567
dataset_moscow_blackout_12793_1_rrc05.csv,0.9838888888888889,59.0,20.0,0.6104417670682731,0.8888888888888888,0.7238095238095239
dataset_moscow_blackout_12793_5_rrc05.csv,0.9305555555555556,59.0,20.0,0.23140495867768596,0.8,0.35897435897435903
