,accuracy,epoch,lag,precision_0,recall_0,f1_0
dataset_japan-earthquake_2497_1_rrc06.csv,0.7023611111111111,20.0,20.0,0.15296442687747036,1.0,0.265341103873843
dataset_japan-earthquake_2497_5_rrc06.csv,0.7645833333333333,20.0,20.0,0.18509615384615385,1.0,0.31237322515212984
dataset_japan-earthquake_10026_1_rv-sydney.csv,0.5909722222222222,20.0,20.0,0.11408789885611077,0.994750656167979,0.20469889278963002
