,accuracy,epoch,lag,precision_0,recall_0,f1_0
dataset_malaysian-telecom_25091_1_rrc04.csv,0.026944444444444444,65.0,20.0,0.025726602697816715,1.0,0.05016268980477224
dataset_malaysian-telecom_25091_5_rrc04.csv,0.17777777777777778,65.0,20.0,0.030303030303030304,1.0,0.05882352941176471
