,accuracy,epoch,lag,precision_0,recall_0,f1_0
dataset_japan-earthquake_2497_1_rrc06.csv,0.9765277777777778,22.0,20.0,0.9541666666666667,0.5917312661498708,0.7304625199362043
dataset_japan-earthquake_2497_5_rrc06.csv,0.9583333333333334,22.0,20.0,0.5841584158415841,0.7662337662337663,0.6629213483146067
dataset_japan-earthquake_10026_1_rv-sydney.csv,0.9819444444444444,22.0,20.0,0.8193384223918575,0.8451443569553806,0.8320413436692506
