,accuracy,epoch,lag,precision_0,recall_0,f1_0
dataset_code-red_513_1_rrc04.csv,0.1398542600896861,77.0,20.0,0.07893157262905162,1.0,0.1463143254520167
dataset_code-red_513_5_rrc04.csv,0.20069444444444445,77.0,20.0,0.08432776451869531,1.0,0.15553925165077037
dataset_code-red_6893_1_rrc04.csv,0.41900224215246634,77.0,20.0,0.11258561643835617,1.0,0.2023855328972682
dataset_code-red_6893_5_rrc04.csv,0.5430555555555555,77.0,20.0,0.1387434554973822,1.0,0.24367816091954023
