,accuracy,epoch,lag,precision_0,recall_0,f1_0
dataset_malaysian-telecom_25091_1_rrc04.csv,0.028888888888888888,72.0,20.0,0.02577678695833914,1.0,0.05025808204292312
dataset_malaysian-telecom_25091_5_rrc04.csv,0.26805555555555555,72.0,20.0,0.03391384051329056,1.0,0.06560283687943262
