,accuracy,epoch,lag,precision_0,recall_0,f1_0
dataset_malaysian-telecom_25091_1_rrc04.csv,0.028333333333333332,69.0,20.0,0.025762428631109873,1.0,0.050230790116752654
dataset_malaysian-telecom_25091_5_rrc04.csv,0.2520833333333333,69.0,20.0,0.03321364452423698,1.0,0.06429192006950477
