,accuracy,epoch,lag,precision_0,recall_0,f1_0
dataset_code-red_513_1_rrc04.csv,0.9073710762331838,41.0,20.0,0.44155844155844154,0.9695817490494296,0.6067816775728733
dataset_code-red_513_5_rrc04.csv,0.8180555555555555,41.0,20.0,0.28804347826086957,1.0,0.4472573839662447
dataset_code-red_6893_1_rrc04.csv,0.9660874439461884,41.0,20.0,0.8413461538461539,0.6653992395437263,0.7430997876857749
dataset_code-red_6893_5_rrc04.csv,0.9534722222222223,41.0,20.0,0.6326530612244898,0.8773584905660378,0.7351778656126483
