,accuracy,epoch,lag,precision_0,recall_0,f1_0
dataset_nimda_513_1_rrc04.csv,0.6578947368421053,28.0,20.0,0.0,0.0,0.0
dataset_nimda_513_5_rrc04.csv,0.654296875,28.0,20.0,0.0,0.0,0.0
dataset_nimda_559_1_rrc04.csv,0.6590557275541795,28.0,20.0,0.9230769230769231,0.0033946251768033945,0.006764374295377677
dataset_nimda_559_5_rrc04.csv,0.7080078125,28.0,20.0,0.990990990990991,0.15558698727015557,0.26894865525672373
dataset_nimda_6893_1_rrc04.csv,0.6580882352941176,28.0,20.0,0.6666666666666666,0.0005657708628005657,0.0011305822498586774
dataset_nimda_6893_5_rrc04.csv,0.6552734375,28.0,20.0,1.0,0.0014144271570014145,0.0028248587570621473
