,accuracy,epoch,lag,precision_0,recall_0,f1_0
dataset_slammer_513_1_rrc04.csv,0.9413888888888889,83.0,20.0,0.9306569343065694,0.6769911504424779,0.7838114754098361
dataset_slammer_513_5_rrc04.csv,0.9611111111111111,83.0,20.0,0.8899082568807339,0.8584070796460177,0.8738738738738739
dataset_slammer_559_1_rrc04.csv,0.4686111111111111,83.0,20.0,0.22767676767676767,0.9973451327433628,0.3707236842105263
dataset_slammer_559_5_rrc04.csv,0.5520833333333334,83.0,20.0,0.25891829689298046,0.995575221238938,0.4109589041095891
dataset_slammer_6893_1_rrc04.csv,0.9597222222222223,83.0,20.0,0.9276985743380856,0.8061946902654867,0.8626893939393939
dataset_slammer_6893_5_rrc04.csv,0.9520833333333333,83.0,20.0,0.8792270531400966,0.8053097345132744,0.8406466512702079
