,accuracy,epoch,lag,precision_0,recall_0,f1_0
dataset_as9121_13237_1_rrc05.csv,0.7716666666666666,52.0,20.0,0.0447934845840605,0.9746835443037974,0.08565072302558399
dataset_as9121_13237_5_rrc05.csv,0.88125,52.0,20.0,0.07650273224043716,0.875,0.14070351758793972
