,accuracy,epoch,lag,precision_0,recall_0,f1_0
dataset_japan-earthquake_2497_1_rrc06.csv,0.9802777777777778,42.0,20.0,0.7369439071566731,0.9844961240310077,0.8429203539823009
dataset_japan-earthquake_2497_5_rrc06.csv,0.8375,42.0,20.0,0.24758842443729903,1.0,0.39690721649484534
dataset_japan-earthquake_10026_1_rv-sydney.csv,0.9838888888888889,42.0,20.0,0.7924944812362031,0.9422572178477691,0.8609112709832135
