,accuracy,epoch,lag,precision_0,recall_0,f1_0
dataset_code-red_513_1_rrc04.csv,0.6003363228699552,48.0,20.0,0.15550947867298578,0.9980988593155894,0.26909277293695544
dataset_code-red_513_5_rrc04.csv,0.6041666666666666,48.0,20.0,0.15680473372781065,1.0,0.2710997442455243
dataset_code-red_6893_1_rrc04.csv,0.922085201793722,48.0,20.0,0.4856046065259117,0.9619771863117871,0.6454081632653061
dataset_code-red_6893_5_rrc04.csv,0.8791666666666667,48.0,20.0,0.37857142857142856,1.0,0.5492227979274611
