,accuracy,epoch,lag,precision_0,recall_0,f1_0
dataset_nimda_513_1_rrc04.csv,0.6580882352941176,67.0,20.0,0.6666666666666666,0.0005657708628005657,0.0011305822498586774
dataset_nimda_513_5_rrc04.csv,0.658203125,67.0,20.0,0.8888888888888888,0.011315417256011316,0.022346368715083803
dataset_nimda_559_1_rrc04.csv,0.6610874613003096,67.0,20.0,0.9444444444444444,0.009618104667609617,0.019042285074208902
dataset_nimda_559_5_rrc04.csv,0.8056640625,67.0,20.0,0.9557522123893806,0.4582743988684583,0.6195028680688337
dataset_nimda_6893_1_rrc04.csv,0.658765479876161,67.0,20.0,0.7222222222222222,0.0036775106082036777,0.007317759639741064
dataset_nimda_6893_5_rrc04.csv,0.65869140625,67.0,20.0,0.9,0.01272984441301273,0.02510460251046025
