,accuracy,epoch,lag,precision_0,recall_0,f1_0
dataset_japan-earthquake_2497_1_rrc06.csv,0.9644444444444444,53.0,20.0,0.6025039123630673,0.9948320413436692,0.750487329434698
dataset_japan-earthquake_2497_5_rrc06.csv,0.8333333333333334,53.0,20.0,0.24290220820189273,1.0,0.3908629441624365
dataset_japan-earthquake_10026_1_rv-sydney.csv,0.9836111111111111,53.0,20.0,0.7840172786177105,0.952755905511811,0.8601895734597156
