,accuracy,epoch,lag,precision_0,recall_0,f1_0
dataset_nimda_513_1_rrc04.csv,0.6578947368421053,26.0,20.0,0.0,0.0,0.0
dataset_nimda_513_5_rrc04.csv,0.654296875,26.0,20.0,0.0,0.0,0.0
dataset_nimda_559_1_rrc04.csv,0.7293924148606811,26.0,20.0,0.9906914893617021,0.21074964639321075,0.3475623979472825
dataset_nimda_559_5_rrc04.csv,0.830078125,26.0,20.0,0.7377483443708609,0.7878359264497878,0.761969904240766
dataset_nimda_6893_1_rrc04.csv,0.6580882352941176,26.0,20.0,0.6666666666666666,0.0005657708628005657,0.0011305822498586774
dataset_nimda_6893_5_rrc04.csv,0.6552734375,26.0,20.0,1.0,0.0014144271570014145,0.0028248587570621473
