,accuracy,epoch,lag,precision_0,recall_0,f1_0
dataset_moscow_blackout_1853_1_rrc05.csv,0.9420833333333334,62.0,20.0,0.27956989247311825,0.9122807017543859,0.4279835390946502
dataset_moscow_blackout_1853_5_rrc05.csv,0.9020833333333333,62.0,20.0,0.16455696202531644,0.7428571428571429,0.26943005181347146
dataset_moscow_blackout_12793_1_rrc05.csv,0.9931944444444445,62.0,20.0,0.8388888888888889,0.8830409356725146,0.8603988603988604
dataset_moscow_blackout_12793_5_rrc05.csv,0.9645833333333333,62.0,20.0,0.38235294117647056,0.7428571428571429,0.5048543689320388
