,accuracy,epoch,lag,precision_0,recall_0,f1_0
dataset_aws-leak_15547_1_rrc04.csv,0.31708333333333333,33.0,20.0,0.014234161988773055,1.0,0.028068788298082622
dataset_aws-leak_15547_5_rrc04.csv,0.05347222222222222,33.0,20.0,0.01088534107402032,1.0,0.021536252692031584
dataset_aws-leak_34781_1_rrc04.csv,0.9777777777777777,33.0,20.0,0.3039647577092511,0.971830985915493,0.46308724832214765
dataset_aws-leak_34781_5_rrc04.csv,0.96875,33.0,20.0,0.2222222222222222,0.8,0.3478260869565218
