,accuracy,epoch,lag,precision_0,recall_0,f1_0
dataset_nimda_513_1_rrc04.csv,0.6578947368421053,59.0,20.0,0.0,0.0,0.0
dataset_nimda_513_5_rrc04.csv,0.65625,59.0,20.0,0.8,0.005657708628005658,0.011235955056179777
dataset_nimda_559_1_rrc04.csv,0.6577979876160991,59.0,20.0,0.0,0.0,0.0
dataset_nimda_559_5_rrc04.csv,0.76220703125,59.0,20.0,0.9782608695652174,0.31824611032531824,0.48025613660618993
dataset_nimda_6893_1_rrc04.csv,0.6588622291021672,59.0,20.0,0.8,0.0033946251768033945,0.00676056338028169
dataset_nimda_6893_5_rrc04.csv,0.65673828125,59.0,20.0,0.8333333333333334,0.007072135785007072,0.014025245441795231
