,accuracy,epoch,lag,precision_0,recall_0,f1_0
dataset_as9121_13237_1_rrc05.csv,0.9266666666666666,57.0,20.0,0.12769485903814262,0.9746835443037974,0.2258064516129032
dataset_as9121_13237_5_rrc05.csv,0.9055555555555556,57.0,20.0,0.08904109589041095,0.8125,0.16049382716049382
