,accuracy,epoch,lag,precision_0,recall_0,f1_0
dataset_slammer_513_1_rrc04.csv,0.94,60.0,20.0,0.9214975845410628,0.6752212389380531,0.7793667007150152
dataset_slammer_513_5_rrc04.csv,0.9590277777777778,60.0,20.0,0.892018779342723,0.8407079646017699,0.8656036446469249
dataset_slammer_559_1_rrc04.csv,0.525,60.0,20.0,0.24813022437307522,0.9982300884955753,0.3974630021141649
dataset_slammer_559_5_rrc04.csv,0.5743055555555555,60.0,20.0,0.26881720430107525,0.995575221238938,0.4233301975540921
dataset_slammer_6893_1_rrc04.csv,0.9406944444444445,60.0,20.0,0.8263695450324977,0.7876106194690266,0.8065246941549616
dataset_slammer_6893_5_rrc04.csv,0.9576388888888889,60.0,20.0,0.914572864321608,0.8053097345132744,0.8564705882352942
