,accuracy,epoch,lag,precision_0,recall_0,f1_0
dataset_aws-leak_15547_1_rrc04.csv,0.2791666666666667,88.0,20.0,0.013495533168599127,1.0,0.02663165791447862
dataset_aws-leak_15547_5_rrc04.csv,0.02013888888888889,88.0,20.0,0.010518934081346423,1.0,0.02081887578070784
dataset_aws-leak_34781_1_rrc04.csv,0.9845833333333334,88.0,20.0,0.38764044943820225,0.971830985915493,0.5542168674698795
dataset_aws-leak_34781_5_rrc04.csv,0.9638888888888889,88.0,20.0,0.2153846153846154,0.9333333333333333,0.3500000000000001
