,accuracy,epoch,lag,precision_0,recall_0,f1_0
dataset_malaysian-telecom_25091_1_rrc04.csv,0.3775,46.0,20.0,0.03964002571244911,1.0,0.07625721352019785
dataset_malaysian-telecom_25091_5_rrc04.csv,0.7916666666666666,46.0,20.0,0.10979228486646884,1.0,0.19786096256684493
