,accuracy,epoch,lag,precision_0,recall_0,f1_0
dataset_as9121_13237_1_rrc05.csv,0.9463888888888888,9.0,20.0,0.15812917594654788,0.8987341772151899,0.2689393939393939
dataset_as9121_13237_5_rrc05.csv,0.9465277777777777,9.0,20.0,0.04477611940298507,0.1875,0.07228915662650602
