,accuracy,epoch,lag,precision_0,recall_0,f1_0
dataset_as9121_13237_1_rrc05.csv,0.9811111111111112,16.0,20.0,0.35233160621761656,0.8607594936708861,0.5
dataset_as9121_13237_5_rrc05.csv,0.9743055555555555,16.0,20.0,0.2,0.4375,0.27450980392156865
