,accuracy,epoch,lag,precision_0,recall_0,f1_0
dataset_malaysian-telecom_25091_1_rrc04.csv,0.026944444444444444,50.0,20.0,0.025726602697816715,1.0,0.05016268980477224
dataset_malaysian-telecom_25091_5_rrc04.csv,0.21388888888888888,50.0,20.0,0.03165098374679213,1.0,0.061359867330016575
