,accuracy,epoch,lag,precision_0,recall_0,f1_0
dataset_code-red_513_1_rrc04.csv,0.9487107623318386,49.0,20.0,0.6423487544483986,0.6863117870722434,0.6636029411764707
dataset_code-red_513_5_rrc04.csv,0.8902777777777777,49.0,20.0,0.38392857142857145,0.8113207547169812,0.5212121212121213
dataset_code-red_6893_1_rrc04.csv,0.9261491031390134,49.0,20.0,0.3333333333333333,0.0019011406844106464,0.0037807183364839316
dataset_code-red_6893_5_rrc04.csv,0.9465277777777777,49.0,20.0,0.7543859649122807,0.4056603773584906,0.5276073619631902
