,accuracy,epoch,lag,precision_0,recall_0,f1_0
dataset_slammer_513_1_rrc04.csv,0.9666666666666667,35.0,20.0,0.9206049149338374,0.8619469026548673,0.890310786106033
dataset_slammer_513_5_rrc04.csv,0.9763888888888889,35.0,20.0,0.9485981308411215,0.8982300884955752,0.9227272727272727
dataset_slammer_559_1_rrc04.csv,0.5863888888888888,35.0,20.0,0.2745241581259151,0.995575221238938,0.4303749043611323
dataset_slammer_559_5_rrc04.csv,0.7458333333333333,35.0,20.0,0.38054607508532423,0.9867256637168141,0.5492610837438424
dataset_slammer_6893_1_rrc04.csv,0.9768055555555556,35.0,20.0,0.9661181026137464,0.8831858407079646,0.9227924179380491
dataset_slammer_6893_5_rrc04.csv,0.9645833333333333,35.0,20.0,0.9834254143646409,0.7876106194690266,0.8746928746928747
