,accuracy,epoch,lag,precision_0,recall_0,f1_0
dataset_aws-leak_15547_1_rrc04.csv,0.04902777777777778,39.0,20.0,0.010263081815553628,1.0,0.020317642008871085
dataset_aws-leak_15547_5_rrc04.csv,0.016666666666666666,39.0,20.0,0.010482180293501049,1.0,0.02074688796680498
dataset_aws-leak_34781_1_rrc04.csv,0.9643055555555555,39.0,20.0,0.2147239263803681,0.9859154929577465,0.3526448362720403
dataset_aws-leak_34781_5_rrc04.csv,0.9569444444444445,39.0,20.0,0.1780821917808219,0.8666666666666667,0.2954545454545454
