,accuracy,epoch,lag,precision_0,recall_0,f1_0
dataset_slammer_513_1_rrc04.csv,0.8655555555555555,76.0,20.0,0.5452513966480447,0.863716814159292,0.6684931506849314
dataset_slammer_513_5_rrc04.csv,0.96875,76.0,20.0,0.8693877551020408,0.9424778761061947,0.9044585987261146
dataset_slammer_559_1_rrc04.csv,0.26,76.0,20.0,0.1749767729947352,1.0,0.297838692672641
dataset_slammer_559_5_rrc04.csv,0.49722222222222223,76.0,20.0,0.23734177215189872,0.995575221238938,0.383304940374787
dataset_slammer_6893_1_rrc04.csv,0.6669444444444445,76.0,20.0,0.3113095238095238,0.9256637168141593,0.465924276169265
dataset_slammer_6893_5_rrc04.csv,0.9361111111111111,76.0,20.0,0.7838983050847458,0.8185840707964602,0.800865800865801
