,accuracy,epoch,lag,precision_0,recall_0,f1_0
dataset_as9121_13237_1_rrc05.csv,0.9320833333333334,77.0,20.0,0.13652482269503546,0.9746835443037974,0.23950233281493002
dataset_as9121_13237_5_rrc05.csv,0.8916666666666667,77.0,20.0,0.08333333333333333,0.875,0.15217391304347824
