,accuracy,epoch,lag,precision_0,recall_0,f1_0
dataset_as9121_13237_1_rrc05.csv,0.9138888888888889,87.0,20.0,0.11079136690647481,0.9746835443037974,0.19896640826873385
dataset_as9121_13237_5_rrc05.csv,0.8826388888888889,87.0,20.0,0.07734806629834254,0.875,0.14213197969543145
