,accuracy,epoch,lag,precision_0,recall_0,f1_0
dataset_japan-earthquake_2497_1_rrc06.csv,0.8648611111111111,56.0,20.0,0.28455882352941175,1.0,0.4430452203777904
dataset_japan-earthquake_2497_5_rrc06.csv,0.7034722222222223,56.0,20.0,0.1527777777777778,1.0,0.26506024096385544
dataset_japan-earthquake_10026_1_rv-sydney.csv,0.9775,56.0,20.0,0.7085714285714285,0.9763779527559056,0.8211920529801324
