,accuracy,epoch,lag,precision_0,recall_0,f1_0
dataset_japan-earthquake_2497_1_rrc06.csv,0.3498611111111111,2.0,20.0,0.057502061005770815,0.7209302325581395,0.10650887573964496
dataset_japan-earthquake_2497_5_rrc06.csv,0.3375,2.0,20.0,0.06967615309126594,0.922077922077922,0.12956204379562045
dataset_japan-earthquake_10026_1_rv-sydney.csv,0.7948611111111111,2.0,20.0,0.034013605442176874,0.10498687664041995,0.05138086062941554
