,accuracy,epoch,lag,precision_0,recall_0,f1_0
dataset_japan-earthquake_2497_1_rrc06.csv,0.9334722222222223,13.0,20.0,0.42698412698412697,0.6950904392764858,0.5290068829891839
dataset_japan-earthquake_2497_5_rrc06.csv,0.9493055555555555,13.0,20.0,0.5149253731343284,0.8961038961038961,0.6540284360189573
dataset_japan-earthquake_10026_1_rv-sydney.csv,0.9227777777777778,13.0,20.0,0.37410071942446044,0.6824146981627297,0.483271375464684
