,accuracy,epoch,lag,precision_0,recall_0,f1_0
dataset_aws-leak_15547_1_rrc04.csv,0.042916666666666665,53.0,20.0,0.010198218902614192,1.0,0.020190530356888954
dataset_aws-leak_15547_5_rrc04.csv,0.015277777777777777,53.0,20.0,0.0104675505931612,1.0,0.02071823204419889
dataset_aws-leak_34781_1_rrc04.csv,0.9454166666666667,53.0,20.0,0.15151515151515152,0.9859154929577465,0.26266416510318946
dataset_aws-leak_34781_5_rrc04.csv,0.9541666666666667,53.0,20.0,0.17721518987341772,0.9333333333333333,0.2978723404255319
