,accuracy,epoch,lag,precision_0,recall_0,f1_0
dataset_aws-leak_15547_1_rrc04.csv,0.18944444444444444,60.0,20.0,0.01201963771796174,1.0,0.023753763800602207
dataset_aws-leak_15547_5_rrc04.csv,0.02013888888888889,60.0,20.0,0.010518934081346423,1.0,0.02081887578070784
dataset_aws-leak_34781_1_rrc04.csv,0.9840277777777777,60.0,20.0,0.3791208791208791,0.971830985915493,0.5454545454545455
dataset_aws-leak_34781_5_rrc04.csv,0.9638888888888889,60.0,20.0,0.2153846153846154,0.9333333333333333,0.3500000000000001
