,accuracy,epoch,lag,precision_0,recall_0,f1_0
dataset_slammer_513_1_rrc04.csv,0.7745833333333333,82.0,20.0,0.4070863173765548,0.9557522123893806,0.5709754163362412
dataset_slammer_513_5_rrc04.csv,0.9638888888888889,82.0,20.0,0.8320610687022901,0.9646017699115044,0.8934426229508197
dataset_slammer_559_1_rrc04.csv,0.2086111111111111,82.0,20.0,0.16549502050380785,1.0,0.2839909525006283
dataset_slammer_559_5_rrc04.csv,0.4701388888888889,82.0,20.0,0.22796352583586627,0.995575221238938,0.3709810387469085
dataset_slammer_6893_1_rrc04.csv,0.5008333333333334,82.0,20.0,0.2383177570093458,0.9929203539823008,0.38437821171634123
dataset_slammer_6893_5_rrc04.csv,0.9291666666666667,82.0,20.0,0.7403100775193798,0.8451327433628318,0.7892561983471075
