,accuracy,epoch,lag,precision_0,recall_0,f1_0
dataset_moscow_blackout_1853_1_rrc05.csv,0.9534722222222223,61.0,20.0,0.30660377358490565,0.7602339181286549,0.4369747899159663
dataset_moscow_blackout_1853_5_rrc05.csv,0.9006944444444445,61.0,20.0,0.1625,0.7428571428571429,0.26666666666666666
dataset_moscow_blackout_12793_1_rrc05.csv,0.9922222222222222,61.0,20.0,0.8142076502732241,0.8713450292397661,0.8418079096045197
dataset_moscow_blackout_12793_5_rrc05.csv,0.9597222222222223,61.0,20.0,0.3466666666666667,0.7428571428571429,0.4727272727272728
