,accuracy,epoch,lag,precision_0,recall_0,f1_0
dataset_slammer_513_1_rrc04.csv,0.8711111111111111,18.0,20.0,0.8633093525179856,0.21238938053097345,0.34090909090909094
dataset_slammer_513_5_rrc04.csv,0.8756944444444444,18.0,20.0,0.7974683544303798,0.27876106194690264,0.4131147540983606
dataset_slammer_559_1_rrc04.csv,0.8770833333333333,18.0,20.0,0.9096989966555183,0.2407079646017699,0.3806857942617215
dataset_slammer_559_5_rrc04.csv,0.8951388888888889,18.0,20.0,0.8947368421052632,0.37610619469026546,0.529595015576324
dataset_slammer_6893_1_rrc04.csv,0.8663888888888889,18.0,20.0,0.92,0.16283185840707964,0.27669172932330827
dataset_slammer_6893_5_rrc04.csv,0.8743055555555556,18.0,20.0,0.8169014084507042,0.25663716814159293,0.3905723905723906
