,accuracy,epoch,lag,precision_0,recall_0,f1_0
dataset_moscow_blackout_1853_1_rrc05.csv,0.9055555555555556,14.0,20.0,0.18306351183063513,0.8596491228070176,0.3018480492813142
dataset_moscow_blackout_1853_5_rrc05.csv,0.9506944444444444,14.0,20.0,0.23529411764705882,0.45714285714285713,0.3106796116504854
dataset_moscow_blackout_12793_1_rrc05.csv,0.9798611111111111,14.0,20.0,0.549618320610687,0.8421052631578947,0.6651270207852193
dataset_moscow_blackout_12793_5_rrc05.csv,0.9125,14.0,20.0,0.1678832116788321,0.6571428571428571,0.26744186046511625
