,accuracy,epoch,lag,precision_0,recall_0,f1_0
dataset_moscow_blackout_1853_1_rrc05.csv,0.9681944444444445,64.0,20.0,0.4064516129032258,0.7368421052631579,0.5239085239085239
dataset_moscow_blackout_1853_5_rrc05.csv,0.9333333333333333,64.0,20.0,0.22522522522522523,0.7142857142857143,0.3424657534246575
dataset_moscow_blackout_12793_1_rrc05.csv,0.9931944444444445,64.0,20.0,0.8465909090909091,0.8713450292397661,0.8587896253602305
dataset_moscow_blackout_12793_5_rrc05.csv,0.9666666666666667,64.0,20.0,0.3968253968253968,0.7142857142857143,0.5102040816326531
