,accuracy,epoch,lag,precision_0,recall_0,f1_0
dataset_moscow_blackout_1853_1_rrc05.csv,0.4677777777777778,11.0,20.0,0.04088286932530725,0.9532163742690059,0.07840307840307839
dataset_moscow_blackout_1853_5_rrc05.csv,0.8298611111111112,11.0,20.0,0.08661417322834646,0.6285714285714286,0.1522491349480969
dataset_moscow_blackout_12793_1_rrc05.csv,0.05444444444444444,11.0,20.0,0.02340944994973431,0.9532163742690059,0.04569666386319036
dataset_moscow_blackout_12793_5_rrc05.csv,0.12222222222222222,11.0,20.0,0.025482625482625483,0.9428571428571428,0.049624060150375945
