,accuracy,epoch,lag,precision_0,recall_0,f1_0
dataset_aws-leak_15547_1_rrc04.csv,0.03666666666666667,72.0,20.0,0.010132724418438705,1.0,0.02006216445323538
dataset_aws-leak_15547_5_rrc04.csv,0.014583333333333334,72.0,20.0,0.010460251046025104,1.0,0.020703933747412008
dataset_aws-leak_34781_1_rrc04.csv,0.8675,72.0,20.0,0.06926829268292684,1.0,0.12956204379562045
dataset_aws-leak_34781_5_rrc04.csv,0.9236111111111112,72.0,20.0,0.12,1.0,0.21428571428571425
