,accuracy,epoch,lag,precision_0,recall_0,f1_0
dataset_japan-earthquake_2497_1_rrc06.csv,0.9847222222222223,33.0,20.0,0.7867494824016563,0.9819121447028424,0.8735632183908045
dataset_japan-earthquake_2497_5_rrc06.csv,0.8743055555555556,33.0,20.0,0.2952755905511811,0.974025974025974,0.4531722054380664
dataset_japan-earthquake_10026_1_rv-sydney.csv,0.9836111111111111,33.0,20.0,0.7928730512249443,0.9343832020997376,0.8578313253012049
