,accuracy,epoch,lag,precision_0,recall_0,f1_0
dataset_aws-leak_15547_1_rrc04.csv,0.03875,26.0,20.0,0.01015446224256293,1.0,0.02010477134362169
dataset_aws-leak_15547_5_rrc04.csv,0.011805555555555555,26.0,20.0,0.01043115438108484,1.0,0.02064693737095664
dataset_aws-leak_34781_1_rrc04.csv,0.84875,26.0,20.0,0.06044905008635579,0.9859154929577465,0.11391375101708708
dataset_aws-leak_34781_5_rrc04.csv,0.9548611111111112,26.0,20.0,0.17105263157894737,0.8666666666666667,0.28571428571428575
