,accuracy,epoch,lag,precision_0,recall_0,f1_0
dataset_as9121_13237_1_rrc05.csv,0.7538888888888889,3.0,20.0,0.038692098092643054,0.8987341772151899,0.0741901776384535
dataset_as9121_13237_5_rrc05.csv,0.88125,3.0,20.0,0.012578616352201259,0.125,0.022857142857142857
