,accuracy,epoch,lag,precision_0,recall_0,f1_0
dataset_slammer_513_1_rrc04.csv,0.8004166666666667,23.0,20.0,0.4297482837528604,0.8309734513274336,0.5665158371040724
dataset_slammer_513_5_rrc04.csv,0.9451388888888889,23.0,20.0,0.9248554913294798,0.7079646017699115,0.8020050125313283
dataset_slammer_559_1_rrc04.csv,0.8727777777777778,23.0,20.0,0.5853269537480064,0.6495575221238938,0.615771812080537
dataset_slammer_559_5_rrc04.csv,0.9569444444444445,23.0,20.0,0.9183673469387755,0.7964601769911505,0.8530805687203792
dataset_slammer_6893_1_rrc04.csv,0.9298611111111111,23.0,20.0,0.9161118508655126,0.6088495575221239,0.7315257841573632
dataset_slammer_6893_5_rrc04.csv,0.9270833333333334,23.0,20.0,0.9172413793103448,0.588495575221239,0.7169811320754716
