,accuracy,epoch,lag,precision_0,recall_0,f1_0
dataset_nimda_513_1_rrc04.csv,0.6580882352941176,57.0,20.0,0.6666666666666666,0.0005657708628005657,0.0011305822498586774
dataset_nimda_513_5_rrc04.csv,0.658203125,57.0,20.0,0.8888888888888888,0.011315417256011316,0.022346368715083803
dataset_nimda_559_1_rrc04.csv,0.6962074303405573,57.0,20.0,0.9949874686716792,0.1123055162659123,0.20183019827147944
dataset_nimda_559_5_rrc04.csv,0.88818359375,57.0,20.0,0.8394886363636364,0.8359264497878359,0.8377037562012758
dataset_nimda_6893_1_rrc04.csv,0.6594427244582043,57.0,20.0,0.8571428571428571,0.005091937765205092,0.010123734533183352
dataset_nimda_6893_5_rrc04.csv,0.6591796875,57.0,20.0,0.9090909090909091,0.014144271570014143,0.027855153203342614
