,accuracy,epoch,lag,precision_0,recall_0,f1_0
dataset_aws-leak_15547_1_rrc04.csv,0.9252777777777778,19.0,20.0,0.11148086522462562,0.9436619718309859,0.1994047619047619
dataset_aws-leak_15547_5_rrc04.csv,0.7368055555555556,19.0,20.0,0.03333333333333333,0.8666666666666667,0.06419753086419754
dataset_aws-leak_34781_1_rrc04.csv,0.985,19.0,20.0,0.38922155688622756,0.9154929577464789,0.546218487394958
dataset_aws-leak_34781_5_rrc04.csv,0.9798611111111111,19.0,20.0,0.26666666666666666,0.5333333333333333,0.3555555555555555
