,accuracy,epoch,lag,precision_0,recall_0,f1_0
dataset_slammer_513_1_rrc04.csv,0.8581944444444445,45.0,20.0,0.5268605224248398,0.9460176991150443,0.6767964545742323
dataset_slammer_513_5_rrc04.csv,0.9652777777777778,45.0,20.0,0.8963963963963963,0.8805309734513275,0.8883928571428572
dataset_slammer_559_1_rrc04.csv,0.3908333333333333,45.0,20.0,0.20485859318346628,1.0,0.3400541679205537
dataset_slammer_559_5_rrc04.csv,0.5798611111111112,45.0,20.0,0.27141133896260555,0.995575221238938,0.4265402843601896
dataset_slammer_6893_1_rrc04.csv,0.6940277777777778,45.0,20.0,0.3297365915582355,0.9194690265486726,0.4854006073347349
dataset_slammer_6893_5_rrc04.csv,0.9638888888888889,45.0,20.0,0.953125,0.8097345132743363,0.8755980861244019
