,accuracy,epoch,lag,precision_0,recall_0,f1_0
dataset_japan-earthquake_2497_1_rrc06.csv,0.9791666666666666,52.0,20.0,0.724007561436673,0.9896640826873385,0.836244541484716
dataset_japan-earthquake_2497_5_rrc06.csv,0.8618055555555556,52.0,20.0,0.27898550724637683,1.0,0.43626062322946174
dataset_japan-earthquake_10026_1_rv-sydney.csv,0.9858333333333333,52.0,20.0,0.8177676537585421,0.9422572178477691,0.875609756097561
