,accuracy,epoch,lag,precision_0,recall_0,f1_0
dataset_aws-leak_15547_1_rrc04.csv,0.26875,58.0,20.0,0.013305847076461768,1.0,0.026262252635472536
dataset_aws-leak_15547_5_rrc04.csv,0.01875,58.0,20.0,0.01050420168067227,1.0,0.02079002079002079
dataset_aws-leak_34781_1_rrc04.csv,0.9838888888888889,58.0,20.0,0.3770491803278688,0.971830985915493,0.5433070866141733
dataset_aws-leak_34781_5_rrc04.csv,0.9638888888888889,58.0,20.0,0.2153846153846154,0.9333333333333333,0.3500000000000001
