,accuracy,epoch,lag,precision_0,recall_0,f1_0
dataset_japan-earthquake_2497_1_rrc06.csv,0.5019444444444444,46.0,20.0,0.09740750062924743,1.0,0.17752293577981654
dataset_japan-earthquake_2497_5_rrc06.csv,0.3645833333333333,46.0,20.0,0.07762096774193548,1.0,0.14405986903648269
dataset_japan-earthquake_10026_1_rv-sydney.csv,0.7925,46.0,20.0,0.2032,1.0,0.3377659574468085
