,accuracy,epoch,lag,precision_0,recall_0,f1_0
dataset_slammer_513_1_rrc04.csv,0.9354166666666667,63.0,20.0,0.9192938209331651,0.6451327433628319,0.7581903276131045
dataset_slammer_513_5_rrc04.csv,0.9534722222222223,63.0,20.0,0.8878048780487805,0.8053097345132744,0.8445475638051043
dataset_slammer_559_1_rrc04.csv,0.46125,63.0,20.0,0.2255939309243362,1.0,0.36813813324645706
dataset_slammer_559_5_rrc04.csv,0.5604166666666667,63.0,20.0,0.26254375729288215,0.995575221238938,0.4155124653739613
dataset_slammer_6893_1_rrc04.csv,0.9395833333333333,63.0,20.0,0.8578784757981462,0.7371681415929203,0.7929557353641122
dataset_slammer_6893_5_rrc04.csv,0.9548611111111112,63.0,20.0,0.9086294416243654,0.7920353982300885,0.8463356973995272
