,accuracy,epoch,lag,precision_0,recall_0,f1_0
dataset_nimda_513_1_rrc04.csv,0.6580882352941176,80.0,20.0,0.6666666666666666,0.0005657708628005657,0.0011305822498586774
dataset_nimda_513_5_rrc04.csv,0.6611328125,80.0,20.0,0.9333333333333333,0.019801980198019802,0.038781163434903045
dataset_nimda_559_1_rrc04.csv,0.6885642414860681,80.0,20.0,0.9817073170731707,0.09108910891089109,0.16670981102769866
dataset_nimda_559_5_rrc04.csv,0.8173828125,80.0,20.0,0.8271119842829077,0.5954738330975955,0.6924342105263159
dataset_nimda_6893_1_rrc04.csv,0.6594427244582043,80.0,20.0,0.7586206896551724,0.006223479490806223,0.012345679012345678
dataset_nimda_6893_5_rrc04.csv,0.66162109375,80.0,20.0,0.9375,0.021216407355021217,0.04149377593360996
