,accuracy,epoch,lag,precision_0,recall_0,f1_0
dataset_as9121_13237_1_rrc05.csv,0.9543055555555555,54.0,20.0,0.1875,0.9493670886075949,0.31315240083507306
dataset_as9121_13237_5_rrc05.csv,0.9083333333333333,54.0,20.0,0.09154929577464789,0.8125,0.16455696202531644
