,accuracy,epoch,lag,precision_0,recall_0,f1_0
dataset_moscow_blackout_1853_1_rrc05.csv,0.9619444444444445,48.0,20.0,0.35410764872521244,0.7309941520467836,0.4770992366412213
dataset_moscow_blackout_1853_5_rrc05.csv,0.9305555555555556,48.0,20.0,0.21238938053097345,0.6857142857142857,0.3243243243243243
dataset_moscow_blackout_12793_1_rrc05.csv,0.9919444444444444,48.0,20.0,0.8087431693989071,0.8654970760233918,0.8361581920903954
dataset_moscow_blackout_12793_5_rrc05.csv,0.9576388888888889,48.0,20.0,0.32894736842105265,0.7142857142857143,0.45045045045045046
