,accuracy,epoch,lag,precision_0,recall_0,f1_0
dataset_slammer_513_1_rrc04.csv,0.71875,12.0,20.0,0.30432881504153914,0.6159292035398231,0.40737489025460927
dataset_slammer_513_5_rrc04.csv,0.8604166666666667,12.0,20.0,0.6,0.33185840707964603,0.42735042735042733
dataset_slammer_559_1_rrc04.csv,0.8304166666666667,12.0,20.0,0.4276629570747218,0.23805309734513275,0.3058555997725981
dataset_slammer_559_5_rrc04.csv,0.8833333333333333,12.0,20.0,0.7735849056603774,0.36283185840707965,0.49397590361445787
dataset_slammer_6893_1_rrc04.csv,0.8151388888888889,12.0,20.0,0.38618346545866367,0.3017699115044248,0.3387978142076503
dataset_slammer_6893_5_rrc04.csv,0.8680555555555556,12.0,20.0,0.6764705882352942,0.3053097345132743,0.4207317073170732
