,accuracy,epoch,lag,precision_0,recall_0,f1_0
dataset_malaysian-telecom_25091_1_rrc04.csv,0.3759722222222222,31.0,20.0,0.03954681487815306,1.0,0.07608472136541229
dataset_malaysian-telecom_25091_5_rrc04.csv,0.7881944444444444,31.0,20.0,0.10818713450292397,1.0,0.19525065963060687
