,accuracy,epoch,lag,precision_0,recall_0,f1_0
dataset_as9121_13237_1_rrc05.csv,0.9634722222222222,10.0,20.0,0.21428571428571427,0.8734177215189873,0.34413965087281795
dataset_as9121_13237_5_rrc05.csv,0.9625,10.0,20.0,0.08695652173913043,0.25,0.12903225806451613
