,accuracy,epoch,lag,precision_0,recall_0,f1_0
dataset_as9121_13237_1_rrc05.csv,0.9366666666666666,83.0,20.0,0.14500941619585686,0.9746835443037974,0.2524590163934426
dataset_as9121_13237_5_rrc05.csv,0.8965277777777778,83.0,20.0,0.08695652173913043,0.875,0.15819209039548024
