,accuracy,epoch,lag,precision_0,recall_0,f1_0
dataset_moscow_blackout_1853_1_rrc05.csv,0.4152777777777778,19.0,20.0,0.0390321844327779,1.0,0.07513181019332162
dataset_moscow_blackout_1853_5_rrc05.csv,0.8923611111111112,19.0,20.0,0.125,0.5714285714285714,0.20512820512820512
dataset_moscow_blackout_12793_1_rrc05.csv,0.9694444444444444,19.0,20.0,0.42686567164179107,0.8362573099415205,0.5652173913043479
dataset_moscow_blackout_12793_5_rrc05.csv,0.7013888888888888,19.0,20.0,0.05215419501133787,0.6571428571428571,0.09663865546218486
