,accuracy,epoch,lag,precision_0,recall_0,f1_0
dataset_moscow_blackout_1853_1_rrc05.csv,0.9634722222222222,42.0,20.0,0.3715083798882682,0.7777777777777778,0.5028355387523629
dataset_moscow_blackout_1853_5_rrc05.csv,0.9326388888888889,42.0,20.0,0.22321428571428573,0.7142857142857143,0.34013605442176875
dataset_moscow_blackout_12793_1_rrc05.csv,0.9898611111111111,42.0,20.0,0.7474747474747475,0.8654970760233918,0.8021680216802167
dataset_moscow_blackout_12793_5_rrc05.csv,0.9548611111111112,42.0,20.0,0.3125,0.7142857142857143,0.43478260869565216
