,accuracy,epoch,lag,precision_0,recall_0,f1_0
dataset_slammer_513_1_rrc04.csv,0.5602777777777778,26.0,20.0,0.2623716153127918,0.9946902654867257,0.41521980051717766
dataset_slammer_513_5_rrc04.csv,0.98125,26.0,20.0,0.9461883408071748,0.9336283185840708,0.9398663697104678
dataset_slammer_559_1_rrc04.csv,0.8409722222222222,26.0,20.0,0.4956063268892794,0.7486725663716814,0.596404652802256
dataset_slammer_559_5_rrc04.csv,0.9701388888888889,26.0,20.0,0.8734693877551021,0.9469026548672567,0.9087048832271762
dataset_slammer_6893_1_rrc04.csv,0.8430555555555556,26.0,20.0,0.5,0.8867256637168142,0.6394384173580089
dataset_slammer_6893_5_rrc04.csv,0.9430555555555555,26.0,20.0,0.95,0.672566371681416,0.7875647668393784
