,accuracy,epoch,lag,precision_0,recall_0,f1_0
dataset_slammer_513_1_rrc04.csv,0.9758333333333333,29.0,20.0,0.9149305555555556,0.9327433628318584,0.9237510955302367
dataset_slammer_513_5_rrc04.csv,0.9763888888888889,29.0,20.0,0.9752475247524752,0.8716814159292036,0.9205607476635513
dataset_slammer_559_1_rrc04.csv,0.9027777777777778,29.0,20.0,0.6529160739687055,0.8123893805309734,0.72397476340694
dataset_slammer_559_5_rrc04.csv,0.9694444444444444,29.0,20.0,0.85,0.9778761061946902,0.9094650205761317
dataset_slammer_6893_1_rrc04.csv,0.9738888888888889,29.0,20.0,0.990625,0.8415929203539823,0.9100478468899521
dataset_slammer_6893_5_rrc04.csv,0.9513888888888888,29.0,20.0,0.975609756097561,0.7079646017699115,0.8205128205128205
