,accuracy,epoch,lag,precision_0,recall_0,f1_0
dataset_japan-earthquake_2497_1_rrc06.csv,0.8079166666666666,91.0,20.0,0.21832579185520362,0.9974160206718347,0.3582366589327146
dataset_japan-earthquake_2497_5_rrc06.csv,0.6590277777777778,91.0,20.0,0.13556338028169015,1.0,0.23875968992248062
dataset_japan-earthquake_10026_1_rv-sydney.csv,0.9448611111111112,91.0,20.0,0.4896373056994819,0.9921259842519685,0.6556808326105811
