,accuracy,epoch,lag,precision_0,recall_0,f1_0
dataset_japan-earthquake_2497_1_rrc06.csv,0.8841666666666667,49.0,20.0,0.3166529942575882,0.9974160206718347,0.48069738480697377
dataset_japan-earthquake_2497_5_rrc06.csv,0.7118055555555556,49.0,20.0,0.1565040650406504,1.0,0.27065026362038663
dataset_japan-earthquake_10026_1_rv-sydney.csv,0.9763888888888889,49.0,20.0,0.6964618249534451,0.9816272965879265,0.8148148148148148
