,accuracy,epoch,lag,precision_0,recall_0,f1_0
dataset_slammer_513_1_rrc04.csv,0.9529166666666666,33.0,20.0,0.8540734109221128,0.8442477876106195,0.8491321762349799
dataset_slammer_513_5_rrc04.csv,0.9833333333333333,33.0,20.0,0.9675925925925926,0.9247787610619469,0.9457013574660633
dataset_slammer_559_1_rrc04.csv,0.6513888888888889,33.0,20.0,0.30907581627006087,0.988495575221239,0.4709106239460371
dataset_slammer_559_5_rrc04.csv,0.7965277777777777,33.0,20.0,0.4346978557504873,0.9867256637168141,0.6035182679296346
dataset_slammer_6893_1_rrc04.csv,0.9730555555555556,33.0,20.0,0.9588235294117647,0.8654867256637168,0.9097674418604652
dataset_slammer_6893_5_rrc04.csv,0.9625,33.0,20.0,0.9777777777777777,0.7787610619469026,0.8669950738916256
