,accuracy,epoch,lag,precision_0,recall_0,f1_0
dataset_nimda_513_1_rrc04.csv,0.6580882352941176,61.0,20.0,0.6666666666666666,0.0005657708628005657,0.0011305822498586774
dataset_nimda_513_5_rrc04.csv,0.65869140625,61.0,20.0,0.9,0.01272984441301273,0.02510460251046025
dataset_nimda_559_1_rrc04.csv,0.6786958204334366,61.0,20.0,0.9908256880733946,0.061103253182461105,0.11510791366906475
dataset_nimda_559_5_rrc04.csv,0.83056640625,61.0,20.0,0.9265402843601895,0.553041018387553,0.6926483613817538
dataset_nimda_6893_1_rrc04.csv,0.6590557275541795,61.0,20.0,0.7894736842105263,0.004243281471004243,0.008441193021947102
dataset_nimda_6893_5_rrc04.csv,0.6591796875,61.0,20.0,0.9090909090909091,0.014144271570014143,0.027855153203342614
