,accuracy,epoch,lag,precision_0,recall_0,f1_0
dataset_code-red_513_1_rrc04.csv,0.9104540358744395,32.0,20.0,0.441207075962539,0.8060836501901141,0.570275722932078
dataset_code-red_513_5_rrc04.csv,0.8097222222222222,32.0,20.0,0.2529411764705882,0.8113207547169812,0.38565022421524664
dataset_code-red_6893_1_rrc04.csv,0.936939461883408,32.0,20.0,0.8220338983050848,0.1844106463878327,0.3012422360248447
dataset_code-red_6893_5_rrc04.csv,0.9298611111111111,32.0,20.0,0.5342465753424658,0.36792452830188677,0.4357541899441341
