,accuracy,epoch,lag,precision_0,recall_0,f1_0
dataset_nimda_513_1_rrc04.csv,0.6581849845201239,60.0,20.0,0.75,0.0008486562942008486,0.0016953941791466515
dataset_nimda_513_5_rrc04.csv,0.65869140625,60.0,20.0,0.9,0.01272984441301273,0.02510460251046025
dataset_nimda_559_1_rrc04.csv,0.666795665634675,60.0,20.0,0.9789473684210527,0.02630834512022631,0.05123966942148761
dataset_nimda_559_5_rrc04.csv,0.80126953125,60.0,20.0,0.9518072289156626,0.44695898161244696,0.6082771896053898
dataset_nimda_6893_1_rrc04.csv,0.6588622291021672,60.0,20.0,0.7647058823529411,0.0036775106082036777,0.0073198198198198205
dataset_nimda_6893_5_rrc04.csv,0.65869140625,60.0,20.0,0.9,0.01272984441301273,0.02510460251046025
