,accuracy,epoch,lag,precision_0,recall_0,f1_0
dataset_japan-earthquake_2497_1_rrc06.csv,0.9643055555555555,15.0,20.0,0.6419213973799127,0.7596899224806202,0.6958579881656805
dataset_japan-earthquake_2497_5_rrc06.csv,0.9631944444444445,15.0,20.0,0.6052631578947368,0.8961038961038961,0.7225130890052356
dataset_japan-earthquake_10026_1_rv-sydney.csv,0.9479166666666666,15.0,20.0,0.5052816901408451,0.7532808398950132,0.6048472075869337
