,accuracy,epoch,lag,precision_0,recall_0,f1_0
dataset_malaysian-telecom_25091_1_rrc04.csv,0.026805555555555555,96.0,20.0,0.025723025583982203,1.0,0.050155889928155076
dataset_malaysian-telecom_25091_5_rrc04.csv,0.18194444444444444,96.0,20.0,0.030452674897119343,1.0,0.05910543130990415
