,accuracy,epoch,lag,precision_0,recall_0,f1_0
dataset_japan-earthquake_2497_1_rrc06.csv,0.9875,32.0,20.0,0.8278145695364238,0.9689922480620154,0.8928571428571428
dataset_japan-earthquake_2497_5_rrc06.csv,0.9201388888888888,32.0,20.0,0.3978494623655914,0.961038961038961,0.5627376425855514
dataset_japan-earthquake_10026_1_rv-sydney.csv,0.9844444444444445,32.0,20.0,0.8036117381489842,0.9343832020997376,0.8640776699029126
