,accuracy,epoch,lag,precision_0,recall_0,f1_0
dataset_code-red_513_1_rrc04.csv,0.8525784753363229,5.0,20.0,0.21162280701754385,0.3669201520912547,0.26842837273991654
dataset_code-red_513_5_rrc04.csv,0.9131944444444444,5.0,20.0,0.4,0.3584905660377358,0.37810945273631835
dataset_code-red_6893_1_rrc04.csv,0.843329596412556,5.0,20.0,0.16210045662100456,0.26996197718631176,0.20256776034236804
dataset_code-red_6893_5_rrc04.csv,0.8993055555555556,5.0,20.0,0.25925925925925924,0.19811320754716982,0.22459893048128343
