,accuracy,epoch,lag,precision_0,recall_0,f1_0
dataset_nimda_513_1_rrc04.csv,0.6578947368421053,35.0,20.0,0.0,0.0,0.0
dataset_nimda_513_5_rrc04.csv,0.654296875,35.0,20.0,0.0,0.0,0.0
dataset_nimda_559_1_rrc04.csv,0.6578947368421053,35.0,20.0,0.0,0.0,0.0
dataset_nimda_559_5_rrc04.csv,0.65966796875,35.0,20.0,0.9166666666666666,0.015558698727015558,0.030598052851182195
dataset_nimda_6893_1_rrc04.csv,0.6582817337461301,35.0,20.0,0.8,0.0011315417256011315,0.002259887005649717
dataset_nimda_6893_5_rrc04.csv,0.6552734375,35.0,20.0,1.0,0.0014144271570014145,0.0028248587570621473
