,accuracy,epoch,lag,precision_0,recall_0,f1_0
dataset_code-red_513_1_rrc04.csv,0.9233464125560538,78.0,20.0,0.48893572181243417,0.8821292775665399,0.6291525423728814
dataset_code-red_513_5_rrc04.csv,0.7680555555555556,78.0,20.0,0.2409090909090909,1.0,0.38827838827838823
dataset_code-red_6893_1_rrc04.csv,0.969310538116592,78.0,20.0,0.8698795180722891,0.6863117870722434,0.7672688629117961
dataset_code-red_6893_5_rrc04.csv,0.9618055555555556,78.0,20.0,0.6888888888888889,0.8773584905660378,0.7717842323651452
