,accuracy,epoch,lag,precision_0,recall_0,f1_0
dataset_nimda_513_1_rrc04.csv,0.66031346749226,16.0,20.0,0.8157894736842105,0.00876944837340877,0.017352364959417856
dataset_nimda_513_5_rrc04.csv,0.65771484375,16.0,20.0,0.6363636363636364,0.019801980198019802,0.03840877914951989
dataset_nimda_559_1_rrc04.csv,0.6861455108359134,16.0,20.0,0.603264726756565,0.24045261669024046,0.34385113268608414
dataset_nimda_559_5_rrc04.csv,0.8017578125,16.0,20.0,0.8888888888888888,0.48656294200848654,0.6288848263254113
dataset_nimda_6893_1_rrc04.csv,0.6573142414860681,16.0,20.0,0.26666666666666666,0.0011315417256011315,0.002253521126760563
dataset_nimda_6893_5_rrc04.csv,0.6533203125,16.0,20.0,0.2857142857142857,0.002828854314002829,0.0056022408963585435
