,accuracy,epoch,lag,precision_0,recall_0,f1_0
dataset_japan-earthquake_2497_1_rrc06.csv,0.8968055555555555,11.0,20.0,0.28502415458937197,0.6098191214470284,0.388477366255144
dataset_japan-earthquake_2497_5_rrc06.csv,0.9270833333333334,11.0,20.0,0.4166666666666667,0.9090909090909091,0.5714285714285715
dataset_japan-earthquake_10026_1_rv-sydney.csv,0.9129166666666667,11.0,20.0,0.3252840909090909,0.6010498687664042,0.4221198156682027
