,accuracy,epoch,lag,precision_0,recall_0,f1_0
dataset_japan-earthquake_2497_1_rrc06.csv,0.9747222222222223,30.0,20.0,0.6840215439856373,0.9844961240310077,0.8072033898305083
dataset_japan-earthquake_2497_5_rrc06.csv,0.8909722222222223,30.0,20.0,0.32608695652173914,0.974025974025974,0.488599348534202
dataset_japan-earthquake_10026_1_rv-sydney.csv,0.9825,30.0,20.0,0.7718550106609808,0.9501312335958005,0.851764705882353
