,accuracy,epoch,lag,precision_0,recall_0,f1_0
dataset_slammer_513_1_rrc04.csv,0.8240277777777778,5.0,20.0,0.25622775800711745,0.06371681415929203,0.10205527994330262
dataset_slammer_513_5_rrc04.csv,0.8416666666666667,5.0,20.0,0.4857142857142857,0.1504424778761062,0.22972972972972971
dataset_slammer_559_1_rrc04.csv,0.8061111111111111,5.0,20.0,0.23715415019762845,0.10619469026548672,0.14669926650366746
dataset_slammer_559_5_rrc04.csv,0.8597222222222223,5.0,20.0,0.6875,0.19469026548672566,0.30344827586206896
dataset_slammer_6893_1_rrc04.csv,0.8280555555555555,5.0,20.0,0.2032967032967033,0.03274336283185841,0.05640243902439024
dataset_slammer_6893_5_rrc04.csv,0.8479166666666667,5.0,20.0,0.547945205479452,0.17699115044247787,0.2675585284280936
