,accuracy,epoch,lag,precision_0,recall_0,f1_0
dataset_as9121_13237_1_rrc05.csv,0.9420833333333334,6.0,20.0,0.1388888888888889,0.8227848101265823,0.2376599634369287
dataset_as9121_13237_5_rrc05.csv,0.9326388888888889,6.0,20.0,0.012048192771084338,0.0625,0.020202020202020204
