,accuracy,epoch,lag,precision_0,recall_0,f1_0
dataset_moscow_blackout_1853_1_rrc05.csv,0.9584722222222222,33.0,20.0,0.336734693877551,0.7719298245614035,0.4689165186500888
dataset_moscow_blackout_1853_5_rrc05.csv,0.9305555555555556,33.0,20.0,0.2072072072072072,0.6571428571428571,0.3150684931506849
dataset_moscow_blackout_12793_1_rrc05.csv,0.9866666666666667,33.0,20.0,0.669683257918552,0.8654970760233918,0.7551020408163264
dataset_moscow_blackout_12793_5_rrc05.csv,0.9388888888888889,33.0,20.0,0.24271844660194175,0.7142857142857143,0.36231884057971014
