,accuracy,epoch,lag,precision_0,recall_0,f1_0
dataset_japan-earthquake_2497_1_rrc06.csv,0.9908333333333333,38.0,20.0,0.8758782201405152,0.9664082687338501,0.9189189189189189
dataset_japan-earthquake_2497_5_rrc06.csv,0.9479166666666666,38.0,20.0,0.5067567567567568,0.974025974025974,0.6666666666666667
dataset_japan-earthquake_10026_1_rv-sydney.csv,0.9861111111111112,38.0,20.0,0.8259860788863109,0.9343832020997376,0.876847290640394
