,accuracy,epoch,lag,precision_0,recall_0,f1_0
dataset_japan-earthquake_2497_1_rrc06.csv,0.9183333333333333,88.0,20.0,0.3964984552008239,0.9948320413436692,0.5670103092783505
dataset_japan-earthquake_2497_5_rrc06.csv,0.7854166666666667,88.0,20.0,0.19948186528497408,1.0,0.33261339092872566
dataset_japan-earthquake_10026_1_rv-sydney.csv,0.9783333333333334,88.0,20.0,0.7142857142857143,0.984251968503937,0.8278145695364237
