,accuracy,epoch,lag,precision_0,recall_0,f1_0
dataset_aws-leak_15547_1_rrc04.csv,0.11625,48.0,20.0,0.011035125893689773,1.0,0.0218293620292083
dataset_aws-leak_15547_5_rrc04.csv,0.018055555555555554,48.0,20.0,0.010496850944716585,1.0,0.02077562326869806
dataset_aws-leak_34781_1_rrc04.csv,0.9783333333333334,48.0,20.0,0.3094170403587444,0.971830985915493,0.46938775510204084
dataset_aws-leak_34781_5_rrc04.csv,0.9631944444444445,48.0,20.0,0.203125,0.8666666666666667,0.32911392405063294
