,accuracy,epoch,lag,precision_0,recall_0,f1_0
dataset_malaysian-telecom_25091_1_rrc04.csv,0.04375,99.0,20.0,0.02616690240452617,1.0,0.05099931082012406
dataset_malaysian-telecom_25091_5_rrc04.csv,0.49722222222222223,99.0,20.0,0.04862023653088042,1.0,0.09273182957393485
