,accuracy,epoch,lag,precision_0,recall_0,f1_0
dataset_moscow_blackout_1853_1_rrc05.csv,0.6123611111111111,93.0,20.0,0.057432432432432436,0.9941520467836257,0.1085915043117215
dataset_moscow_blackout_1853_5_rrc05.csv,0.7611111111111111,93.0,20.0,0.0743801652892562,0.7714285714285715,0.135678391959799
dataset_moscow_blackout_12793_1_rrc05.csv,0.99125,93.0,20.0,0.7783505154639175,0.8830409356725146,0.8273972602739726
dataset_moscow_blackout_12793_5_rrc05.csv,0.9618055555555556,93.0,20.0,0.36486486486486486,0.7714285714285715,0.4954128440366973
