,accuracy,epoch,lag,precision_0,recall_0,f1_0
dataset_moscow_blackout_1853_1_rrc05.csv,0.9619444444444445,75.0,20.0,0.35967302452316074,0.7719298245614035,0.4907063197026022
dataset_moscow_blackout_1853_5_rrc05.csv,0.9104166666666667,75.0,20.0,0.1780821917808219,0.7428571428571429,0.287292817679558
dataset_moscow_blackout_12793_1_rrc05.csv,0.9933333333333333,75.0,20.0,0.847457627118644,0.8771929824561403,0.8620689655172413
dataset_moscow_blackout_12793_5_rrc05.csv,0.9666666666666667,75.0,20.0,0.3968253968253968,0.7142857142857143,0.5102040816326531
