,accuracy,epoch,lag,precision_0,recall_0,f1_0
dataset_nimda_513_1_rrc04.csv,0.6578947368421053,43.0,20.0,0.0,0.0,0.0
dataset_nimda_513_5_rrc04.csv,0.65576171875,43.0,20.0,0.75,0.004243281471004243,0.008438818565400843
dataset_nimda_559_1_rrc04.csv,0.6578947368421053,43.0,20.0,0.0,0.0,0.0
dataset_nimda_559_5_rrc04.csv,0.72021484375,43.0,20.0,0.9926470588235294,0.19094766619519093,0.32028469750889677
dataset_nimda_6893_1_rrc04.csv,0.6586687306501547,43.0,20.0,0.8181818181818182,0.002545968882602546,0.005076142131979697
dataset_nimda_6893_5_rrc04.csv,0.65576171875,43.0,20.0,1.0,0.002828854314002829,0.005641748942172073
