,accuracy,epoch,lag,precision_0,recall_0,f1_0
dataset_nimda_513_1_rrc04.csv,0.6580882352941176,77.0,20.0,0.6666666666666666,0.0005657708628005657,0.0011305822498586774
dataset_nimda_513_5_rrc04.csv,0.6611328125,77.0,20.0,0.9333333333333333,0.019801980198019802,0.038781163434903045
dataset_nimda_559_1_rrc04.csv,0.698045665634675,77.0,20.0,0.9882075471698113,0.11852899575671853,0.21166961353877242
dataset_nimda_559_5_rrc04.csv,0.8232421875,77.0,20.0,0.7733755942947702,0.6902404526166902,0.7294469357249624
dataset_nimda_6893_1_rrc04.csv,0.659732972136223,77.0,20.0,0.8,0.006789250353606789,0.013464235624123421
dataset_nimda_6893_5_rrc04.csv,0.662109375,77.0,20.0,0.9411764705882353,0.02263083451202263,0.044198895027624314
