,accuracy,epoch,lag,precision_0,recall_0,f1_0
dataset_moscow_blackout_1853_1_rrc05.csv,0.9629166666666666,54.0,20.0,0.3644067796610169,0.7543859649122807,0.49142857142857144
dataset_moscow_blackout_1853_5_rrc05.csv,0.9180555555555555,54.0,20.0,0.18796992481203006,0.7142857142857143,0.29761904761904767
dataset_moscow_blackout_12793_1_rrc05.csv,0.9919444444444444,54.0,20.0,0.8054054054054054,0.8713450292397661,0.8370786516853932
dataset_moscow_blackout_12793_5_rrc05.csv,0.9583333333333334,54.0,20.0,0.33766233766233766,0.7428571428571429,0.46428571428571436
