,accuracy,epoch,lag,precision_0,recall_0,f1_0
dataset_as9121_13237_1_rrc05.csv,0.9541666666666667,48.0,20.0,0.18703241895261846,0.9493670886075949,0.3125
dataset_as9121_13237_5_rrc05.csv,0.9236111111111112,48.0,20.0,0.10833333333333334,0.8125,0.1911764705882353
