,accuracy,epoch,lag,precision_0,recall_0,f1_0
dataset_slammer_513_1_rrc04.csv,0.16069444444444445,1.0,20.0,0.1575352014498815,1.0,0.2721907744188848
dataset_slammer_513_5_rrc04.csv,0.16597222222222222,1.0,20.0,0.15837421163279608,1.0,0.27344222625529346
dataset_slammer_559_1_rrc04.csv,0.3526388888888889,1.0,20.0,0.12154340836012861,0.5017699115044247,0.19568593615185503
dataset_slammer_559_5_rrc04.csv,0.5152777777777777,1.0,20.0,0.19430051813471502,0.6637168141592921,0.30060120240480964
dataset_slammer_6893_1_rrc04.csv,0.1675,1.0,20.0,0.15823496346261945,0.9964601769911504,0.2731021101139947
dataset_slammer_6893_5_rrc04.csv,0.18819444444444444,1.0,20.0,0.16200716845878135,1.0,0.2788402220851326
