,accuracy,epoch,lag,precision_0,recall_0,f1_0
dataset_nimda_513_1_rrc04.csv,0.6579914860681114,93.0,20.0,0.5,0.0002828854314002829,0.0005654509471303364
dataset_nimda_513_5_rrc04.csv,0.66064453125,93.0,20.0,0.9285714285714286,0.018387553041018388,0.03606102635228849
dataset_nimda_559_1_rrc04.csv,0.6822755417956656,93.0,20.0,0.9630996309963099,0.07383309759547384,0.1371518654755649
dataset_nimda_559_5_rrc04.csv,0.814453125,93.0,20.0,0.8546637744034707,0.5572842998585573,0.6746575342465754
dataset_nimda_6893_1_rrc04.csv,0.6595394736842105,93.0,20.0,0.75,0.006789250353606789,0.01345668629100084
dataset_nimda_6893_5_rrc04.csv,0.66162109375,93.0,20.0,0.9375,0.021216407355021217,0.04149377593360996
