,accuracy,epoch,lag,precision_0,recall_0,f1_0
dataset_japan-earthquake_2497_1_rrc06.csv,0.9748611111111111,31.0,20.0,0.685251798561151,0.9844961240310077,0.8080593849416754
dataset_japan-earthquake_2497_5_rrc06.csv,0.8659722222222223,31.0,20.0,0.2803030303030303,0.961038961038961,0.4340175953079178
dataset_japan-earthquake_10026_1_rv-sydney.csv,0.9829166666666667,31.0,20.0,0.7841409691629956,0.9343832020997376,0.8526946107784431
