,accuracy,epoch,lag,precision_0,recall_0,f1_0
dataset_slammer_513_1_rrc04.csv,0.9401388888888889,50.0,20.0,0.9544863459037711,0.6495575221238938,0.7730384412848869
dataset_slammer_513_5_rrc04.csv,0.9597222222222223,50.0,20.0,0.9158415841584159,0.8185840707964602,0.8644859813084113
dataset_slammer_559_1_rrc04.csv,0.5331944444444444,50.0,20.0,0.2512820512820513,0.9973451327433628,0.40142475512021375
dataset_slammer_559_5_rrc04.csv,0.5986111111111111,50.0,20.0,0.28,0.9911504424778761,0.4366471734892788
dataset_slammer_6893_1_rrc04.csv,0.9555555555555556,50.0,20.0,0.9581447963800905,0.7495575221238938,0.8411122144985105
dataset_slammer_6893_5_rrc04.csv,0.9625,50.0,20.0,0.9574468085106383,0.7964601769911505,0.8695652173913044
