,accuracy,epoch,lag,precision_0,recall_0,f1_0
dataset_malaysian-telecom_25091_1_rrc04.csv,0.025694444444444443,40.0,20.0,0.025694444444444443,1.0,0.05010155721056195
dataset_malaysian-telecom_25091_5_rrc04.csv,0.03263888888888889,40.0,20.0,0.025874125874125874,1.0,0.05044308111792774
