,accuracy,epoch,lag,precision_0,recall_0,f1_0
dataset_moscow_blackout_1853_1_rrc05.csv,0.9661111111111111,57.0,20.0,0.3916913946587537,0.7719298245614035,0.5196850393700787
dataset_moscow_blackout_1853_5_rrc05.csv,0.925,57.0,20.0,0.208,0.7428571428571429,0.325
dataset_moscow_blackout_12793_1_rrc05.csv,0.9929166666666667,57.0,20.0,0.8370786516853933,0.8713450292397661,0.853868194842407
dataset_moscow_blackout_12793_5_rrc05.csv,0.9604166666666667,57.0,20.0,0.35135135135135137,0.7428571428571429,0.47706422018348627
