,accuracy,epoch,lag,precision_0,recall_0,f1_0
dataset_aws-leak_15547_1_rrc04.csv,0.13305555555555557,40.0,20.0,0.011246633929985744,1.0,0.02224310776942356
dataset_aws-leak_15547_5_rrc04.csv,0.020833333333333332,40.0,20.0,0.010526315789473684,1.0,0.020833333333333332
dataset_aws-leak_34781_1_rrc04.csv,0.9702777777777778,40.0,20.0,0.24734982332155478,0.9859154929577465,0.3954802259887006
dataset_aws-leak_34781_5_rrc04.csv,0.9659722222222222,40.0,20.0,0.21666666666666667,0.8666666666666667,0.3466666666666666
