,accuracy,epoch,lag,precision_0,recall_0,f1_0
dataset_slammer_513_1_rrc04.csv,0.9559722222222222,43.0,20.0,0.8652291105121294,0.852212389380531,0.8586714222024076
dataset_slammer_513_5_rrc04.csv,0.9694444444444444,43.0,20.0,0.9099099099099099,0.8938053097345132,0.9017857142857143
dataset_slammer_559_1_rrc04.csv,0.5170833333333333,43.0,20.0,0.24494675070636818,0.9973451327433628,0.39329959867387887
dataset_slammer_559_5_rrc04.csv,0.6576388888888889,43.0,20.0,0.3132867132867133,0.9911504424778761,0.47608926673751334
dataset_slammer_6893_1_rrc04.csv,0.8879166666666667,43.0,20.0,0.5961882072662299,0.8858407079646018,0.7127091491634033
dataset_slammer_6893_5_rrc04.csv,0.9652777777777778,43.0,20.0,0.9631578947368421,0.8097345132743363,0.8798076923076924
