,accuracy,epoch,lag,precision_0,recall_0,f1_0
dataset_aws-leak_15547_1_rrc04.csv,0.5175,94.0,20.0,0.02002820874471086,1.0,0.039269911504424784
dataset_aws-leak_15547_5_rrc04.csv,0.024305555555555556,94.0,20.0,0.01056338028169014,1.0,0.020905923344947733
dataset_aws-leak_34781_1_rrc04.csv,0.9845833333333334,94.0,20.0,0.38636363636363635,0.9577464788732394,0.5506072874493927
dataset_aws-leak_34781_5_rrc04.csv,0.9659722222222222,94.0,20.0,0.22580645161290322,0.9333333333333333,0.36363636363636365
