,accuracy,epoch,lag,precision_0,recall_0,f1_0
dataset_as9121_13237_1_rrc05.csv,0.7931944444444444,47.0,20.0,0.049232736572890026,0.9746835443037974,0.09373097991479003
dataset_as9121_13237_5_rrc05.csv,0.8819444444444444,47.0,20.0,0.07222222222222222,0.8125,0.13265306122448978
