,accuracy,epoch,lag,precision_0,recall_0,f1_0
dataset_japan-earthquake_2497_1_rrc06.csv,0.9738888888888889,87.0,20.0,0.6773618538324421,0.9819121447028424,0.8016877637130801
dataset_japan-earthquake_2497_5_rrc06.csv,0.8416666666666667,87.0,20.0,0.25245901639344265,1.0,0.40314136125654454
dataset_japan-earthquake_10026_1_rv-sydney.csv,0.9858333333333333,87.0,20.0,0.8,0.9763779527559056,0.8794326241134752
