,accuracy,epoch,lag,precision_0,recall_0,f1_0
dataset_code-red_513_1_rrc04.csv,0.9663677130044843,17.0,20.0,0.8885869565217391,0.6216730038022814,0.7315436241610739
dataset_code-red_513_5_rrc04.csv,0.925,17.0,20.0,0.4891304347826087,0.42452830188679247,0.4545454545454546
dataset_code-red_6893_1_rrc04.csv,0.9239069506726457,17.0,20.0,0.0,0.0,0.0
dataset_code-red_6893_5_rrc04.csv,0.9152777777777777,17.0,20.0,0.0,0.0,0.0
