,accuracy,epoch,lag,precision_0,recall_0,f1_0
dataset_nimda_513_1_rrc04.csv,0.6578947368421053,89.0,20.0,0.0,0.0,0.0
dataset_nimda_513_5_rrc04.csv,0.65869140625,89.0,20.0,0.9,0.01272984441301273,0.02510460251046025
dataset_nimda_559_1_rrc04.csv,0.6576044891640866,89.0,20.0,0.0,0.0,0.0
dataset_nimda_559_5_rrc04.csv,0.79345703125,89.0,20.0,0.9465408805031447,0.42574257425742573,0.5873170731707317
dataset_nimda_6893_1_rrc04.csv,0.6588622291021672,89.0,20.0,0.7142857142857143,0.004243281471004243,0.00843644544431946
dataset_nimda_6893_5_rrc04.csv,0.66015625,89.0,20.0,0.9230769230769231,0.016973125884016973,0.03333333333333333
