,accuracy,epoch,lag,precision_0,recall_0,f1_0
dataset_slammer_513_1_rrc04.csv,0.82,51.0,20.0,0.46353251318101935,0.9336283185840708,0.6194950088079859
dataset_slammer_513_5_rrc04.csv,0.96875,51.0,20.0,0.8917748917748918,0.911504424778761,0.9015317286652078
dataset_slammer_559_1_rrc04.csv,0.29083333333333333,51.0,20.0,0.18120590121872995,1.0,0.3068150963888135
dataset_slammer_559_5_rrc04.csv,0.5319444444444444,51.0,20.0,0.2505567928730512,0.995575221238938,0.40035587188612104
dataset_slammer_6893_1_rrc04.csv,0.6415277777777778,51.0,20.0,0.2952300310471352,0.9256637168141593,0.44767815108067627
dataset_slammer_6893_5_rrc04.csv,0.9569444444444445,51.0,20.0,0.9019607843137255,0.8141592920353983,0.8558139534883722
