,accuracy,epoch,lag,precision_0,recall_0,f1_0
dataset_code-red_513_1_rrc04.csv,0.8615470852017937,21.0,20.0,0.3273542600896861,0.8326996197718631,0.4699570815450644
dataset_code-red_513_5_rrc04.csv,0.7944444444444444,21.0,20.0,0.2155688622754491,0.6792452830188679,0.32727272727272727
dataset_code-red_6893_1_rrc04.csv,0.9414237668161435,21.0,20.0,0.6901408450704225,0.3726235741444867,0.48395061728395067
dataset_code-red_6893_5_rrc04.csv,0.9236111111111112,21.0,20.0,0.4166666666666667,0.09433962264150944,0.15384615384615385
