,accuracy,epoch,lag,precision_0,recall_0,f1_0
dataset_slammer_513_1_rrc04.csv,0.9338888888888889,28.0,20.0,0.9866071428571429,0.5867256637168141,0.7358490566037735
dataset_slammer_513_5_rrc04.csv,0.9388888888888889,28.0,20.0,0.9859154929577465,0.6194690265486725,0.7608695652173912
dataset_slammer_559_1_rrc04.csv,0.9406944444444445,28.0,20.0,0.9808481532147743,0.6345132743362832,0.7705534658785599
dataset_slammer_559_5_rrc04.csv,0.9763888888888889,28.0,20.0,1.0,0.8495575221238938,0.9186602870813397
dataset_slammer_6893_1_rrc04.csv,0.9125,28.0,20.0,0.9921259842519685,0.44601769911504424,0.6153846153846154
dataset_slammer_6893_5_rrc04.csv,0.9319444444444445,28.0,20.0,0.9848484848484849,0.5752212389380531,0.7262569832402235
