,accuracy,epoch,lag,precision_0,recall_0,f1_0
dataset_slammer_513_1_rrc04.csv,0.8031944444444444,13.0,20.0,0.3890177880897138,0.4451327433628319,0.4151877837391663
dataset_slammer_513_5_rrc04.csv,0.8652777777777778,13.0,20.0,0.6538461538461539,0.3008849557522124,0.41212121212121217
dataset_slammer_559_1_rrc04.csv,0.8491666666666666,13.0,20.0,0.5462184873949579,0.23008849557522124,0.323785803237858
dataset_slammer_559_5_rrc04.csv,0.8819444444444444,13.0,20.0,0.7916666666666666,0.336283185840708,0.47204968944099385
dataset_slammer_6893_1_rrc04.csv,0.8520833333333333,13.0,20.0,0.5661914460285132,0.24601769911504426,0.3429981492905614
dataset_slammer_6893_5_rrc04.csv,0.8666666666666667,13.0,20.0,0.6808510638297872,0.2831858407079646,0.4
