,accuracy,epoch,lag,precision_0,recall_0,f1_0
dataset_slammer_513_1_rrc04.csv,0.9373611111111111,93.0,20.0,0.8100456621004566,0.7849557522123893,0.7973033707865168
dataset_slammer_513_5_rrc04.csv,0.9694444444444444,93.0,20.0,0.8760330578512396,0.9380530973451328,0.9059829059829061
dataset_slammer_559_1_rrc04.csv,0.2588888888888889,93.0,20.0,0.17476028456541912,1.0,0.2975250131648236
dataset_slammer_559_5_rrc04.csv,0.49027777777777776,93.0,20.0,0.2348643006263048,0.995575221238938,0.3800675675675676
dataset_slammer_6893_1_rrc04.csv,0.7906944444444445,93.0,20.0,0.42083158336833265,0.8867256637168142,0.5707775562517802
dataset_slammer_6893_5_rrc04.csv,0.9423611111111111,93.0,20.0,0.8095238095238095,0.827433628318584,0.8183807439824944
