,accuracy,epoch,lag,precision_0,recall_0,f1_0
dataset_malaysian-telecom_25091_1_rrc04.csv,0.02666666666666667,85.0,20.0,0.025719449464757405,1.0,0.050149091894822445
dataset_malaysian-telecom_25091_5_rrc04.csv,0.12916666666666668,85.0,20.0,0.02865995352439969,1.0,0.05572289156626506
