,accuracy,epoch,lag,precision_0,recall_0,f1_0
dataset_as9121_13237_1_rrc05.csv,0.8647222222222222,78.0,20.0,0.07421503330161751,0.9873417721518988,0.13805309734513274
dataset_as9121_13237_5_rrc05.csv,0.8944444444444445,78.0,20.0,0.08536585365853659,0.875,0.15555555555555559
