,accuracy,epoch,lag,precision_0,recall_0,f1_0
dataset_nimda_513_1_rrc04.csv,0.659732972136223,10.0,20.0,0.6451612903225806,0.011315417256011316,0.022240756185710316
dataset_nimda_513_5_rrc04.csv,0.654296875,10.0,20.0,0.48,0.016973125884016973,0.03278688524590164
dataset_nimda_559_1_rrc04.csv,0.6440595975232198,10.0,20.0,0.3565737051792829,0.050636492220650635,0.08867971265791429
dataset_nimda_559_5_rrc04.csv,0.6533203125,10.0,20.0,0.46511627906976744,0.028288543140028287,0.05333333333333333
dataset_nimda_6893_1_rrc04.csv,0.6570239938080495,10.0,20.0,0.2727272727272727,0.0016973125884016972,0.0033736294630306433
dataset_nimda_6893_5_rrc04.csv,0.650390625,10.0,20.0,0.15384615384615385,0.002828854314002829,0.005555555555555557
