,accuracy,epoch,lag,precision_0,recall_0,f1_0
dataset_code-red_513_1_rrc04.csv,0.39181614349775784,40.0,20.0,0.10809699958898479,1.0,0.19510385756676557
dataset_code-red_513_5_rrc04.csv,0.4722222222222222,40.0,20.0,0.12240184757505773,1.0,0.21810699588477367
dataset_code-red_6893_1_rrc04.csv,0.8087163677130045,40.0,20.0,0.27458355722729716,0.9714828897338403,0.42815249266862165
dataset_code-red_6893_5_rrc04.csv,0.8180555555555555,40.0,20.0,0.28804347826086957,1.0,0.4472573839662447
