,accuracy,epoch,lag,precision_0,recall_0,f1_0
dataset_slammer_513_1_rrc04.csv,0.8313888888888888,91.0,20.0,0.48,0.8920353982300885,0.6241486068111455
dataset_slammer_513_5_rrc04.csv,0.9666666666666667,91.0,20.0,0.8588709677419355,0.9424778761061947,0.8987341772151899
dataset_slammer_559_1_rrc04.csv,0.27847222222222223,91.0,20.0,0.17865612648221343,1.0,0.3031522468142186
dataset_slammer_559_5_rrc04.csv,0.49236111111111114,91.0,20.0,0.2356020942408377,0.995575221238938,0.3810330228619813
dataset_slammer_6893_1_rrc04.csv,0.6166666666666667,91.0,20.0,0.2834750265674814,0.9442477876106194,0.4360441356763384
dataset_slammer_6893_5_rrc04.csv,0.93125,91.0,20.0,0.7613168724279835,0.8185840707964602,0.7889125799573561
