,accuracy,epoch,lag,precision_0,recall_0,f1_0
dataset_aws-leak_15547_1_rrc04.csv,0.9805555555555555,16.0,20.0,0.3193717277486911,0.8591549295774648,0.46564885496183206
dataset_aws-leak_15547_5_rrc04.csv,0.9486111111111111,16.0,20.0,0.08450704225352113,0.4,0.13953488372093023
dataset_aws-leak_34781_1_rrc04.csv,0.9940277777777777,16.0,20.0,0.6521739130434783,0.8450704225352113,0.7361963190184049
dataset_aws-leak_34781_5_rrc04.csv,0.9763888888888889,16.0,20.0,0.047619047619047616,0.06666666666666667,0.05555555555555555
