,accuracy,epoch,lag,precision_0,recall_0,f1_0
dataset_as9121_13237_1_rrc05.csv,0.9559722222222222,72.0,20.0,0.19487179487179487,0.9620253164556962,0.32409381663113007
dataset_as9121_13237_5_rrc05.csv,0.9125,72.0,20.0,0.09558823529411764,0.8125,0.17105263157894737
