,accuracy,epoch,lag,precision_0,recall_0,f1_0
dataset_moscow_blackout_1853_1_rrc05.csv,0.9577777777777777,45.0,20.0,0.32727272727272727,0.7368421052631579,0.45323741007194246
dataset_moscow_blackout_1853_5_rrc05.csv,0.9229166666666667,45.0,20.0,0.1935483870967742,0.6857142857142857,0.3018867924528301
dataset_moscow_blackout_12793_1_rrc05.csv,0.9909722222222223,45.0,20.0,0.7789473684210526,0.8654970760233918,0.8199445983379501
dataset_moscow_blackout_12793_5_rrc05.csv,0.95625,45.0,20.0,0.32051282051282054,0.7142857142857143,0.4424778761061947
