,accuracy,epoch,lag,precision_0,recall_0,f1_0
dataset_japan-earthquake_2497_1_rrc06.csv,0.9826388888888888,50.0,20.0,0.7630522088353414,0.9819121447028424,0.8587570621468926
dataset_japan-earthquake_2497_5_rrc06.csv,0.8930555555555556,50.0,20.0,0.3333333333333333,1.0,0.5
dataset_japan-earthquake_10026_1_rv-sydney.csv,0.98625,50.0,20.0,0.8204545454545454,0.94750656167979,0.879415347137637
