,accuracy,epoch,lag,precision_0,recall_0,f1_0
dataset_slammer_513_1_rrc04.csv,0.7906944444444445,3.0,20.0,0.13255360623781676,0.06017699115044248,0.08277541083384053
dataset_slammer_513_5_rrc04.csv,0.8208333333333333,3.0,20.0,0.2948717948717949,0.10176991150442478,0.1513157894736842
dataset_slammer_559_1_rrc04.csv,0.7827777777777778,3.0,20.0,0.1284246575342466,0.06637168141592921,0.08751458576429405
dataset_slammer_559_5_rrc04.csv,0.8548611111111111,3.0,20.0,0.6440677966101694,0.168141592920354,0.26666666666666666
dataset_slammer_6893_1_rrc04.csv,0.8004166666666667,3.0,20.0,0.1012987012987013,0.034513274336283185,0.05148514851485149
dataset_slammer_6893_5_rrc04.csv,0.8409722222222222,3.0,20.0,0.48148148148148145,0.17256637168141592,0.254071661237785
