,accuracy,epoch,lag,precision_0,recall_0,f1_0
dataset_aws-leak_15547_1_rrc04.csv,0.11847222222222223,97.0,20.0,0.01106263633530695,1.0,0.02188318693173062
dataset_aws-leak_15547_5_rrc04.csv,0.017361111111111112,97.0,20.0,0.01048951048951049,1.0,0.020761245674740487
dataset_aws-leak_34781_1_rrc04.csv,0.9318055555555556,97.0,20.0,0.125,0.9859154929577465,0.2218700475435816
dataset_aws-leak_34781_5_rrc04.csv,0.9069444444444444,97.0,20.0,0.10067114093959731,1.0,0.18292682926829268
