,accuracy,epoch,lag,precision_0,recall_0,f1_0
dataset_moscow_blackout_1853_1_rrc05.csv,0.1272222222222222,24.0,20.0,0.02649109217660728,1.0,0.0516148505885904
dataset_moscow_blackout_1853_5_rrc05.csv,0.6493055555555556,24.0,20.0,0.05827067669172932,0.8857142857142857,0.109347442680776
dataset_moscow_blackout_12793_1_rrc05.csv,0.3925,24.0,20.0,0.03762376237623762,1.0,0.07251908396946564
dataset_moscow_blackout_12793_5_rrc05.csv,0.20972222222222223,24.0,20.0,0.029035012809564473,0.9714285714285714,0.056384742951907124
