,accuracy,epoch,lag,precision_0,recall_0,f1_0
dataset_as9121_13237_1_rrc05.csv,0.8630555555555556,53.0,20.0,0.07337723424270931,0.9873417721518988,0.13660245183887915
dataset_as9121_13237_5_rrc05.csv,0.8986111111111111,53.0,20.0,0.08860759493670886,0.875,0.16091954022988506
