,accuracy,epoch,lag,precision_0,recall_0,f1_0
dataset_code-red_513_1_rrc04.csv,0.9314742152466368,39.0,20.0,0.5258741258741259,0.714828897338403,0.6059629331184528
dataset_code-red_513_5_rrc04.csv,0.8583333333333333,39.0,20.0,0.31297709923664124,0.7735849056603774,0.4456521739130435
dataset_code-red_6893_1_rrc04.csv,0.9254484304932735,39.0,20.0,0.125,0.0019011406844106464,0.0037453183520599256
dataset_code-red_6893_5_rrc04.csv,0.9375,39.0,20.0,0.6481481481481481,0.330188679245283,0.43749999999999994
