,accuracy,epoch,lag,precision_0,recall_0,f1_0
dataset_moscow_blackout_1853_1_rrc05.csv,0.63,95.0,20.0,0.05656350053361793,0.9298245614035088,0.10663983903420524
dataset_moscow_blackout_1853_5_rrc05.csv,0.7798611111111111,95.0,20.0,0.08035714285714286,0.7714285714285715,0.14555256064690028
dataset_moscow_blackout_12793_1_rrc05.csv,0.9918055555555556,95.0,20.0,0.7916666666666666,0.8888888888888888,0.837465564738292
dataset_moscow_blackout_12793_5_rrc05.csv,0.9625,95.0,20.0,0.3698630136986301,0.7714285714285715,0.5
