,accuracy,epoch,lag,precision_0,recall_0,f1_0
dataset_malaysian-telecom_25091_1_rrc04.csv,0.8343055555555555,5.0,20.0,0.12275449101796407,0.8864864864864865,0.21564760026298485
dataset_malaysian-telecom_25091_5_rrc04.csv,0.9277777777777778,5.0,20.0,0.20869565217391303,0.6486486486486487,0.3157894736842105
