,accuracy,epoch,lag,precision_0,recall_0,f1_0
dataset_aws-leak_15547_1_rrc04.csv,0.4097222222222222,35.0,20.0,0.01643138162462393,1.0,0.03233151183970856
dataset_aws-leak_15547_5_rrc04.csv,0.0375,35.0,20.0,0.010706638115631691,1.0,0.021186440677966097
dataset_aws-leak_34781_1_rrc04.csv,0.9797222222222223,35.0,20.0,0.3222748815165877,0.9577464788732394,0.4822695035460993
dataset_aws-leak_34781_5_rrc04.csv,0.9673611111111111,35.0,20.0,0.21428571428571427,0.8,0.3380281690140845
