,accuracy,epoch,lag,precision_0,recall_0,f1_0
dataset_slammer_513_1_rrc04.csv,0.84875,74.0,20.0,0.5105182144689584,0.8805309734513275,0.646313738226697
dataset_slammer_513_5_rrc04.csv,0.9701388888888889,74.0,20.0,0.8796680497925311,0.9380530973451328,0.9079229122055674
dataset_slammer_559_1_rrc04.csv,0.25319444444444444,74.0,20.0,0.17365913631473798,1.0,0.29592772030902187
dataset_slammer_559_5_rrc04.csv,0.49444444444444446,74.0,20.0,0.23634453781512604,0.995575221238938,0.38200339558573854
dataset_slammer_6893_1_rrc04.csv,0.6283333333333333,74.0,20.0,0.2894880174291939,0.9407079646017699,0.4427321949187838
dataset_slammer_6893_5_rrc04.csv,0.9319444444444445,74.0,20.0,0.7644628099173554,0.8185840707964602,0.7905982905982907
