,accuracy,epoch,lag,precision_0,recall_0,f1_0
dataset_japan-earthquake_2497_1_rrc06.csv,0.5123611111111112,5.0,20.0,0.06945975744211687,0.6511627906976745,0.12552926525529265
dataset_japan-earthquake_2497_5_rrc06.csv,0.6138888888888889,5.0,20.0,0.11308562197092084,0.9090909090909091,0.20114942528735633
dataset_japan-earthquake_10026_1_rv-sydney.csv,0.8393055555555555,5.0,20.0,0.1143141153081511,0.30183727034120733,0.1658255227108868
