,accuracy,epoch,lag,precision_0,recall_0,f1_0
dataset_code-red_513_1_rrc04.csv,0.3611266816143498,2.0,20.0,0.08804902962206333,0.8193916349809885,0.1590112525364324
dataset_code-red_513_5_rrc04.csv,0.5354166666666667,2.0,20.0,0.11385459533607682,0.7830188679245284,0.19880239520958085
dataset_code-red_6893_1_rrc04.csv,0.265414798206278,2.0,20.0,0.0833922261484099,0.8973384030418251,0.152602651147753
dataset_code-red_6893_5_rrc04.csv,0.42777777777777776,2.0,20.0,0.10022271714922049,0.8490566037735849,0.1792828685258964
