,accuracy,epoch,lag,precision_0,recall_0,f1_0
dataset_code-red_513_1_rrc04.csv,0.7389293721973094,12.0,20.0,0.2056362835755174,0.8878326996197718,0.3339292098677154
dataset_code-red_513_5_rrc04.csv,0.9173611111111111,12.0,20.0,0.4656084656084656,0.8301886792452831,0.5966101694915253
dataset_code-red_6893_1_rrc04.csv,0.8510369955156951,12.0,20.0,0.30096367679762787,0.7718631178707225,0.4330666666666667
dataset_code-red_6893_5_rrc04.csv,0.9479166666666666,12.0,20.0,0.6201550387596899,0.7547169811320755,0.6808510638297872
