,accuracy,epoch,lag,precision_0,recall_0,f1_0
dataset_moscow_blackout_1853_1_rrc05.csv,0.96125,7.0,20.0,0.078125,0.05847953216374269,0.06688963210702341
dataset_moscow_blackout_1853_5_rrc05.csv,0.9541666666666667,7.0,20.0,0.20754716981132076,0.3142857142857143,0.25000000000000006
dataset_moscow_blackout_12793_1_rrc05.csv,0.4955555555555556,7.0,20.0,0.037175715431933674,0.8128654970760234,0.0710997442455243
dataset_moscow_blackout_12793_5_rrc05.csv,0.6263888888888889,7.0,20.0,0.043557168784029036,0.6857142857142857,0.08191126279863481
