,accuracy,epoch,lag,precision_0,recall_0,f1_0
dataset_moscow_blackout_1853_1_rrc05.csv,0.9830555555555556,13.0,20.0,0.6338797814207651,0.6783625730994152,0.6553672316384181
dataset_moscow_blackout_1853_5_rrc05.csv,0.9631944444444445,13.0,20.0,0.275,0.3142857142857143,0.29333333333333333
dataset_moscow_blackout_12793_1_rrc05.csv,0.9865277777777778,13.0,20.0,0.6778846153846154,0.8245614035087719,0.7440633245382586
dataset_moscow_blackout_12793_5_rrc05.csv,0.9444444444444444,13.0,20.0,0.2413793103448276,0.6,0.34426229508196726
