,accuracy,epoch,lag,precision_0,recall_0,f1_0
dataset_code-red_513_1_rrc04.csv,0.9281109865470852,30.0,20.0,0.5076923076923077,0.8155893536121673,0.62582056892779
dataset_code-red_513_5_rrc04.csv,0.8430555555555556,30.0,20.0,0.2902097902097902,0.7830188679245284,0.4234693877551021
dataset_code-red_6893_1_rrc04.csv,0.9397421524663677,30.0,20.0,0.8934426229508197,0.20722433460076045,0.33641975308641975
dataset_code-red_6893_5_rrc04.csv,0.9375,30.0,20.0,0.6481481481481481,0.330188679245283,0.43749999999999994
