,accuracy,epoch,lag,precision_0,recall_0,f1_0
dataset_aws-leak_15547_1_rrc04.csv,0.2693055555555556,66.0,20.0,0.01331582895723931,1.0,0.026281695354432724
dataset_aws-leak_15547_5_rrc04.csv,0.021527777777777778,66.0,20.0,0.010533707865168539,1.0,0.020847810979847115
dataset_aws-leak_34781_1_rrc04.csv,0.9844444444444445,66.0,20.0,0.3854748603351955,0.971830985915493,0.552
dataset_aws-leak_34781_5_rrc04.csv,0.9638888888888889,66.0,20.0,0.2153846153846154,0.9333333333333333,0.3500000000000001
