,accuracy,epoch,lag,precision_0,recall_0,f1_0
dataset_as9121_13237_1_rrc05.csv,0.6040277777777778,42.0,20.0,0.02696245733788396,1.0,0.05250913924891991
dataset_as9121_13237_5_rrc05.csv,0.8979166666666667,42.0,20.0,0.0880503144654088,0.875,0.16
