,accuracy,epoch,lag,precision_0,recall_0,f1_0
dataset_aws-leak_15547_1_rrc04.csv,0.8738888888888889,5.0,20.0,0.020618556701030927,0.2535211267605634,0.038135593220338986
dataset_aws-leak_15547_5_rrc04.csv,0.9326388888888889,5.0,20.0,0.0,0.0,0.0
dataset_aws-leak_34781_1_rrc04.csv,0.9566666666666667,5.0,20.0,0.15273775216138327,0.7464788732394366,0.2535885167464114
dataset_aws-leak_34781_5_rrc04.csv,0.9611111111111111,5.0,20.0,0.0,0.0,0.0
