,accuracy,epoch,lag,precision_0,recall_0,f1_0
dataset_slammer_513_1_rrc04.csv,0.9591666666666666,30.0,20.0,0.9707207207207207,0.7628318584070797,0.8543111992071357
dataset_slammer_513_5_rrc04.csv,0.9645833333333333,30.0,20.0,0.9679144385026738,0.8008849557522124,0.8765133171912834
dataset_slammer_559_1_rrc04.csv,0.9431944444444444,30.0,20.0,0.8310376492194674,0.8008849557522124,0.8156827399729609
dataset_slammer_559_5_rrc04.csv,0.975,30.0,20.0,0.876984126984127,0.9778761061946902,0.9246861924686193
dataset_slammer_6893_1_rrc04.csv,0.94875,30.0,20.0,0.9909677419354839,0.679646017699115,0.8062992125984251
dataset_slammer_6893_5_rrc04.csv,0.9444444444444444,30.0,20.0,0.974025974025974,0.6637168141592921,0.7894736842105263
