,accuracy,epoch,lag,precision_0,recall_0,f1_0
dataset_nimda_513_1_rrc04.csv,0.6578947368421053,42.0,20.0,0.0,0.0,0.0
dataset_nimda_513_5_rrc04.csv,0.65576171875,42.0,20.0,0.75,0.004243281471004243,0.008438818565400843
dataset_nimda_559_1_rrc04.csv,0.6578947368421053,42.0,20.0,0.0,0.0,0.0
dataset_nimda_559_5_rrc04.csv,0.72119140625,42.0,20.0,0.9927536231884058,0.19377652050919378,0.32426035502958583
dataset_nimda_6893_1_rrc04.csv,0.6584752321981424,42.0,20.0,0.7777777777777778,0.0019801980198019802,0.0039503386004514675
dataset_nimda_6893_5_rrc04.csv,0.6552734375,42.0,20.0,1.0,0.0014144271570014145,0.0028248587570621473
