,accuracy,epoch,lag,precision_0,recall_0,f1_0
dataset_as9121_13237_1_rrc05.csv,0.9684722222222222,26.0,20.0,0.2465753424657534,0.9113924050632911,0.3881401617250673
dataset_as9121_13237_5_rrc05.csv,0.9631944444444445,26.0,20.0,0.17543859649122806,0.625,0.273972602739726
