,accuracy,epoch,lag,precision_0,recall_0,f1_0
dataset_japan-earthquake_2497_1_rrc06.csv,0.9191666666666667,71.0,20.0,0.39896373056994816,0.9948320413436692,0.5695266272189349
dataset_japan-earthquake_2497_5_rrc06.csv,0.7784722222222222,71.0,20.0,0.19444444444444445,1.0,0.32558139534883723
dataset_japan-earthquake_10026_1_rv-sydney.csv,0.9779166666666667,71.0,20.0,0.7102272727272727,0.984251968503937,0.8250825082508251
