,accuracy,epoch,lag,precision_0,recall_0,f1_0
dataset_aws-leak_15547_1_rrc04.csv,0.8441666666666666,10.0,20.0,0.045808124459809856,0.7464788732394366,0.08631921824104236
dataset_aws-leak_15547_5_rrc04.csv,0.8881944444444444,10.0,20.0,0.0,0.0,0.0
dataset_aws-leak_34781_1_rrc04.csv,0.9756944444444444,10.0,20.0,0.2636363636363636,0.8169014084507042,0.3986254295532646
dataset_aws-leak_34781_5_rrc04.csv,0.9659722222222222,10.0,20.0,0.0,0.0,0.0
