,accuracy,epoch,lag,precision_0,recall_0,f1_0
dataset_code-red_513_1_rrc04.csv,0.7551849775784754,82.0,20.0,0.23141223053233612,1.0,0.37584851732761704
dataset_code-red_513_5_rrc04.csv,0.6027777777777777,82.0,20.0,0.15634218289085547,1.0,0.27040816326530615
dataset_code-red_6893_1_rrc04.csv,0.9694506726457399,82.0,20.0,0.7258064516129032,0.94106463878327,0.8195364238410597
dataset_code-red_6893_5_rrc04.csv,0.9458333333333333,82.0,20.0,0.5760869565217391,1.0,0.7310344827586206
