,accuracy,epoch,lag,precision_0,recall_0,f1_0
dataset_slammer_513_1_rrc04.csv,0.2511111111111111,27.0,20.0,0.17325973627721558,1.0,0.2953476215368531
dataset_slammer_513_5_rrc04.csv,0.8583333333333333,27.0,20.0,0.5265700483091788,0.9646017699115044,0.6812499999999999
dataset_slammer_559_1_rrc04.csv,0.41875,27.0,20.0,0.21108379042935502,0.9876106194690265,0.34782608695652173
dataset_slammer_559_5_rrc04.csv,0.6166666666666667,27.0,20.0,0.28886010362694303,0.9867256637168141,0.44689378757515036
dataset_slammer_6893_1_rrc04.csv,0.18416666666666667,27.0,20.0,0.16133637921187893,1.0,0.27784607819031226
dataset_slammer_6893_5_rrc04.csv,0.95625,27.0,20.0,0.9054726368159204,0.8053097345132744,0.8524590163934427
