,accuracy,epoch,lag,precision_0,recall_0,f1_0
dataset_malaysian-telecom_25091_1_rrc04.csv,0.028055555555555556,87.0,20.0,0.025755255464290687,1.0,0.05021715526601521
dataset_malaysian-telecom_25091_5_rrc04.csv,0.17708333333333334,87.0,20.0,0.030278232405891982,1.0,0.05877680698967435
