,accuracy,epoch,lag,precision_0,recall_0,f1_0
dataset_aws-leak_15547_1_rrc04.csv,0.10666666666666667,84.0,20.0,0.010918037828694448,1.0,0.021600243383024034
dataset_aws-leak_15547_5_rrc04.csv,0.017361111111111112,84.0,20.0,0.01048951048951049,1.0,0.020761245674740487
dataset_aws-leak_34781_1_rrc04.csv,0.96625,84.0,20.0,0.22435897435897437,0.9859154929577465,0.36553524804177545
dataset_aws-leak_34781_5_rrc04.csv,0.9513888888888888,84.0,20.0,0.17647058823529413,1.0,0.3
