,accuracy,epoch,lag,precision_0,recall_0,f1_0
dataset_moscow_blackout_1853_1_rrc05.csv,0.8159722222222222,38.0,20.0,0.11013513513513513,0.9532163742690059,0.19745608721986674
dataset_moscow_blackout_1853_5_rrc05.csv,0.8798611111111111,38.0,20.0,0.1368421052631579,0.7428571428571429,0.23111111111111113
dataset_moscow_blackout_12793_1_rrc05.csv,0.9838888888888889,38.0,20.0,0.6131687242798354,0.8713450292397661,0.719806763285024
dataset_moscow_blackout_12793_5_rrc05.csv,0.91875,38.0,20.0,0.19402985074626866,0.7428571428571429,0.3076923076923077
