,accuracy,epoch,lag,precision_0,recall_0,f1_0
dataset_code-red_513_1_rrc04.csv,0.9537556053811659,90.0,20.0,0.6404011461318052,0.8498098859315589,0.7303921568627452
dataset_code-red_513_5_rrc04.csv,0.8444444444444444,90.0,20.0,0.3212121212121212,1.0,0.4862385321100917
dataset_code-red_6893_1_rrc04.csv,0.9555773542600897,90.0,20.0,0.9230769230769231,0.43346007604562736,0.5899094437257438
dataset_code-red_6893_5_rrc04.csv,0.9715277777777778,90.0,20.0,0.782608695652174,0.8490566037735849,0.8144796380090499
