,accuracy,epoch,lag,precision_0,recall_0,f1_0
dataset_nimda_513_1_rrc04.csv,0.6578947368421053,23.0,20.0,0.0,0.0,0.0
dataset_nimda_513_5_rrc04.csv,0.654296875,23.0,20.0,0.0,0.0,0.0
dataset_nimda_559_1_rrc04.csv,0.6606037151702786,23.0,20.0,0.9655172413793104,0.007920792079207921,0.015712682379349047
dataset_nimda_559_5_rrc04.csv,0.658203125,23.0,20.0,0.8888888888888888,0.011315417256011316,0.022346368715083803
dataset_nimda_6893_1_rrc04.csv,0.6580882352941176,23.0,20.0,0.6666666666666666,0.0005657708628005657,0.0011305822498586774
dataset_nimda_6893_5_rrc04.csv,0.6552734375,23.0,20.0,1.0,0.0014144271570014145,0.0028248587570621473
