,accuracy,epoch,lag,precision_0,recall_0,f1_0
dataset_as9121_13237_1_rrc05.csv,0.9261111111111111,86.0,20.0,0.12685337726523888,0.9746835443037974,0.22448979591836735
dataset_as9121_13237_5_rrc05.csv,0.9013888888888889,86.0,20.0,0.09090909090909091,0.875,0.16470588235294117
