,accuracy,epoch,lag,precision_0,recall_0,f1_0
dataset_japan-earthquake_2497_1_rrc06.csv,0.9388888888888889,60.0,20.0,0.46780072904009723,0.9948320413436692,0.6363636363636364
dataset_japan-earthquake_2497_5_rrc06.csv,0.7826388888888889,60.0,20.0,0.19743589743589743,1.0,0.3297644539614561
dataset_japan-earthquake_10026_1_rv-sydney.csv,0.9781944444444445,60.0,20.0,0.7129277566539924,0.984251968503937,0.8269018743109152
