,accuracy,epoch,lag,precision_0,recall_0,f1_0
dataset_malaysian-telecom_25091_1_rrc04.csv,0.026111111111111113,21.0,20.0,0.02570515492566347,1.0,0.050121918179355185
dataset_malaysian-telecom_25091_5_rrc04.csv,0.3736111111111111,21.0,20.0,0.039403620873269436,1.0,0.07581967213114753
