,accuracy,epoch,lag,precision_0,recall_0,f1_0
dataset_aws-leak_15547_1_rrc04.csv,0.2679166666666667,23.0,20.0,0.013290902283788843,1.0,0.026233142434878995
dataset_aws-leak_15547_5_rrc04.csv,0.11180555555555556,23.0,20.0,0.011591962905718702,1.0,0.022918258212375864
dataset_aws-leak_34781_1_rrc04.csv,0.9744444444444444,23.0,20.0,0.2749003984063745,0.971830985915493,0.4285714285714285
dataset_aws-leak_34781_5_rrc04.csv,0.9680555555555556,23.0,20.0,0.19607843137254902,0.6666666666666666,0.303030303030303
