,accuracy,epoch,lag,precision_0,recall_0,f1_0
dataset_japan-earthquake_2497_1_rrc06.csv,0.8526388888888888,41.0,20.0,0.26726519337016574,1.0,0.4217983651226158
dataset_japan-earthquake_2497_5_rrc06.csv,0.65,41.0,20.0,0.13253012048192772,1.0,0.23404255319148937
dataset_japan-earthquake_10026_1_rv-sydney.csv,0.9583333333333334,41.0,20.0,0.56,0.9921259842519685,0.715909090909091
