,accuracy,epoch,lag,precision_0,recall_0,f1_0
dataset_nimda_513_1_rrc04.csv,0.6578947368421053,40.0,20.0,0.0,0.0,0.0
dataset_nimda_513_5_rrc04.csv,0.65576171875,40.0,20.0,0.75,0.004243281471004243,0.008438818565400843
dataset_nimda_559_1_rrc04.csv,0.666795665634675,40.0,20.0,0.989247311827957,0.026025459688826025,0.050716648291069456
dataset_nimda_559_5_rrc04.csv,0.80517578125,40.0,20.0,0.9967741935483871,0.43705799151343705,0.607669616519174
dataset_nimda_6893_1_rrc04.csv,0.6588622291021672,40.0,20.0,0.8461538461538461,0.0031117397454031117,0.0062006764374295375
dataset_nimda_6893_5_rrc04.csv,0.65576171875,40.0,20.0,1.0,0.002828854314002829,0.005641748942172073
