,accuracy,epoch,lag,precision_0,recall_0,f1_0
dataset_japan-earthquake_2497_1_rrc06.csv,0.7581944444444444,57.0,20.0,0.18186090225563908,1.0,0.30775347912524853
dataset_japan-earthquake_2497_5_rrc06.csv,0.58125,57.0,20.0,0.11323529411764706,1.0,0.2034346103038309
dataset_japan-earthquake_10026_1_rv-sydney.csv,0.9511111111111111,57.0,20.0,0.5201109570041609,0.984251968503937,0.6805807622504537
