,accuracy,epoch,lag,precision_0,recall_0,f1_0
dataset_as9121_13237_1_rrc05.csv,0.9673611111111111,18.0,20.0,0.2328767123287671,0.8607594936708861,0.3665768194070081
dataset_as9121_13237_5_rrc05.csv,0.9722222222222222,18.0,20.0,0.18421052631578946,0.4375,0.25925925925925924
