,accuracy,epoch,lag,precision_0,recall_0,f1_0
dataset_aws-leak_15547_1_rrc04.csv,0.2797222222222222,81.0,20.0,0.013505801788092067,1.0,0.02665165165165165
dataset_aws-leak_15547_5_rrc04.csv,0.019444444444444445,81.0,20.0,0.01051156271899089,1.0,0.020804438280166433
dataset_aws-leak_34781_1_rrc04.csv,0.9851388888888889,81.0,20.0,0.39655172413793105,0.971830985915493,0.563265306122449
dataset_aws-leak_34781_5_rrc04.csv,0.9638888888888889,81.0,20.0,0.2153846153846154,0.9333333333333333,0.3500000000000001
