,accuracy,epoch,lag,precision_0,recall_0,f1_0
dataset_slammer_513_1_rrc04.csv,0.7447222222222222,10.0,20.0,0.3102893890675241,0.5123893805309735,0.38651535380507346
dataset_slammer_513_5_rrc04.csv,0.8555555555555555,10.0,20.0,0.5775862068965517,0.29646017699115046,0.391812865497076
dataset_slammer_559_1_rrc04.csv,0.8263888888888888,10.0,20.0,0.39864864864864863,0.2088495575221239,0.2740998838559814
dataset_slammer_559_5_rrc04.csv,0.8763888888888889,10.0,20.0,0.75,0.3185840707964602,0.44720496894409933
dataset_slammer_6893_1_rrc04.csv,0.8158333333333333,10.0,20.0,0.3787128712871287,0.27079646017699116,0.31578947368421056
dataset_slammer_6893_5_rrc04.csv,0.8645833333333334,10.0,20.0,0.6565656565656566,0.28761061946902655,0.39999999999999997
