,accuracy,epoch,lag,precision_0,recall_0,f1_0
dataset_slammer_513_1_rrc04.csv,0.9334722222222223,66.0,20.0,0.92,0.6309734513274337,0.7485564304461942
dataset_slammer_513_5_rrc04.csv,0.9520833333333333,66.0,20.0,0.8984771573604061,0.7831858407079646,0.8368794326241135
dataset_slammer_559_1_rrc04.csv,0.45708333333333334,66.0,20.0,0.22425084342131374,1.0,0.3663478683741287
dataset_slammer_559_5_rrc04.csv,0.5555555555555556,66.0,20.0,0.2604166666666667,0.995575221238938,0.41284403669724773
dataset_slammer_6893_1_rrc04.csv,0.9340277777777778,66.0,20.0,0.8265204386839482,0.7336283185840708,0.7773089545241444
dataset_slammer_6893_5_rrc04.csv,0.9527777777777777,66.0,20.0,0.895,0.7920353982300885,0.8403755868544601
