,accuracy,epoch,lag,precision_0,recall_0,f1_0
dataset_aws-leak_15547_1_rrc04.csv,0.9636111111111111,18.0,20.0,0.20249221183800623,0.9154929577464789,0.33163265306122447
dataset_aws-leak_15547_5_rrc04.csv,0.8868055555555555,18.0,20.0,0.05952380952380952,0.6666666666666666,0.1092896174863388
dataset_aws-leak_34781_1_rrc04.csv,0.9897222222222222,18.0,20.0,0.4883720930232558,0.8873239436619719,0.63
dataset_aws-leak_34781_5_rrc04.csv,0.9777777777777777,18.0,20.0,0.18518518518518517,0.3333333333333333,0.23809523809523808
