,accuracy,epoch,lag,precision_0,recall_0,f1_0
dataset_as9121_13237_1_rrc05.csv,0.9531944444444445,59.0,20.0,0.18536585365853658,0.9620253164556962,0.310838445807771
dataset_as9121_13237_5_rrc05.csv,0.90625,59.0,20.0,0.0896551724137931,0.8125,0.16149068322981366
