,accuracy,epoch,lag,precision_0,recall_0,f1_0
dataset_slammer_513_1_rrc04.csv,0.9329166666666666,89.0,20.0,0.9228758169934641,0.6247787610619469,0.7451187335092349
dataset_slammer_513_5_rrc04.csv,0.9513888888888888,89.0,20.0,0.89,0.7876106194690266,0.8356807511737089
dataset_slammer_559_1_rrc04.csv,0.6575,89.0,20.0,0.3139275766016713,0.9973451327433628,0.4775423728813559
dataset_slammer_559_5_rrc04.csv,0.6243055555555556,89.0,20.0,0.29357798165137616,0.9911504424778761,0.4529828109201213
dataset_slammer_6893_1_rrc04.csv,0.9443055555555555,89.0,20.0,0.9233449477351916,0.7035398230088495,0.7985936715218483
dataset_slammer_6893_5_rrc04.csv,0.95,89.0,20.0,0.8774509803921569,0.7920353982300885,0.8325581395348838
