,accuracy,epoch,lag,precision_0,recall_0,f1_0
dataset_moscow_blackout_1853_1_rrc05.csv,0.38972222222222225,10.0,20.0,0.036036036036036036,0.9590643274853801,0.06946209233375689
dataset_moscow_blackout_1853_5_rrc05.csv,0.7986111111111112,10.0,20.0,0.07920792079207921,0.6857142857142857,0.14201183431952666
dataset_moscow_blackout_12793_1_rrc05.csv,0.03819444444444445,10.0,20.0,0.02315730019768427,0.9590643274853801,0.0452226664828347
dataset_moscow_blackout_12793_5_rrc05.csv,0.04791666666666667,10.0,20.0,0.024216524216524215,0.9714285714285714,0.0472550382209868
