,accuracy,epoch,lag,precision_0,recall_0,f1_0
dataset_aws-leak_15547_1_rrc04.csv,0.11013888888888888,50.0,20.0,0.010960172892868169,1.0,0.021682699648801346
dataset_aws-leak_15547_5_rrc04.csv,0.018055555555555554,50.0,20.0,0.010496850944716585,1.0,0.02077562326869806
dataset_aws-leak_34781_1_rrc04.csv,0.9727777777777777,50.0,20.0,0.2641509433962264,0.9859154929577465,0.4166666666666667
dataset_aws-leak_34781_5_rrc04.csv,0.9652777777777778,50.0,20.0,0.21311475409836064,0.8666666666666667,0.3421052631578947
