,accuracy,epoch,lag,precision_0,recall_0,f1_0
dataset_malaysian-telecom_25091_1_rrc04.csv,0.02875,94.0,20.0,0.02577319587628866,1.0,0.05025125628140704
dataset_malaysian-telecom_25091_5_rrc04.csv,0.22708333333333333,94.0,20.0,0.03217391304347826,1.0,0.06234203875315923
