,accuracy,epoch,lag,precision_0,recall_0,f1_0
dataset_aws-leak_15547_1_rrc04.csv,0.3526388888888889,13.0,20.0,0.014388489208633094,0.9577464788732394,0.028351052741296644
dataset_aws-leak_15547_5_rrc04.csv,0.5652777777777778,13.0,20.0,0.0112,0.4666666666666667,0.021875000000000002
dataset_aws-leak_34781_1_rrc04.csv,0.9354166666666667,13.0,20.0,0.12830188679245283,0.9577464788732394,0.22628951747088183
dataset_aws-leak_34781_5_rrc04.csv,0.9666666666666667,13.0,20.0,0.05405405405405406,0.13333333333333333,0.07692307692307693
