,accuracy,epoch,lag,precision_0,recall_0,f1_0
dataset_malaysian-telecom_25091_1_rrc04.csv,0.6693055555555556,13.0,20.0,0.0707584050039093,0.9783783783783784,0.13197229310973385
dataset_malaysian-telecom_25091_5_rrc04.csv,0.8798611111111111,13.0,20.0,0.16,0.8648648648648649,0.27004219409282704
