,accuracy,epoch,lag,precision_0,recall_0,f1_0
dataset_aws-leak_15547_1_rrc04.csv,0.3213888888888889,99.0,20.0,0.01432317934234416,1.0,0.028241845664280032
dataset_aws-leak_15547_5_rrc04.csv,0.02013888888888889,99.0,20.0,0.010518934081346423,1.0,0.02081887578070784
dataset_aws-leak_34781_1_rrc04.csv,0.9847222222222223,99.0,20.0,0.3898305084745763,0.971830985915493,0.5564516129032258
dataset_aws-leak_34781_5_rrc04.csv,0.9618055555555556,99.0,20.0,0.20588235294117646,0.9333333333333333,0.3373493975903614
