,accuracy,epoch,lag,precision_0,recall_0,f1_0
dataset_code-red_513_1_rrc04.csv,0.8752802690582959,4.0,20.0,0.21651090342679127,0.26425855513307983,0.238013698630137
dataset_code-red_513_5_rrc04.csv,0.9069444444444444,4.0,20.0,0.3,0.19811320754716982,0.23863636363636365
dataset_code-red_6893_1_rrc04.csv,0.8626681614349776,4.0,20.0,0.14751552795031056,0.1806083650190114,0.16239316239316237
dataset_code-red_6893_5_rrc04.csv,0.8958333333333334,4.0,20.0,0.13333333333333333,0.07547169811320754,0.09638554216867469
