,accuracy,epoch,lag,precision_0,recall_0,f1_0
dataset_code-red_513_1_rrc04.csv,0.8548206278026906,74.0,20.0,0.33569587628865977,0.9904942965779467,0.5014436958614051
dataset_code-red_513_5_rrc04.csv,0.6895833333333333,74.0,20.0,0.19168173598553345,1.0,0.3216995447647952
dataset_code-red_6893_1_rrc04.csv,0.9774383408071748,74.0,20.0,0.8253119429590018,0.8802281368821293,0.8518859245630175
dataset_code-red_6893_5_rrc04.csv,0.9659722222222222,74.0,20.0,0.696551724137931,0.9528301886792453,0.8047808764940239
