,accuracy,epoch,lag,precision_0,recall_0,f1_0
dataset_malaysian-telecom_25091_1_rrc04.csv,0.025972222222222223,74.0,20.0,0.025701583773270354,1.0,0.05011512935121225
dataset_malaysian-telecom_25091_5_rrc04.csv,0.08541666666666667,74.0,20.0,0.027326440177252585,1.0,0.053199137311286844
