,accuracy,epoch,lag,precision_0,recall_0,f1_0
dataset_as9121_13237_1_rrc05.csv,0.9613888888888888,92.0,20.0,0.21652421652421652,0.9620253164556962,0.35348837209302325
dataset_as9121_13237_5_rrc05.csv,0.9305555555555556,92.0,20.0,0.11818181818181818,0.8125,0.20634920634920637
