,accuracy,epoch,lag,precision_0,recall_0,f1_0
dataset_japan-earthquake_2497_1_rrc06.csv,0.7734722222222222,80.0,20.0,0.19177403369672943,1.0,0.3218295218295218
dataset_japan-earthquake_2497_5_rrc06.csv,0.6104166666666667,80.0,20.0,0.1206896551724138,1.0,0.21538461538461542
dataset_japan-earthquake_10026_1_rv-sydney.csv,0.9319444444444445,80.0,20.0,0.4371395617070358,0.994750656167979,0.6073717948717948
