,accuracy,epoch,lag,precision_0,recall_0,f1_0
dataset_code-red_513_1_rrc04.csv,0.1727858744394619,31.0,20.0,0.08181676777103748,1.0,0.15125808770668583
dataset_code-red_513_5_rrc04.csv,0.3277777777777778,31.0,20.0,0.09869646182495345,1.0,0.17966101694915254
dataset_code-red_6893_1_rrc04.csv,0.6926849775784754,31.0,20.0,0.19345347554247885,1.0,0.324191063174114
dataset_code-red_6893_5_rrc04.csv,0.7791666666666667,31.0,20.0,0.25,1.0,0.4
