,accuracy,epoch,lag,precision_0,recall_0,f1_0
dataset_code-red_513_1_rrc04.csv,0.8430493273542601,73.0,20.0,0.31912302070645554,0.9961977186311787,0.48339483394833943
dataset_code-red_513_5_rrc04.csv,0.6784722222222223,73.0,20.0,0.18629173989455183,1.0,0.31407407407407406
dataset_code-red_6893_1_rrc04.csv,0.9749159192825112,73.0,20.0,0.7915966386554621,0.8954372623574145,0.8403211418376448
dataset_code-red_6893_5_rrc04.csv,0.9611111111111111,73.0,20.0,0.6623376623376623,0.9622641509433962,0.7846153846153846
