,accuracy,epoch,lag,precision_0,recall_0,f1_0
dataset_aws-leak_15547_1_rrc04.csv,0.3393055555555556,93.0,20.0,0.014705882352941176,1.0,0.028985507246376812
dataset_aws-leak_15547_5_rrc04.csv,0.019444444444444445,93.0,20.0,0.01051156271899089,1.0,0.020804438280166433
dataset_aws-leak_34781_1_rrc04.csv,0.9825,93.0,20.0,0.35751295336787564,0.971830985915493,0.5227272727272727
dataset_aws-leak_34781_5_rrc04.csv,0.9611111111111111,93.0,20.0,0.2028985507246377,0.9333333333333333,0.33333333333333337
