,accuracy,epoch,lag,precision_0,recall_0,f1_0
dataset_aws-leak_15547_1_rrc04.csv,0.05694444444444444,67.0,20.0,0.01034834572219793,1.0,0.02048470859780727
dataset_aws-leak_15547_5_rrc04.csv,0.01597222222222222,67.0,20.0,0.01047486033519553,1.0,0.020732550103662747
dataset_aws-leak_34781_1_rrc04.csv,0.9606944444444444,67.0,20.0,0.19886363636363635,0.9859154929577465,0.33096926713947994
dataset_aws-leak_34781_5_rrc04.csv,0.9513888888888888,67.0,20.0,0.17647058823529413,1.0,0.3
