,accuracy,epoch,lag,precision_0,recall_0,f1_0
dataset_code-red_513_1_rrc04.csv,0.8192264573991032,20.0,20.0,0.2809633027522936,0.9315589353612167,0.4317180616740088
dataset_code-red_513_5_rrc04.csv,0.7881944444444444,20.0,20.0,0.20474777448071216,0.6509433962264151,0.31151241534988716
dataset_code-red_6893_1_rrc04.csv,0.945347533632287,20.0,20.0,0.6770833333333334,0.49429657794676807,0.5714285714285714
dataset_code-red_6893_5_rrc04.csv,0.9236111111111112,20.0,20.0,0.4230769230769231,0.10377358490566038,0.16666666666666669
