,accuracy,epoch,lag,precision_0,recall_0,f1_0
dataset_as9121_13237_1_rrc05.csv,0.9015277777777778,38.0,20.0,0.09718670076726342,0.9620253164556962,0.17653890824622534
dataset_as9121_13237_5_rrc05.csv,0.9,38.0,20.0,0.08441558441558442,0.8125,0.15294117647058825
