,accuracy,epoch,lag,precision_0,recall_0,f1_0
dataset_malaysian-telecom_25091_1_rrc04.csv,0.10680555555555556,57.0,20.0,0.027962515114873035,1.0,0.05440376415233054
dataset_malaysian-telecom_25091_5_rrc04.csv,0.4479166666666667,57.0,20.0,0.04447115384615385,1.0,0.0851553509781358
