,accuracy,epoch,lag,precision_0,recall_0,f1_0
dataset_as9121_13237_1_rrc05.csv,0.9431944444444444,18.0,20.0,0.15336134453781514,0.9240506329113924,0.2630630630630631
dataset_as9121_13237_5_rrc05.csv,0.9451388888888889,18.0,20.0,0.12048192771084337,0.625,0.20202020202020202
