,accuracy,epoch,lag,precision_0,recall_0,f1_0
dataset_malaysian-telecom_25091_1_rrc04.csv,0.06861111111111111,76.0,20.0,0.02684661152227543,1.0,0.05228942905596382
dataset_malaysian-telecom_25091_5_rrc04.csv,0.4875,76.0,20.0,0.04774193548387097,1.0,0.09113300492610837
