,accuracy,epoch,lag,precision_0,recall_0,f1_0
dataset_code-red_513_1_rrc04.csv,0.5406390134529148,32.0,20.0,0.13827549947423765,1.0,0.24295612009237874
dataset_code-red_513_5_rrc04.csv,0.7423611111111111,32.0,20.0,0.2222222222222222,1.0,0.3636363636363636
dataset_code-red_6893_1_rrc04.csv,0.9778587443946188,32.0,20.0,0.8262411347517731,0.8859315589353612,0.8550458715596331
dataset_code-red_6893_5_rrc04.csv,0.9736111111111111,32.0,20.0,0.75,0.9622641509433962,0.8429752066115702
