,accuracy,epoch,lag,precision_0,recall_0,f1_0
dataset_code-red_513_1_rrc04.csv,0.8155829596412556,46.0,20.0,0.28555917480998916,1.0,0.44425675675675674
dataset_code-red_513_5_rrc04.csv,0.6569444444444444,46.0,20.0,0.17666666666666667,1.0,0.30028328611898014
dataset_code-red_6893_1_rrc04.csv,0.9651065022421524,46.0,20.0,0.9209726443768997,0.5760456273764258,0.7087719298245614
dataset_code-red_6893_5_rrc04.csv,0.9722222222222222,46.0,20.0,0.7619047619047619,0.9056603773584906,0.8275862068965516
