,accuracy,epoch,lag,precision_0,recall_0,f1_0
dataset_nimda_513_1_rrc04.csv,0.6579914860681114,89.0,20.0,0.0,0.0,0.0
dataset_nimda_513_5_rrc04.csv,0.65478515625,89.0,20.0,0.0,0.0,0.0
dataset_nimda_559_1_rrc04.csv,0.660797213622291,89.0,20.0,0.8918918918918919,0.009335219236209336,0.01847704367301232
dataset_nimda_559_5_rrc04.csv,0.80078125,89.0,20.0,0.9118457300275482,0.4681753889674682,0.6186915887850467
dataset_nimda_6893_1_rrc04.csv,0.6590557275541795,89.0,20.0,1.0,0.0031117397454031117,0.006204173716864073
dataset_nimda_6893_5_rrc04.csv,0.65478515625,89.0,20.0,0.0,0.0,0.0
