,accuracy,epoch,lag,precision_0,recall_0,f1_0
dataset_malaysian-telecom_25091_1_rrc04.csv,0.035416666666666666,83.0,20.0,0.025946704067321177,1.0,0.050580997949419004
dataset_malaysian-telecom_25091_5_rrc04.csv,0.4409722222222222,83.0,20.0,0.043942992874109264,1.0,0.08418657565415244
