,accuracy,epoch,lag,precision_0,recall_0,f1_0
dataset_moscow_blackout_1853_1_rrc05.csv,0.95375,58.0,20.0,0.31756756756756754,0.8245614035087719,0.4585365853658537
dataset_moscow_blackout_1853_5_rrc05.csv,0.9034722222222222,58.0,20.0,0.16666666666666666,0.7428571428571429,0.27225130890052357
dataset_moscow_blackout_12793_1_rrc05.csv,0.9923611111111111,58.0,20.0,0.8186813186813187,0.8713450292397661,0.8441926345609065
dataset_moscow_blackout_12793_5_rrc05.csv,0.9618055555555556,58.0,20.0,0.3611111111111111,0.7428571428571429,0.4859813084112149
