,accuracy,epoch,lag,precision_0,recall_0,f1_0
dataset_code-red_513_1_rrc04.csv,0.9181614349775785,80.0,20.0,0.4709418837675351,0.8935361216730038,0.6167979002624673
dataset_code-red_513_5_rrc04.csv,0.7701388888888889,80.0,20.0,0.2425629290617849,1.0,0.39042357274401474
dataset_code-red_6893_1_rrc04.csv,0.9548766816143498,80.0,20.0,0.8805970149253731,0.44866920152091255,0.5944584382871537
dataset_code-red_6893_5_rrc04.csv,0.9666666666666667,80.0,20.0,0.7377049180327869,0.8490566037735849,0.7894736842105263
