,accuracy,epoch,lag,precision_0,recall_0,f1_0
dataset_aws-leak_15547_1_rrc04.csv,0.7991666666666667,23.0,20.0,0.04560475875743556,0.971830985915493,0.08712121212121213
dataset_aws-leak_15547_5_rrc04.csv,0.2986111111111111,23.0,20.0,0.014634146341463415,1.0,0.028846153846153848
dataset_aws-leak_34781_1_rrc04.csv,0.9827777777777778,23.0,20.0,0.35978835978835977,0.9577464788732394,0.5230769230769231
dataset_aws-leak_34781_5_rrc04.csv,0.9680555555555556,23.0,20.0,0.21818181818181817,0.8,0.34285714285714286
