,accuracy,epoch,lag,precision_0,recall_0,f1_0
dataset_nimda_513_1_rrc04.csv,0.6579914860681114,87.0,20.0,0.0,0.0,0.0
dataset_nimda_513_5_rrc04.csv,0.65478515625,87.0,20.0,0.0,0.0,0.0
dataset_nimda_559_1_rrc04.csv,0.6636029411764706,87.0,20.0,0.881578947368421,0.018953323903818955,0.03710883411797286
dataset_nimda_559_5_rrc04.csv,0.80224609375,87.0,20.0,0.9059139784946236,0.4766619519094767,0.6246524559777572
dataset_nimda_6893_1_rrc04.csv,0.6591524767801857,87.0,20.0,1.0,0.0033946251768033945,0.0067662813645334085
dataset_nimda_6893_5_rrc04.csv,0.65478515625,87.0,20.0,0.0,0.0,0.0
