,accuracy,epoch,lag,precision_0,recall_0,f1_0
dataset_as9121_13237_1_rrc05.csv,0.9533333333333334,35.0,20.0,0.18581907090464547,0.9620253164556962,0.3114754098360656
dataset_as9121_13237_5_rrc05.csv,0.9180555555555555,35.0,20.0,0.1015625,0.8125,0.18055555555555555
