,accuracy,epoch,lag,precision_0,recall_0,f1_0
dataset_nimda_513_1_rrc04.csv,0.6584752321981424,38.0,20.0,1.0,0.0014144271570014145,0.0028248587570621473
dataset_nimda_513_5_rrc04.csv,0.6572265625,38.0,20.0,1.0,0.007072135785007072,0.014044943820224719
dataset_nimda_559_1_rrc04.csv,0.6744388544891641,38.0,20.0,0.9885057471264368,0.04865629420084865,0.09274737125909947
dataset_nimda_559_5_rrc04.csv,0.81005859375,38.0,20.0,0.9184210526315789,0.49363507779349364,0.6421343146274149
dataset_nimda_6893_1_rrc04.csv,0.6591524767801857,38.0,20.0,1.0,0.0033946251768033945,0.0067662813645334085
dataset_nimda_6893_5_rrc04.csv,0.65478515625,38.0,20.0,0.0,0.0,0.0
