,accuracy,epoch,lag,precision_0,recall_0,f1_0
dataset_code-red_513_1_rrc04.csv,0.9660874439461884,78.0,20.0,0.76007326007326,0.7889733840304183,0.7742537313432837
dataset_code-red_513_5_rrc04.csv,0.9111111111111111,78.0,20.0,0.4525862068965517,0.9905660377358491,0.621301775147929
dataset_code-red_6893_1_rrc04.csv,0.929932735426009,78.0,20.0,0.8421052631578947,0.060836501901140684,0.11347517730496455
dataset_code-red_6893_5_rrc04.csv,0.9604166666666667,78.0,20.0,0.8181818181818182,0.5943396226415094,0.6885245901639345
