,accuracy,epoch,lag,precision_0,recall_0,f1_0
dataset_japan-earthquake_2497_1_rrc06.csv,0.9954166666666666,51.0,20.0,0.949238578680203,0.9664082687338501,0.9577464788732394
dataset_japan-earthquake_2497_5_rrc06.csv,0.9506944444444444,51.0,20.0,0.5202702702702703,1.0,0.6844444444444445
dataset_japan-earthquake_10026_1_rv-sydney.csv,0.9890277777777777,51.0,20.0,0.8871794871794871,0.9081364829396326,0.8975356679636834
