,accuracy,epoch,lag,precision_0,recall_0,f1_0
dataset_japan-earthquake_2497_1_rrc06.csv,0.9334722222222223,70.0,20.0,0.4466357308584687,0.9948320413436692,0.6164931945556446
dataset_japan-earthquake_2497_5_rrc06.csv,0.8111111111111111,70.0,20.0,0.22063037249283668,1.0,0.3615023474178404
dataset_japan-earthquake_10026_1_rv-sydney.csv,0.9822222222222222,70.0,20.0,0.7640918580375783,0.9606299212598425,0.8511627906976744
