,accuracy,epoch,lag,precision_0,recall_0,f1_0
dataset_as9121_13237_1_rrc05.csv,0.9623611111111111,47.0,20.0,0.21929824561403508,0.9493670886075949,0.3562945368171021
dataset_as9121_13237_5_rrc05.csv,0.9368055555555556,47.0,20.0,0.12871287128712872,0.8125,0.22222222222222224
