,accuracy,epoch,lag,precision_0,recall_0,f1_0
dataset_aws-leak_15547_1_rrc04.csv,0.3848611111111111,25.0,20.0,0.01577777777777778,1.0,0.031065412382410857
dataset_aws-leak_15547_5_rrc04.csv,0.05625,25.0,20.0,0.010917030567685589,1.0,0.02159827213822894
dataset_aws-leak_34781_1_rrc04.csv,0.9768055555555556,25.0,20.0,0.2948717948717949,0.971830985915493,0.45245901639344266
dataset_aws-leak_34781_5_rrc04.csv,0.9625,25.0,20.0,0.2,0.8666666666666667,0.325
