,accuracy,epoch,lag,precision_0,recall_0,f1_0
dataset_code-red_513_1_rrc04.csv,0.9397421524663677,23.0,20.0,0.5626631853785901,0.8193916349809885,0.6671826625386996
dataset_code-red_513_5_rrc04.csv,0.8895833333333333,23.0,20.0,0.3681592039800995,0.6981132075471698,0.48208469055374586
dataset_code-red_6893_1_rrc04.csv,0.9262892376681614,23.0,20.0,0.0,0.0,0.0
dataset_code-red_6893_5_rrc04.csv,0.9361111111111111,23.0,20.0,1.0,0.1320754716981132,0.23333333333333334
