,accuracy,epoch,lag,precision_0,recall_0,f1_0
dataset_moscow_blackout_1853_1_rrc05.csv,0.9766666666666667,11.0,20.0,0.8,0.023391812865497075,0.045454545454545456
dataset_moscow_blackout_1853_5_rrc05.csv,0.9722222222222222,11.0,20.0,0.4074074074074074,0.3142857142857143,0.3548387096774193
dataset_moscow_blackout_12793_1_rrc05.csv,0.9845833333333334,11.0,20.0,0.6630434782608695,0.7134502923976608,0.6873239436619718
dataset_moscow_blackout_12793_5_rrc05.csv,0.9680555555555556,11.0,20.0,0.35135135135135137,0.37142857142857144,0.36111111111111116
