,accuracy,epoch,lag,precision_0,recall_0,f1_0
dataset_moscow_blackout_1853_1_rrc05.csv,0.98375,12.0,20.0,0.6569767441860465,0.6608187134502924,0.6588921282798834
dataset_moscow_blackout_1853_5_rrc05.csv,0.9625,12.0,20.0,0.3137254901960784,0.45714285714285713,0.37209302325581395
dataset_moscow_blackout_12793_1_rrc05.csv,0.68125,12.0,20.0,0.05860349127182045,0.8245614035087719,0.10942956926658906
dataset_moscow_blackout_12793_5_rrc05.csv,0.8173611111111111,12.0,20.0,0.07142857142857142,0.5428571428571428,0.12624584717607973
