,accuracy,epoch,lag,precision_0,recall_0,f1_0
dataset_as9121_13237_1_rrc05.csv,0.9398611111111111,96.0,20.0,0.1515748031496063,0.9746835443037974,0.262350936967632
dataset_as9121_13237_5_rrc05.csv,0.8986111111111111,96.0,20.0,0.08860759493670886,0.875,0.16091954022988506
