,accuracy,epoch,lag,precision_0,recall_0,f1_0
dataset_nimda_513_1_rrc04.csv,0.6579914860681114,96.0,20.0,0.0,0.0,0.0
dataset_nimda_513_5_rrc04.csv,0.65478515625,96.0,20.0,0.0,0.0,0.0
dataset_nimda_559_1_rrc04.csv,0.6579914860681114,96.0,20.0,0.0,0.0,0.0
dataset_nimda_559_5_rrc04.csv,0.76318359375,96.0,20.0,0.937007874015748,0.33663366336633666,0.49531737773152973
dataset_nimda_6893_1_rrc04.csv,0.6589589783281734,96.0,20.0,1.0,0.002828854314002829,0.005641748942172073
dataset_nimda_6893_5_rrc04.csv,0.65478515625,96.0,20.0,0.0,0.0,0.0
