,accuracy,epoch,lag,precision_0,recall_0,f1_0
dataset_malaysian-telecom_25091_1_rrc04.csv,0.056805555555555554,89.0,20.0,0.026519495412844037,1.0,0.0516687613461807
dataset_malaysian-telecom_25091_5_rrc04.csv,0.5694444444444444,89.0,20.0,0.0563165905631659,1.0,0.10662824207492794
