,accuracy,epoch,lag,precision_0,recall_0,f1_0
dataset_slammer_513_1_rrc04.csv,0.8116666666666666,42.0,20.0,0.45421393841166935,0.9920353982300885,0.6231239577543078
dataset_slammer_513_5_rrc04.csv,0.9736111111111111,42.0,20.0,0.873015873015873,0.9734513274336283,0.9205020920502092
dataset_slammer_559_1_rrc04.csv,0.19944444444444445,42.0,20.0,0.16391064693936758,1.0,0.28165503489531407
dataset_slammer_559_5_rrc04.csv,0.5354166666666667,42.0,20.0,0.251959686450168,0.995575221238938,0.40214477211796246
dataset_slammer_6893_1_rrc04.csv,0.7918055555555555,42.0,20.0,0.423728813559322,0.9070796460176991,0.5776275007044238
dataset_slammer_6893_5_rrc04.csv,0.9666666666666667,42.0,20.0,0.9405940594059405,0.8407079646017699,0.8878504672897195
