,accuracy,epoch,lag,precision_0,recall_0,f1_0
dataset_japan-earthquake_2497_1_rrc06.csv,0.9866666666666667,34.0,20.0,0.8063157894736842,0.9896640826873385,0.888631090487239
dataset_japan-earthquake_2497_5_rrc06.csv,0.9034722222222222,34.0,20.0,0.35648148148148145,1.0,0.5255972696245734
dataset_japan-earthquake_10026_1_rv-sydney.csv,0.9859722222222222,34.0,20.0,0.8255813953488372,0.931758530183727,0.875462392108508
