,accuracy,epoch,lag,precision_0,recall_0,f1_0
dataset_aws-leak_15547_1_rrc04.csv,0.9844444444444445,12.0,20.0,0.37267080745341613,0.8450704225352113,0.5172413793103449
dataset_aws-leak_15547_5_rrc04.csv,0.9652777777777778,12.0,20.0,0.09302325581395349,0.26666666666666666,0.13793103448275862
dataset_aws-leak_34781_1_rrc04.csv,0.9931944444444445,12.0,20.0,0.6078431372549019,0.8732394366197183,0.7167630057803468
dataset_aws-leak_34781_5_rrc04.csv,0.9791666666666666,12.0,20.0,0.17391304347826086,0.26666666666666666,0.2105263157894737
