,accuracy,epoch,lag,precision_0,recall_0,f1_0
dataset_japan-earthquake_2497_1_rrc06.csv,0.9875,25.0,20.0,0.835214446952596,0.9560723514211886,0.891566265060241
dataset_japan-earthquake_2497_5_rrc06.csv,0.93125,25.0,20.0,0.43373493975903615,0.935064935064935,0.5925925925925926
dataset_japan-earthquake_10026_1_rv-sydney.csv,0.9833333333333333,25.0,20.0,0.8498659517426274,0.8320209973753281,0.8408488063660479
