,accuracy,epoch,lag,precision_0,recall_0,f1_0
dataset_japan-earthquake_2497_1_rrc06.csv,0.9908333333333333,52.0,20.0,0.8706697459584296,0.9741602067183462,0.9195121951219511
dataset_japan-earthquake_2497_5_rrc06.csv,0.9368055555555556,52.0,20.0,0.4583333333333333,1.0,0.6285714285714286
dataset_japan-earthquake_10026_1_rv-sydney.csv,0.9877777777777778,52.0,20.0,0.8671679197994987,0.9081364829396326,0.8871794871794871
