,accuracy,epoch,lag,precision_0,recall_0,f1_0
dataset_malaysian-telecom_25091_1_rrc04.csv,0.31777777777777777,52.0,20.0,0.036295860309986265,1.0,0.07004922377887163
dataset_malaysian-telecom_25091_5_rrc04.csv,0.6347222222222222,52.0,20.0,0.06571936056838366,1.0,0.12333333333333334
