,accuracy,epoch,lag,precision_0,recall_0,f1_0
dataset_japan-earthquake_2497_1_rrc06.csv,0.8175,84.0,20.0,0.2275132275132275,1.0,0.3706896551724138
dataset_japan-earthquake_2497_5_rrc06.csv,0.6145833333333334,84.0,20.0,0.12183544303797468,1.0,0.21720733427362482
dataset_japan-earthquake_10026_1_rv-sydney.csv,0.9697222222222223,84.0,20.0,0.6393162393162393,0.9816272965879265,0.7743271221532091
