,accuracy,epoch,lag,precision_0,recall_0,f1_0
dataset_aws-leak_15547_1_rrc04.csv,0.25319444444444444,63.0,20.0,0.013032305433186491,1.0,0.02572929878601196
dataset_aws-leak_15547_5_rrc04.csv,0.025,63.0,20.0,0.010570824524312896,1.0,0.020920502092050212
dataset_aws-leak_34781_1_rrc04.csv,0.9830555555555556,63.0,20.0,0.36649214659685864,0.9859154929577465,0.5343511450381679
dataset_aws-leak_34781_5_rrc04.csv,0.9590277777777778,63.0,20.0,0.20270270270270271,1.0,0.3370786516853933
