,accuracy,epoch,lag,precision_0,recall_0,f1_0
dataset_malaysian-telecom_25091_1_rrc04.csv,0.09041666666666667,74.0,20.0,0.027472527472527472,1.0,0.05347593582887701
dataset_malaysian-telecom_25091_5_rrc04.csv,0.5368055555555555,74.0,20.0,0.052556818181818184,1.0,0.0998650472334683
