,accuracy,epoch,lag,precision_0,recall_0,f1_0
dataset_slammer_513_1_rrc04.csv,0.9390277777777778,98.0,20.0,0.9117997616209773,0.6769911504424779,0.7770441848654139
dataset_slammer_513_5_rrc04.csv,0.9541666666666667,98.0,20.0,0.8921568627450981,0.8053097345132744,0.8465116279069769
dataset_slammer_559_1_rrc04.csv,0.24208333333333334,98.0,20.0,0.17155002277212691,1.0,0.29285991965789815
dataset_slammer_559_5_rrc04.csv,0.5048611111111111,98.0,20.0,0.240128068303095,0.995575221238938,0.38693035253654345
dataset_slammer_6893_1_rrc04.csv,0.9552777777777778,98.0,20.0,0.8862332695984704,0.820353982300885,0.8520220588235294
dataset_slammer_6893_5_rrc04.csv,0.9597222222222223,98.0,20.0,0.9077669902912622,0.827433628318584,0.8657407407407406
