,accuracy,epoch,lag,precision_0,recall_0,f1_0
dataset_slammer_513_1_rrc04.csv,0.8933333333333333,47.0,20.0,0.6022598870056497,0.9433628318584071,0.7351724137931035
dataset_slammer_513_5_rrc04.csv,0.9729166666666667,47.0,20.0,0.8945147679324894,0.9380530973451328,0.9157667386609072
dataset_slammer_559_1_rrc04.csv,0.18861111111111112,47.0,20.0,0.16207687894434883,1.0,0.2789434707479635
dataset_slammer_559_5_rrc04.csv,0.5020833333333333,47.0,20.0,0.23910733262486716,0.995575221238938,0.3856041131105398
dataset_slammer_6893_1_rrc04.csv,0.7956944444444445,47.0,20.0,0.4277848369335028,0.8938053097345132,0.5786307648238327
dataset_slammer_6893_5_rrc04.csv,0.9576388888888889,47.0,20.0,0.8909952606635071,0.831858407079646,0.8604118993135011
