,accuracy,epoch,lag,precision_0,recall_0,f1_0
dataset_japan-earthquake_2497_1_rrc06.csv,0.18013888888888888,43.0,20.0,0.06152623211446741,1.0,0.1159203234985772
dataset_japan-earthquake_2497_5_rrc06.csv,0.18055555555555555,43.0,20.0,0.061256961018297536,1.0,0.11544227886056971
dataset_japan-earthquake_10026_1_rv-sydney.csv,0.4936111111111111,43.0,20.0,0.09461137323069282,1.0,0.17286751361161526
