,accuracy,epoch,lag,precision_0,recall_0,f1_0
dataset_nimda_513_1_rrc04.csv,0.6584752321981424,45.0,20.0,1.0,0.0014144271570014145,0.0028248587570621473
dataset_nimda_513_5_rrc04.csv,0.66015625,45.0,20.0,1.0,0.015558698727015558,0.03064066852367688
dataset_nimda_559_1_rrc04.csv,0.6689241486068112,45.0,20.0,0.9448818897637795,0.033946251768033946,0.0655379574003277
dataset_nimda_559_5_rrc04.csv,0.80517578125,45.0,20.0,0.9074074074074074,0.48514851485148514,0.6322580645161291
dataset_nimda_6893_1_rrc04.csv,0.6591524767801857,45.0,20.0,1.0,0.0033946251768033945,0.0067662813645334085
dataset_nimda_6893_5_rrc04.csv,0.65478515625,45.0,20.0,0.0,0.0,0.0
