,accuracy,epoch,lag,precision_0,recall_0,f1_0
dataset_japan-earthquake_2497_1_rrc06.csv,0.22680555555555557,15.0,20.0,0.06499832045683573,1.0,0.12206276612521681
dataset_japan-earthquake_2497_5_rrc06.csv,0.44027777777777777,15.0,20.0,0.08720271800679502,1.0,0.16041666666666668
dataset_japan-earthquake_10026_1_rv-sydney.csv,0.3238888888888889,15.0,20.0,0.06035665294924554,0.8083989501312336,0.11232676878191102
