,accuracy,epoch,lag,precision_0,recall_0,f1_0
dataset_moscow_blackout_1853_1_rrc05.csv,0.9593055555555555,78.0,20.0,0.3377659574468085,0.7426900584795322,0.46435100548446073
dataset_moscow_blackout_1853_5_rrc05.csv,0.9145833333333333,78.0,20.0,0.18571428571428572,0.7428571428571429,0.29714285714285715
dataset_moscow_blackout_12793_1_rrc05.csv,0.9936111111111111,78.0,20.0,0.861271676300578,0.8713450292397661,0.8662790697674418
dataset_moscow_blackout_12793_5_rrc05.csv,0.96875,78.0,20.0,0.4166666666666667,0.7142857142857143,0.5263157894736842
