,accuracy,epoch,lag,precision_0,recall_0,f1_0
dataset_moscow_blackout_1853_1_rrc05.csv,0.9554166666666667,89.0,20.0,0.3170731707317073,0.7602339181286549,0.4475043029259897
dataset_moscow_blackout_1853_5_rrc05.csv,0.9006944444444445,89.0,20.0,0.1625,0.7428571428571429,0.26666666666666666
dataset_moscow_blackout_12793_1_rrc05.csv,0.9934722222222222,89.0,20.0,0.8522727272727273,0.8771929824561403,0.8645533141210374
dataset_moscow_blackout_12793_5_rrc05.csv,0.96875,89.0,20.0,0.4166666666666667,0.7142857142857143,0.5263157894736842
