,accuracy,epoch,lag,precision_0,recall_0,f1_0
dataset_japan-earthquake_2497_1_rrc06.csv,0.91875,20.0,20.0,0.3979381443298969,0.9974160206718347,0.5689019896831246
dataset_japan-earthquake_2497_5_rrc06.csv,0.8013888888888889,20.0,20.0,0.21212121212121213,1.0,0.35
dataset_japan-earthquake_10026_1_rv-sydney.csv,0.89375,20.0,20.0,0.31359223300970873,0.847769028871391,0.4578313253012048
