,accuracy,epoch,lag,precision_0,recall_0,f1_0
dataset_aws-leak_15547_1_rrc04.csv,0.15722222222222224,83.0,20.0,0.011565401531194005,1.0,0.022866344605475042
dataset_aws-leak_15547_5_rrc04.csv,0.024305555555555556,83.0,20.0,0.01056338028169014,1.0,0.020905923344947733
dataset_aws-leak_34781_1_rrc04.csv,0.9797222222222223,83.0,20.0,0.32558139534883723,0.9859154929577465,0.48951048951048953
dataset_aws-leak_34781_5_rrc04.csv,0.9548611111111112,83.0,20.0,0.1875,1.0,0.3157894736842105
