,accuracy,epoch,lag,precision_0,recall_0,f1_0
dataset_malaysian-telecom_25091_1_rrc04.csv,0.030833333333333334,61.0,20.0,0.025827167387965935,1.0,0.05035383777898748
dataset_malaysian-telecom_25091_5_rrc04.csv,0.22777777777777777,61.0,20.0,0.03220191470844212,1.0,0.06239460370994941
