,accuracy,epoch,lag,precision_0,recall_0,f1_0
dataset_nimda_513_1_rrc04.csv,0.6580882352941176,95.0,20.0,1.0,0.0002828854314002829,0.0005656108597285067
dataset_nimda_513_5_rrc04.csv,0.65478515625,95.0,20.0,0.0,0.0,0.0
dataset_nimda_559_1_rrc04.csv,0.6676664086687306,95.0,20.0,0.923728813559322,0.030834512022630836,0.059676977826444016
dataset_nimda_559_5_rrc04.csv,0.802734375,95.0,20.0,0.9018567639257294,0.4809052333804809,0.6273062730627306
dataset_nimda_6893_1_rrc04.csv,0.6593459752321982,95.0,20.0,1.0,0.0039603960396039604,0.007889546351084813
dataset_nimda_6893_5_rrc04.csv,0.65478515625,95.0,20.0,0.0,0.0,0.0
