,accuracy,epoch,lag,precision_0,recall_0,f1_0
dataset_as9121_13237_1_rrc05.csv,0.9958333333333333,6.0,20.0,0.9454545454545454,0.6582278481012658,0.7761194029850746
dataset_as9121_13237_5_rrc05.csv,0.9819444444444444,6.0,20.0,0.0,0.0,0.0
