,accuracy,epoch,lag,precision_0,recall_0,f1_0
dataset_malaysian-telecom_25091_1_rrc04.csv,0.7147222222222223,14.0,20.0,0.08,0.9621621621621622,0.14771784232365145
dataset_malaysian-telecom_25091_5_rrc04.csv,0.8888888888888888,14.0,20.0,0.18781725888324874,1.0,0.3162393162393162
