,accuracy,epoch,lag,precision_0,recall_0,f1_0
dataset_as9121_13237_1_rrc05.csv,0.9538888888888889,92.0,20.0,0.1891891891891892,0.9746835443037974,0.3168724279835391
dataset_as9121_13237_5_rrc05.csv,0.9138888888888889,92.0,20.0,0.09701492537313433,0.8125,0.17333333333333334
