,accuracy,epoch,lag,precision_0,recall_0,f1_0
dataset_slammer_513_1_rrc04.csv,0.9408333333333333,84.0,20.0,0.9141176470588235,0.6876106194690266,0.7848484848484848
dataset_slammer_513_5_rrc04.csv,0.9590277777777778,84.0,20.0,0.892018779342723,0.8407079646017699,0.8656036446469249
dataset_slammer_559_1_rrc04.csv,0.23430555555555554,84.0,20.0,0.1701038687340057,1.0,0.29075003216261414
dataset_slammer_559_5_rrc04.csv,0.5041666666666667,84.0,20.0,0.23987206823027718,0.995575221238938,0.3865979381443299
dataset_slammer_6893_1_rrc04.csv,0.9552777777777778,84.0,20.0,0.8914728682170543,0.8141592920353983,0.851063829787234
dataset_slammer_6893_5_rrc04.csv,0.95625,84.0,20.0,0.8862559241706162,0.827433628318584,0.8558352402745996
