,accuracy,epoch,lag,precision_0,recall_0,f1_0
dataset_moscow_blackout_1853_1_rrc05.csv,0.9777777777777777,43.0,20.0,0.5230125523012552,0.7309941520467836,0.6097560975609756
dataset_moscow_blackout_1853_5_rrc05.csv,0.9444444444444444,43.0,20.0,0.25274725274725274,0.6571428571428571,0.36507936507936506
dataset_moscow_blackout_12793_1_rrc05.csv,0.9929166666666667,43.0,20.0,0.8488372093023255,0.8538011695906432,0.8513119533527695
dataset_moscow_blackout_12793_5_rrc05.csv,0.9659722222222222,43.0,20.0,0.3870967741935484,0.6857142857142857,0.4948453608247423
