,accuracy,epoch,lag,precision_0,recall_0,f1_0
dataset_aws-leak_15547_1_rrc04.csv,0.10625,82.0,20.0,0.010913003381494006,1.0,0.02159039075566368
dataset_aws-leak_15547_5_rrc04.csv,0.022916666666666665,82.0,20.0,0.010548523206751054,1.0,0.020876826722338204
dataset_aws-leak_34781_1_rrc04.csv,0.9713888888888889,82.0,20.0,0.2545454545454545,0.9859154929577465,0.4046242774566474
dataset_aws-leak_34781_5_rrc04.csv,0.9534722222222223,82.0,20.0,0.18292682926829268,1.0,0.30927835051546393
