,accuracy,epoch,lag,precision_0,recall_0,f1_0
dataset_nimda_513_1_rrc04.csv,0.6579914860681114,44.0,20.0,0.0,0.0,0.0
dataset_nimda_513_5_rrc04.csv,0.65478515625,44.0,20.0,0.0,0.0,0.0
dataset_nimda_559_1_rrc04.csv,0.6584752321981424,44.0,20.0,1.0,0.0014144271570014145,0.0028248587570621473
dataset_nimda_559_5_rrc04.csv,0.76123046875,44.0,20.0,0.961864406779661,0.32107496463932106,0.4814422057264051
dataset_nimda_6893_1_rrc04.csv,0.6588622291021672,44.0,20.0,1.0,0.002545968882602546,0.005079006772009029
dataset_nimda_6893_5_rrc04.csv,0.65478515625,44.0,20.0,0.0,0.0,0.0
