,accuracy,epoch,lag,precision_0,recall_0,f1_0
dataset_code-red_513_1_rrc04.csv,0.9358183856502242,40.0,20.0,0.5352697095435685,0.9809885931558935,0.6926174496644295
dataset_code-red_513_5_rrc04.csv,0.86875,40.0,20.0,0.3593220338983051,1.0,0.5286783042394014
dataset_code-red_6893_1_rrc04.csv,0.9492713004484304,40.0,20.0,0.9505494505494505,0.3288973384030418,0.4887005649717514
dataset_code-red_6893_5_rrc04.csv,0.9701388888888889,40.0,20.0,0.8,0.7924528301886793,0.7962085308056872
