,accuracy,epoch,lag,precision_0,recall_0,f1_0
dataset_code-red_513_1_rrc04.csv,0.9742152466367713,12.0,20.0,0.8461538461538461,0.7946768060836502,0.8196078431372549
dataset_code-red_513_5_rrc04.csv,0.9548611111111112,12.0,20.0,0.6782608695652174,0.7358490566037735,0.7058823529411764
dataset_code-red_6893_1_rrc04.csv,0.9267096412556054,12.0,20.0,0.7142857142857143,0.009505703422053232,0.018761726078799248
dataset_code-red_6893_5_rrc04.csv,0.9277777777777778,12.0,20.0,0.75,0.02830188679245283,0.05454545454545455
