,accuracy,epoch,lag,precision_0,recall_0,f1_0
dataset_moscow_blackout_1853_1_rrc05.csv,0.6033333333333334,76.0,20.0,0.05561072492552135,0.9824561403508771,0.10526315789473684
dataset_moscow_blackout_1853_5_rrc05.csv,0.7076388888888889,76.0,20.0,0.06531531531531531,0.8285714285714286,0.12108559498956159
dataset_moscow_blackout_12793_1_rrc05.csv,0.9923611111111111,76.0,20.0,0.8085106382978723,0.8888888888888888,0.8467966573816155
dataset_moscow_blackout_12793_5_rrc05.csv,0.9604166666666667,76.0,20.0,0.35526315789473684,0.7714285714285715,0.48648648648648646
