,accuracy,epoch,lag,precision_0,recall_0,f1_0
dataset_malaysian-telecom_25091_1_rrc04.csv,0.034444444444444444,48.0,20.0,0.02592125542945215,1.0,0.05053264135482109
dataset_malaysian-telecom_25091_5_rrc04.csv,0.18125,48.0,20.0,0.03042763157894737,1.0,0.059058260175578615
