,accuracy,epoch,lag,precision_0,recall_0,f1_0
dataset_nimda_513_1_rrc04.csv,0.6584752321981424,40.0,20.0,1.0,0.0014144271570014145,0.0028248587570621473
dataset_nimda_513_5_rrc04.csv,0.658203125,40.0,20.0,1.0,0.009900990099009901,0.0196078431372549
dataset_nimda_559_1_rrc04.csv,0.6730843653250774,40.0,20.0,0.9875,0.044695898161244696,0.08552097428958053
dataset_nimda_559_5_rrc04.csv,0.80419921875,40.0,20.0,0.9112903225806451,0.4794908062234795,0.6283595922150139
dataset_nimda_6893_1_rrc04.csv,0.6593459752321982,40.0,20.0,1.0,0.0039603960396039604,0.007889546351084813
dataset_nimda_6893_5_rrc04.csv,0.65478515625,40.0,20.0,0.0,0.0,0.0
