,accuracy,epoch,lag,precision_0,recall_0,f1_0
dataset_slammer_513_1_rrc04.csv,0.9409722222222222,79.0,20.0,0.911318553092182,0.6911504424778762,0.7861097131353799
dataset_slammer_513_5_rrc04.csv,0.9569444444444445,79.0,20.0,0.8904761904761904,0.827433628318584,0.8577981651376148
dataset_slammer_559_1_rrc04.csv,0.18805555555555556,79.0,20.0,0.16198394495412843,1.0,0.2788058228472736
dataset_slammer_559_5_rrc04.csv,0.4840277777777778,79.0,20.0,0.23323013415892674,1.0,0.3782426778242678
dataset_slammer_6893_1_rrc04.csv,0.94875,79.0,20.0,0.8500459981600736,0.8176991150442477,0.8335588633288227
dataset_slammer_6893_5_rrc04.csv,0.9555555555555556,79.0,20.0,0.8820754716981132,0.827433628318584,0.8538812785388127
