,accuracy,epoch,lag,precision_0,recall_0,f1_0
dataset_aws-leak_15547_1_rrc04.csv,0.6876388888888889,39.0,20.0,0.030198446937014668,0.9859154929577465,0.05860192549183759
dataset_aws-leak_15547_5_rrc04.csv,0.050694444444444445,39.0,20.0,0.01085383502170767,1.0,0.02147458840372226
dataset_aws-leak_34781_1_rrc04.csv,0.9861111111111112,39.0,20.0,0.41317365269461076,0.971830985915493,0.5798319327731092
dataset_aws-leak_34781_5_rrc04.csv,0.9645833333333333,39.0,20.0,0.21875,0.9333333333333333,0.35443037974683544
