,accuracy,epoch,lag,precision_0,recall_0,f1_0
dataset_malaysian-telecom_25091_1_rrc04.csv,0.03,82.0,20.0,0.025805551680848096,1.0,0.05031275496328528
dataset_malaysian-telecom_25091_5_rrc04.csv,0.19722222222222222,82.0,20.0,0.03101424979044426,1.0,0.06016260162601626
