,accuracy,epoch,lag,precision_0,recall_0,f1_0
dataset_moscow_blackout_1853_1_rrc05.csv,0.8483333333333334,17.0,20.0,0.12285012285012285,0.8771929824561403,0.21551724137931036
dataset_moscow_blackout_1853_5_rrc05.csv,0.9451388888888889,17.0,20.0,0.21052631578947367,0.45714285714285713,0.2882882882882883
dataset_moscow_blackout_12793_1_rrc05.csv,0.7377777777777778,17.0,20.0,0.07394540942928039,0.8713450292397661,0.13632204940530648
dataset_moscow_blackout_12793_5_rrc05.csv,0.6576388888888889,17.0,20.0,0.052734375,0.7714285714285715,0.09872029250457039
