,accuracy,epoch,lag,precision_0,recall_0,f1_0
dataset_as9121_13237_1_rrc05.csv,0.99125,4.0,20.0,1.0,0.20253164556962025,0.3368421052631579
dataset_as9121_13237_5_rrc05.csv,0.9840277777777777,4.0,20.0,0.0,0.0,0.0
