,accuracy,epoch,lag,precision_0,recall_0,f1_0
dataset_japan-earthquake_2497_1_rrc06.csv,0.3869444444444444,50.0,20.0,0.08060820662362007,1.0,0.14919043947571317
dataset_japan-earthquake_2497_5_rrc06.csv,0.29930555555555555,50.0,20.0,0.070902394106814,1.0,0.13241616509028373
dataset_japan-earthquake_10026_1_rv-sydney.csv,0.6970833333333334,50.0,20.0,0.1484375,0.9973753280839895,0.2584155049302958
