,accuracy,epoch,lag,precision_0,recall_0,f1_0
dataset_as9121_13237_1_rrc05.csv,0.9890277777777777,3.0,20.0,0.0,0.0,0.0
dataset_as9121_13237_5_rrc05.csv,0.9881944444444445,3.0,20.0,0.0,0.0,0.0
