,accuracy,epoch,lag,precision_0,recall_0,f1_0
dataset_malaysian-telecom_25091_1_rrc04.csv,0.04569444444444445,73.0,20.0,0.026218820861678004,1.0,0.05109791465267228
dataset_malaysian-telecom_25091_5_rrc04.csv,0.41597222222222224,73.0,20.0,0.04214123006833713,1.0,0.08087431693989072
