,accuracy,epoch,lag,precision_0,recall_0,f1_0
dataset_nimda_513_1_rrc04.csv,0.6582817337461301,48.0,20.0,1.0,0.0008486562942008486,0.0016958733747880156
dataset_nimda_513_5_rrc04.csv,0.6552734375,48.0,20.0,1.0,0.0014144271570014145,0.0028248587570621473
dataset_nimda_559_1_rrc04.csv,0.6656346749226006,48.0,20.0,1.0,0.022347949080622348,0.04371887105700055
dataset_nimda_559_5_rrc04.csv,0.8037109375,48.0,20.0,0.9178082191780822,0.4738330975954738,0.625
dataset_nimda_6893_1_rrc04.csv,0.6590557275541795,48.0,20.0,1.0,0.0031117397454031117,0.006204173716864073
dataset_nimda_6893_5_rrc04.csv,0.65478515625,48.0,20.0,0.0,0.0,0.0
