,accuracy,epoch,lag,precision_0,recall_0,f1_0
dataset_slammer_513_1_rrc04.csv,0.845,7.0,20.0,0.7333333333333333,0.019469026548672566,0.03793103448275862
dataset_slammer_513_5_rrc04.csv,0.86875,7.0,20.0,0.9512195121951219,0.17256637168141592,0.29213483146067415
dataset_slammer_559_1_rrc04.csv,0.86875,7.0,20.0,0.9946524064171123,0.16460176991150444,0.2824601366742596
dataset_slammer_559_5_rrc04.csv,0.8923611111111112,7.0,20.0,1.0,0.3141592920353982,0.4781144781144781
dataset_slammer_6893_1_rrc04.csv,0.855,7.0,20.0,0.9479166666666666,0.08053097345132744,0.14845024469820556
dataset_slammer_6893_5_rrc04.csv,0.8715277777777778,7.0,20.0,0.9555555555555556,0.1902654867256637,0.3173431734317343
