,accuracy,epoch,lag,precision_0,recall_0,f1_0
dataset_aws-leak_15547_1_rrc04.csv,0.2613888888888889,61.0,20.0,0.01317498608276118,1.0,0.026007326007326005
dataset_aws-leak_15547_5_rrc04.csv,0.02638888888888889,61.0,20.0,0.01058574453069866,1.0,0.02094972067039106
dataset_aws-leak_34781_1_rrc04.csv,0.98375,61.0,20.0,0.3763440860215054,0.9859154929577465,0.5447470817120622
dataset_aws-leak_34781_5_rrc04.csv,0.9604166666666667,61.0,20.0,0.20833333333333334,1.0,0.3448275862068966
