,accuracy,epoch,lag,precision_0,recall_0,f1_0
dataset_as9121_13237_1_rrc05.csv,0.9591666666666666,48.0,20.0,0.2054794520547945,0.9493670886075949,0.33783783783783783
dataset_as9121_13237_5_rrc05.csv,0.9291666666666667,48.0,20.0,0.11607142857142858,0.8125,0.203125
