,accuracy,epoch,lag,precision_0,recall_0,f1_0
dataset_malaysian-telecom_25091_1_rrc04.csv,0.03625,85.0,20.0,0.025968556990454802,1.0,0.05062252018059926
dataset_malaysian-telecom_25091_5_rrc04.csv,0.44166666666666665,85.0,20.0,0.04399524375743163,1.0,0.08428246013667426
