,accuracy,epoch,lag,precision_0,recall_0,f1_0
dataset_moscow_blackout_1853_1_rrc05.csv,0.5416666666666666,22.0,20.0,0.049265341400172864,1.0,0.09390444810543658
dataset_moscow_blackout_1853_5_rrc05.csv,0.8256944444444444,22.0,20.0,0.09701492537313433,0.7428571428571429,0.17161716171617164
dataset_moscow_blackout_12793_1_rrc05.csv,0.9858333333333333,22.0,20.0,0.6493506493506493,0.8771929824561403,0.7462686567164178
dataset_moscow_blackout_12793_5_rrc05.csv,0.7402777777777778,22.0,20.0,0.07088607594936709,0.8,0.13023255813953488
