,accuracy,epoch,lag,precision_0,recall_0,f1_0
dataset_japan-earthquake_2497_1_rrc06.csv,0.9870833333333333,19.0,20.0,0.8154506437768241,0.9819121447028424,0.8909730363423212
dataset_japan-earthquake_2497_5_rrc06.csv,0.9236111111111112,19.0,20.0,0.4057142857142857,0.922077922077922,0.5634920634920634
dataset_japan-earthquake_10026_1_rv-sydney.csv,0.9815277777777778,19.0,20.0,0.8444444444444444,0.7979002624671916,0.8205128205128206
