,accuracy,epoch,lag,precision_0,recall_0,f1_0
dataset_nimda_513_1_rrc04.csv,0.6579914860681114,88.0,20.0,0.0,0.0,0.0
dataset_nimda_513_5_rrc04.csv,0.65478515625,88.0,20.0,0.0,0.0,0.0
dataset_nimda_559_1_rrc04.csv,0.6670859133126935,88.0,20.0,0.9196428571428571,0.029137199434229138,0.05648478201261311
dataset_nimda_559_5_rrc04.csv,0.8037109375,88.0,20.0,0.9023746701846965,0.4837340876944837,0.6298342541436465
dataset_nimda_6893_1_rrc04.csv,0.6594427244582043,88.0,20.0,1.0,0.004243281471004243,0.008450704225352112
dataset_nimda_6893_5_rrc04.csv,0.65478515625,88.0,20.0,0.0,0.0,0.0
