,accuracy,epoch,lag,precision_0,recall_0,f1_0
dataset_japan-earthquake_2497_1_rrc06.csv,0.9834722222222222,31.0,20.0,0.768,0.9922480620155039,0.8658399098083427
dataset_japan-earthquake_2497_5_rrc06.csv,0.9138888888888889,31.0,20.0,0.38308457711442784,1.0,0.5539568345323741
dataset_japan-earthquake_10026_1_rv-sydney.csv,0.9845833333333334,31.0,20.0,0.8068181818181818,0.931758530183727,0.8647990255785627
