,accuracy,epoch,lag,precision_0,recall_0,f1_0
dataset_slammer_513_1_rrc04.csv,0.9326388888888889,45.0,20.0,0.8555678059536935,0.6867256637168142,0.761904761904762
dataset_slammer_513_5_rrc04.csv,0.9548611111111112,45.0,20.0,0.8779342723004695,0.827433628318584,0.8519362186788155
dataset_slammer_559_1_rrc04.csv,0.2668055555555556,45.0,20.0,0.17631455765330004,1.0,0.2997745059026396
dataset_slammer_559_5_rrc04.csv,0.5722222222222222,45.0,20.0,0.26785714285714285,0.995575221238938,0.42213883677298314
dataset_slammer_6893_1_rrc04.csv,0.92,45.0,20.0,0.7536630036630036,0.7283185840707964,0.7407740774077408
dataset_slammer_6893_5_rrc04.csv,0.9638888888888889,45.0,20.0,0.953125,0.8097345132743363,0.8755980861244019
