,accuracy,epoch,lag,precision_0,recall_0,f1_0
dataset_code-red_513_1_rrc04.csv,0.5410594170403588,35.0,20.0,0.13838463562220468,1.0,0.24312456667437024
dataset_code-red_513_5_rrc04.csv,0.6756944444444445,35.0,20.0,0.1849912739965096,1.0,0.3122238586156112
dataset_code-red_6893_1_rrc04.csv,0.9715526905829597,35.0,20.0,0.7385524372230429,0.9505703422053232,0.8312551953449709
dataset_code-red_6893_5_rrc04.csv,0.9645833333333333,35.0,20.0,0.6751592356687898,1.0,0.8060836501901141
