,accuracy,epoch,lag,precision_0,recall_0,f1_0
dataset_aws-leak_15547_1_rrc04.csv,0.9920833333333333,9.0,20.0,0.574468085106383,0.7605633802816901,0.6545454545454545
dataset_aws-leak_15547_5_rrc04.csv,0.9736111111111111,9.0,20.0,0.0,0.0,0.0
dataset_aws-leak_34781_1_rrc04.csv,0.9948611111111111,9.0,20.0,0.7073170731707317,0.8169014084507042,0.7581699346405228
dataset_aws-leak_34781_5_rrc04.csv,0.9770833333333333,9.0,20.0,0.05,0.06666666666666667,0.05714285714285715
