,accuracy,epoch,lag,precision_0,recall_0,f1_0
dataset_japan-earthquake_2497_1_rrc06.csv,0.9470833333333334,8.0,20.0,0.5882352941176471,0.05167958656330749,0.09501187648456055
dataset_japan-earthquake_2497_5_rrc06.csv,0.9597222222222223,8.0,20.0,0.7317073170731707,0.38961038961038963,0.5084745762711864
dataset_japan-earthquake_10026_1_rv-sydney.csv,0.9534722222222223,8.0,20.0,0.896551724137931,0.13648293963254593,0.2369020501138952
