,accuracy,epoch,lag,precision_0,recall_0,f1_0
dataset_japan-earthquake_2497_1_rrc06.csv,0.9106944444444445,58.0,20.0,0.3754863813229572,0.9974160206718347,0.545583038869258
dataset_japan-earthquake_2497_5_rrc06.csv,0.7291666666666666,58.0,20.0,0.16488222698072805,1.0,0.28308823529411764
dataset_japan-earthquake_10026_1_rv-sydney.csv,0.98,58.0,20.0,0.7393939393939394,0.9606299212598425,0.8356164383561644
