,accuracy,epoch,lag,precision_0,recall_0,f1_0
dataset_moscow_blackout_1853_1_rrc05.csv,0.9636111111111111,49.0,20.0,0.37037037037037035,0.7602339181286549,0.49808429118773945
dataset_moscow_blackout_1853_5_rrc05.csv,0.9201388888888888,49.0,20.0,0.19230769230769232,0.7142857142857143,0.30303030303030304
dataset_moscow_blackout_12793_1_rrc05.csv,0.9919444444444444,49.0,20.0,0.8087431693989071,0.8654970760233918,0.8361581920903954
dataset_moscow_blackout_12793_5_rrc05.csv,0.9604166666666667,49.0,20.0,0.3472222222222222,0.7142857142857143,0.4672897196261682
