,accuracy,epoch,lag,precision_0,recall_0,f1_0
dataset_moscow_blackout_1853_1_rrc05.csv,0.97625,6.0,20.0,0.0,0.0,0.0
dataset_moscow_blackout_1853_5_rrc05.csv,0.9756944444444444,6.0,20.0,0.0,0.0,0.0
dataset_moscow_blackout_12793_1_rrc05.csv,0.9776388888888888,6.0,20.0,0.6923076923076923,0.10526315789473684,0.18274111675126903
dataset_moscow_blackout_12793_5_rrc05.csv,0.9770833333333333,6.0,20.0,0.625,0.14285714285714285,0.23255813953488372
