,accuracy,epoch,lag,precision_0,recall_0,f1_0
dataset_aws-leak_15547_1_rrc04.csv,0.31875,73.0,20.0,0.014268488745980707,1.0,0.028135526055082224
dataset_aws-leak_15547_5_rrc04.csv,0.025694444444444443,73.0,20.0,0.010578279266572637,1.0,0.020935101186322396
dataset_aws-leak_34781_1_rrc04.csv,0.9852777777777778,73.0,20.0,0.4,0.9859154929577465,0.5691056910569107
dataset_aws-leak_34781_5_rrc04.csv,0.9590277777777778,73.0,20.0,0.20270270270270271,1.0,0.3370786516853933
