,accuracy,epoch,lag,precision_0,recall_0,f1_0
dataset_japan-earthquake_2497_1_rrc06.csv,0.2461111111111111,39.0,20.0,0.06655202063628547,1.0,0.12479845211222186
dataset_japan-earthquake_2497_5_rrc06.csv,0.2569444444444444,39.0,20.0,0.06713164777680906,1.0,0.12581699346405228
dataset_japan-earthquake_10026_1_rv-sydney.csv,0.5627777777777778,39.0,20.0,0.10796259563615755,1.0,0.19488491048593348
