,accuracy,epoch,lag,precision_0,recall_0,f1_0
dataset_code-red_513_1_rrc04.csv,0.9272701793721974,9.0,20.0,0.7333333333333333,0.02091254752851711,0.040665434380776334
dataset_code-red_513_5_rrc04.csv,0.9479166666666666,9.0,20.0,0.7924528301886793,0.39622641509433965,0.5283018867924529
dataset_code-red_6893_1_rrc04.csv,0.9260089686098655,9.0,20.0,0.0,0.0,0.0
dataset_code-red_6893_5_rrc04.csv,0.9256944444444445,9.0,20.0,0.0,0.0,0.0
