,accuracy,epoch,lag,precision_0,recall_0,f1_0
dataset_nimda_513_1_rrc04.csv,0.6580882352941176,82.0,20.0,1.0,0.0002828854314002829,0.0005656108597285067
dataset_nimda_513_5_rrc04.csv,0.65478515625,82.0,20.0,0.0,0.0,0.0
dataset_nimda_559_1_rrc04.csv,0.6602167182662538,82.0,20.0,0.8108108108108109,0.008486562942008486,0.0167973124300112
dataset_nimda_559_5_rrc04.csv,0.78857421875,82.0,20.0,0.9101796407185628,0.42998585572843,0.5840537944284342
dataset_nimda_6893_1_rrc04.csv,0.6590557275541795,82.0,20.0,1.0,0.0031117397454031117,0.006204173716864073
dataset_nimda_6893_5_rrc04.csv,0.65478515625,82.0,20.0,0.0,0.0,0.0
