,accuracy,epoch,lag,precision_0,recall_0,f1_0
dataset_japan-earthquake_2497_1_rrc06.csv,0.76875,24.0,20.0,0.18859649122807018,1.0,0.3173431734317343
dataset_japan-earthquake_2497_5_rrc06.csv,0.7888888888888889,24.0,20.0,0.2020997375328084,1.0,0.33624454148471616
dataset_japan-earthquake_10026_1_rv-sydney.csv,0.8740277777777777,24.0,20.0,0.2882447665056361,0.9396325459317585,0.441158348736907
