,accuracy,epoch,lag,precision_0,recall_0,f1_0
dataset_aws-leak_15547_1_rrc04.csv,0.08638888888888889,33.0,20.0,0.010678297488344111,1.0,0.02113095238095238
dataset_aws-leak_15547_5_rrc04.csv,0.025694444444444443,33.0,20.0,0.010578279266572637,1.0,0.020935101186322396
dataset_aws-leak_34781_1_rrc04.csv,0.9775,33.0,20.0,0.30303030303030304,0.9859154929577465,0.46357615894039733
dataset_aws-leak_34781_5_rrc04.csv,0.9576388888888889,33.0,20.0,0.1891891891891892,0.9333333333333333,0.3146067415730337
