,accuracy,epoch,lag,precision_0,recall_0,f1_0
dataset_nimda_513_1_rrc04.csv,0.6580882352941176,59.0,20.0,1.0,0.0002828854314002829,0.0005656108597285067
dataset_nimda_513_5_rrc04.csv,0.65478515625,59.0,20.0,0.0,0.0,0.0
dataset_nimda_559_1_rrc04.csv,0.6593459752321982,59.0,20.0,1.0,0.0039603960396039604,0.007889546351084813
dataset_nimda_559_5_rrc04.csv,0.77978515625,59.0,20.0,0.9383561643835616,0.38755304101838756,0.5485485485485485
dataset_nimda_6893_1_rrc04.csv,0.6590557275541795,59.0,20.0,1.0,0.0031117397454031117,0.006204173716864073
dataset_nimda_6893_5_rrc04.csv,0.65478515625,59.0,20.0,0.0,0.0,0.0
