,accuracy,epoch,lag,precision_0,recall_0,f1_0
dataset_malaysian-telecom_25091_1_rrc04.csv,0.03125,88.0,20.0,0.025837988826815643,1.0,0.05037440435670524
dataset_malaysian-telecom_25091_5_rrc04.csv,0.3597222222222222,88.0,20.0,0.03858185610010428,1.0,0.07429718875502007
