,accuracy,epoch,lag,precision_0,recall_0,f1_0
dataset_moscow_blackout_1853_1_rrc05.csv,0.8838888888888888,83.0,20.0,0.1474019088016967,0.8128654970760234,0.2495511669658887
dataset_moscow_blackout_1853_5_rrc05.csv,0.8472222222222222,83.0,20.0,0.11297071129707113,0.7714285714285715,0.19708029197080293
dataset_moscow_blackout_12793_1_rrc05.csv,0.9929166666666667,83.0,20.0,0.8296703296703297,0.8830409356725146,0.8555240793201134
dataset_moscow_blackout_12793_5_rrc05.csv,0.9666666666666667,83.0,20.0,0.40298507462686567,0.7714285714285715,0.5294117647058824
