,accuracy,epoch,lag,precision_0,recall_0,f1_0
dataset_moscow_blackout_1853_1_rrc05.csv,0.9643055555555555,46.0,20.0,0.3812154696132597,0.8070175438596491,0.5178236397748592
dataset_moscow_blackout_1853_5_rrc05.csv,0.9208333333333333,46.0,20.0,0.1937984496124031,0.7142857142857143,0.3048780487804878
dataset_moscow_blackout_12793_1_rrc05.csv,0.9920833333333333,46.0,20.0,0.8097826086956522,0.8713450292397661,0.8394366197183099
dataset_moscow_blackout_12793_5_rrc05.csv,0.9604166666666667,46.0,20.0,0.3472222222222222,0.7142857142857143,0.4672897196261682
