,accuracy,epoch,lag,precision_0,recall_0,f1_0
dataset_japan-earthquake_2497_1_rrc06.csv,0.7408333333333333,79.0,20.0,0.17177097203728361,1.0,0.2931818181818182
dataset_japan-earthquake_2497_5_rrc06.csv,0.4791666666666667,79.0,20.0,0.09310761789600967,1.0,0.17035398230088494
dataset_japan-earthquake_10026_1_rv-sydney.csv,0.9344444444444444,79.0,20.0,0.4461538461538462,0.989501312335958,0.6150081566068516
