,accuracy,epoch,lag,precision_0,recall_0,f1_0
dataset_as9121_13237_1_rrc05.csv,0.9530555555555555,99.0,20.0,0.1864406779661017,0.9746835443037974,0.3130081300813008
dataset_as9121_13237_5_rrc05.csv,0.9208333333333333,99.0,20.0,0.1111111111111111,0.875,0.19718309859154926
