,accuracy,epoch,lag,precision_0,recall_0,f1_0
dataset_aws-leak_15547_1_rrc04.csv,0.3233333333333333,95.0,20.0,0.01436374671252276,1.0,0.028320702034303948
dataset_aws-leak_15547_5_rrc04.csv,0.025,95.0,20.0,0.010570824524312896,1.0,0.020920502092050212
dataset_aws-leak_34781_1_rrc04.csv,0.9827777777777778,95.0,20.0,0.3612565445026178,0.971830985915493,0.5267175572519085
dataset_aws-leak_34781_5_rrc04.csv,0.9604166666666667,95.0,20.0,0.20833333333333334,1.0,0.3448275862068966
