,accuracy,epoch,lag,precision_0,recall_0,f1_0
dataset_as9121_13237_1_rrc05.csv,0.9622222222222222,24.0,20.0,0.2153392330383481,0.9240506329113924,0.34928229665071775
dataset_as9121_13237_5_rrc05.csv,0.9548611111111112,24.0,20.0,0.14492753623188406,0.625,0.23529411764705882
