,accuracy,epoch,lag,precision_0,recall_0,f1_0
dataset_nimda_513_1_rrc04.csv,0.6580882352941176,80.0,20.0,1.0,0.0002828854314002829,0.0005656108597285067
dataset_nimda_513_5_rrc04.csv,0.65478515625,80.0,20.0,0.0,0.0,0.0
dataset_nimda_559_1_rrc04.csv,0.6615712074303406,80.0,20.0,0.8775510204081632,0.012164073550212163,0.023995535714285712
dataset_nimda_559_5_rrc04.csv,0.798828125,80.0,20.0,0.9085872576177285,0.4639321074964639,0.6142322097378277
dataset_nimda_6893_1_rrc04.csv,0.6593459752321982,80.0,20.0,1.0,0.0039603960396039604,0.007889546351084813
dataset_nimda_6893_5_rrc04.csv,0.65478515625,80.0,20.0,0.0,0.0,0.0
