,accuracy,epoch,lag,precision_0,recall_0,f1_0
dataset_code-red_513_1_rrc04.csv,0.9366591928251121,24.0,20.0,0.5390295358649789,0.9714828897338403,0.6933514246947083
dataset_code-red_513_5_rrc04.csv,0.8861111111111111,24.0,20.0,0.37815126050420167,0.8490566037735849,0.5232558139534883
dataset_code-red_6893_1_rrc04.csv,0.9522141255605381,24.0,20.0,0.9342723004694836,0.37832699619771865,0.5385656292286874
dataset_code-red_6893_5_rrc04.csv,0.9555555555555556,24.0,20.0,0.7916666666666666,0.5377358490566038,0.6404494382022472
