,accuracy,epoch,lag,precision_0,recall_0,f1_0
dataset_code-red_513_1_rrc04.csv,0.9072309417040358,83.0,20.0,0.43884892086330934,0.9277566539923955,0.5958485958485958
dataset_code-red_513_5_rrc04.csv,0.7472222222222222,83.0,20.0,0.225531914893617,1.0,0.3680555555555555
dataset_code-red_6893_1_rrc04.csv,0.9571188340807175,83.0,20.0,0.8691275167785235,0.4923954372623574,0.6286407766990292
dataset_code-red_6893_5_rrc04.csv,0.9680555555555556,83.0,20.0,0.7459016393442623,0.8584905660377359,0.7982456140350876
