,accuracy,epoch,lag,precision_0,recall_0,f1_0
dataset_as9121_13237_1_rrc05.csv,0.9643055555555555,63.0,20.0,0.22699386503067484,0.9367088607594937,0.3654320987654321
dataset_as9121_13237_5_rrc05.csv,0.9395833333333333,63.0,20.0,0.13402061855670103,0.8125,0.23008849557522126
