,accuracy,epoch,lag,precision_0,recall_0,f1_0
dataset_code-red_513_1_rrc04.csv,0.897982062780269,92.0,20.0,0.4184168012924071,0.9847908745247148,0.5873015873015873
dataset_code-red_513_5_rrc04.csv,0.7097222222222223,92.0,20.0,0.20229007633587787,1.0,0.3365079365079365
dataset_code-red_6893_1_rrc04.csv,0.961182735426009,92.0,20.0,0.9003215434083601,0.532319391634981,0.6690561529271206
dataset_code-red_6893_5_rrc04.csv,0.9701388888888889,92.0,20.0,0.7480314960629921,0.8962264150943396,0.815450643776824
