,accuracy,epoch,lag,precision_0,recall_0,f1_0
dataset_code-red_513_1_rrc04.csv,0.9318946188340808,22.0,20.0,0.5216919739696312,0.9144486692015209,0.6643646408839778
dataset_code-red_513_5_rrc04.csv,0.8840277777777777,22.0,20.0,0.36909871244635195,0.8113207547169812,0.5073746312684366
dataset_code-red_6893_1_rrc04.csv,0.9422645739910314,22.0,20.0,0.9318181818181818,0.2338403041825095,0.37386018237082064
dataset_code-red_6893_5_rrc04.csv,0.9451388888888889,22.0,20.0,0.9354838709677419,0.27358490566037735,0.4233576642335766
