,accuracy,epoch,lag,precision_0,recall_0,f1_0
dataset_aws-leak_15547_1_rrc04.csv,0.26166666666666666,93.0,20.0,0.013179877482829033,1.0,0.026016855991205567
dataset_aws-leak_15547_5_rrc04.csv,0.024305555555555556,93.0,20.0,0.01056338028169014,1.0,0.020905923344947733
dataset_aws-leak_34781_1_rrc04.csv,0.9811111111111112,93.0,20.0,0.34146341463414637,0.9859154929577465,0.5072463768115942
dataset_aws-leak_34781_5_rrc04.csv,0.95625,93.0,20.0,0.19230769230769232,1.0,0.32258064516129037
