,accuracy,epoch,lag,precision_0,recall_0,f1_0
dataset_malaysian-telecom_25091_1_rrc04.csv,0.03944444444444444,77.0,20.0,0.026052668638219968,1.0,0.050782322261872084
dataset_malaysian-telecom_25091_5_rrc04.csv,0.40208333333333335,77.0,20.0,0.04120267260579064,1.0,0.07914438502673797
