,accuracy,epoch,lag,precision_0,recall_0,f1_0
dataset_moscow_blackout_1853_1_rrc05.csv,0.9201388888888888,87.0,20.0,0.20381231671554254,0.8128654970760234,0.3259085580304807
dataset_moscow_blackout_1853_5_rrc05.csv,0.86875,87.0,20.0,0.12980769230769232,0.7714285714285715,0.22222222222222227
dataset_moscow_blackout_12793_1_rrc05.csv,0.9930555555555556,87.0,20.0,0.8342541436464088,0.8830409356725146,0.8579545454545455
dataset_moscow_blackout_12793_5_rrc05.csv,0.9673611111111111,87.0,20.0,0.40625,0.7428571428571429,0.5252525252525253
