,accuracy,epoch,lag,precision_0,recall_0,f1_0
dataset_slammer_513_1_rrc04.csv,0.8423611111111111,43.0,20.0,0.4988743809095002,0.9805309734513274,0.661295135780364
dataset_slammer_513_5_rrc04.csv,0.9770833333333333,43.0,20.0,0.8938775510204081,0.9690265486725663,0.9299363057324841
dataset_slammer_559_1_rrc04.csv,0.19694444444444445,43.0,20.0,0.1634837962962963,1.0,0.2810246207411092
dataset_slammer_559_5_rrc04.csv,0.5326388888888889,43.0,20.0,0.2508361204013378,0.995575221238938,0.40071237756010686
dataset_slammer_6893_1_rrc04.csv,0.8123611111111111,43.0,20.0,0.4499773653236759,0.879646017699115,0.5953878406708596
dataset_slammer_6893_5_rrc04.csv,0.9652777777777778,43.0,20.0,0.9356435643564357,0.8362831858407079,0.8831775700934579
