,accuracy,epoch,lag,precision_0,recall_0,f1_0
dataset_moscow_blackout_1853_1_rrc05.csv,0.905,72.0,20.0,0.18984280532043532,0.9181286549707602,0.3146292585170341
dataset_moscow_blackout_1853_5_rrc05.csv,0.8555555555555555,72.0,20.0,0.11894273127753303,0.7714285714285715,0.20610687022900762
dataset_moscow_blackout_12793_1_rrc05.csv,0.9923611111111111,72.0,20.0,0.8118279569892473,0.8830409356725146,0.84593837535014
dataset_moscow_blackout_12793_5_rrc05.csv,0.9631944444444445,72.0,20.0,0.37142857142857144,0.7428571428571429,0.49523809523809526
