,accuracy,epoch,lag,precision_0,recall_0,f1_0
dataset_as9121_13237_1_rrc05.csv,0.7769444444444444,25.0,20.0,0.04634581105169341,0.9873417721518988,0.08853575482406358
dataset_as9121_13237_5_rrc05.csv,0.9,25.0,20.0,0.08441558441558442,0.8125,0.15294117647058825
