,accuracy,epoch,lag,precision_0,recall_0,f1_0
dataset_moscow_blackout_1853_1_rrc05.csv,0.9761111111111112,4.0,20.0,0.0,0.0,0.0
dataset_moscow_blackout_1853_5_rrc05.csv,0.9763888888888889,4.0,20.0,0.6666666666666666,0.05714285714285714,0.10526315789473684
dataset_moscow_blackout_12793_1_rrc05.csv,0.9786111111111111,4.0,20.0,0.7073170731707317,0.1695906432748538,0.27358490566037735
dataset_moscow_blackout_12793_5_rrc05.csv,0.9729166666666667,4.0,20.0,0.3888888888888889,0.2,0.2641509433962264
