,accuracy,epoch,lag,precision_0,recall_0,f1_0
dataset_as9121_13237_1_rrc05.csv,0.9563888888888888,73.0,20.0,0.19638242894056848,0.9620253164556962,0.3261802575107296
dataset_as9121_13237_5_rrc05.csv,0.9208333333333333,73.0,20.0,0.10483870967741936,0.8125,0.18571428571428572
