,accuracy,epoch,lag,precision_0,recall_0,f1_0
dataset_as9121_13237_1_rrc05.csv,0.9340277777777778,98.0,20.0,0.14,0.9746835443037974,0.24483306836248012
dataset_as9121_13237_5_rrc05.csv,0.9034722222222222,98.0,20.0,0.09271523178807947,0.875,0.16766467065868262
