,accuracy,epoch,lag,precision_0,recall_0,f1_0
dataset_slammer_513_1_rrc04.csv,0.9426388888888889,77.0,20.0,0.9173457508731082,0.6973451327433628,0.7923579688285571
dataset_slammer_513_5_rrc04.csv,0.9590277777777778,77.0,20.0,0.892018779342723,0.8407079646017699,0.8656036446469249
dataset_slammer_559_1_rrc04.csv,0.20305555555555554,77.0,20.0,0.16453115899825277,1.0,0.28257064266066517
dataset_slammer_559_5_rrc04.csv,0.49236111111111114,77.0,20.0,0.2356020942408377,0.995575221238938,0.3810330228619813
dataset_slammer_6893_1_rrc04.csv,0.9565277777777778,77.0,20.0,0.8901623686723973,0.8247787610619469,0.8562241616903996
dataset_slammer_6893_5_rrc04.csv,0.9576388888888889,77.0,20.0,0.8947368421052632,0.827433628318584,0.8597701149425288
