,accuracy,epoch,lag,precision_0,recall_0,f1_0
dataset_as9121_13237_1_rrc05.csv,0.9288888888888889,13.0,20.0,0.12736660929432014,0.9367088607594937,0.22424242424242427
dataset_as9121_13237_5_rrc05.csv,0.9722222222222222,13.0,20.0,0.22727272727272727,0.625,0.3333333333333333
