,accuracy,epoch,lag,precision_0,recall_0,f1_0
dataset_as9121_13237_1_rrc05.csv,0.9533333333333334,22.0,20.0,0.17955112219451372,0.9113924050632911,0.3
dataset_as9121_13237_5_rrc05.csv,0.9458333333333333,22.0,20.0,0.12195121951219512,0.625,0.20408163265306123
