,accuracy,epoch,lag,precision_0,recall_0,f1_0
dataset_slammer_513_1_rrc04.csv,0.7883333333333333,15.0,20.0,0.41581196581196583,0.8610619469026549,0.560806916426513
dataset_slammer_513_5_rrc04.csv,0.9430555555555555,15.0,20.0,0.98,0.6504424778761062,0.7819148936170213
dataset_slammer_559_1_rrc04.csv,0.9006944444444445,15.0,20.0,0.7219251336898396,0.5973451327433629,0.6537530266343825
dataset_slammer_559_5_rrc04.csv,0.9590277777777778,15.0,20.0,1.0,0.7389380530973452,0.8498727735368956
dataset_slammer_6893_1_rrc04.csv,0.8997222222222222,15.0,20.0,0.7786885245901639,0.504424778761062,0.6122448979591837
dataset_slammer_6893_5_rrc04.csv,0.925,15.0,20.0,0.9916666666666667,0.5265486725663717,0.6878612716763005
