,accuracy,epoch,lag,precision_0,recall_0,f1_0
dataset_malaysian-telecom_25091_1_rrc04.csv,0.12486111111111112,79.0,20.0,0.028522972556275054,1.0,0.05546394843351821
dataset_malaysian-telecom_25091_5_rrc04.csv,0.6138888888888889,79.0,20.0,0.06239460370994941,1.0,0.11746031746031746
