,accuracy,epoch,lag,precision_0,recall_0,f1_0
dataset_nimda_513_1_rrc04.csv,0.6583784829721362,36.0,20.0,1.0,0.0011315417256011315,0.0022605255721955355
dataset_nimda_513_5_rrc04.csv,0.65771484375,36.0,20.0,1.0,0.008486562942008486,0.016830294530154277
dataset_nimda_559_1_rrc04.csv,0.6759868421052632,36.0,20.0,1.0,0.05261669024045262,0.09997312550389681
dataset_nimda_559_5_rrc04.csv,0.81298828125,36.0,20.0,0.9331550802139037,0.49363507779349364,0.6456984273820536
dataset_nimda_6893_1_rrc04.csv,0.6591524767801857,36.0,20.0,1.0,0.0033946251768033945,0.0067662813645334085
dataset_nimda_6893_5_rrc04.csv,0.65478515625,36.0,20.0,0.0,0.0,0.0
