,accuracy,epoch,lag,precision_0,recall_0,f1_0
dataset_code-red_513_1_rrc04.csv,0.9460482062780269,55.0,20.0,0.5986013986013986,0.8136882129277566,0.6897663174858985
dataset_code-red_513_5_rrc04.csv,0.8652777777777778,55.0,20.0,0.35135135135135137,0.9811320754716981,0.5174129353233831
dataset_code-red_6893_1_rrc04.csv,0.9330156950672646,55.0,20.0,1.0,0.09125475285171103,0.1672473867595819
dataset_code-red_6893_5_rrc04.csv,0.9555555555555556,55.0,20.0,0.7560975609756098,0.5849056603773585,0.6595744680851064
