,accuracy,epoch,lag,precision_0,recall_0,f1_0
dataset_moscow_blackout_1853_1_rrc05.csv,0.9570833333333333,45.0,20.0,0.34598214285714285,0.9064327485380117,0.5008077544426495
dataset_moscow_blackout_1853_5_rrc05.csv,0.9097222222222222,45.0,20.0,0.17687074829931973,0.7428571428571429,0.28571428571428575
dataset_moscow_blackout_12793_1_rrc05.csv,0.9918055555555556,45.0,20.0,0.8010752688172043,0.8713450292397661,0.8347338935574229
dataset_moscow_blackout_12793_5_rrc05.csv,0.9590277777777778,45.0,20.0,0.34210526315789475,0.7428571428571429,0.46846846846846846
