,accuracy,epoch,lag,precision_0,recall_0,f1_0
dataset_code-red_513_1_rrc04.csv,0.10986547085201794,18.0,20.0,0.07647571968595522,1.0,0.14208535926526203
dataset_code-red_513_5_rrc04.csv,0.31527777777777777,18.0,20.0,0.09706959706959707,1.0,0.17696160267111852
dataset_code-red_6893_1_rrc04.csv,0.7327634529147982,18.0,20.0,0.21619399917796958,1.0,0.3555255153768165
dataset_code-red_6893_5_rrc04.csv,0.7263888888888889,18.0,20.0,0.19230769230769232,0.8490566037735849,0.31358885017421606
