,accuracy,epoch,lag,precision_0,recall_0,f1_0
dataset_as9121_13237_1_rrc05.csv,0.9729166666666667,38.0,20.0,0.2803030303030303,0.9367088607594937,0.43148688046647227
dataset_as9121_13237_5_rrc05.csv,0.9645833333333333,38.0,20.0,0.2033898305084746,0.75,0.32
