,accuracy,epoch,lag,precision_0,recall_0,f1_0
dataset_slammer_513_1_rrc04.csv,0.9415277777777777,76.0,20.0,0.9265944645006017,0.6814159292035398,0.7853136155022947
dataset_slammer_513_5_rrc04.csv,0.9597222222222223,76.0,20.0,0.8925233644859814,0.8451327433628318,0.8681818181818182
dataset_slammer_559_1_rrc04.csv,0.2536111111111111,76.0,20.0,0.17373923739237393,1.0,0.2960440136232644
dataset_slammer_559_5_rrc04.csv,0.5097222222222222,76.0,20.0,0.24193548387096775,0.995575221238938,0.38927335640138405
dataset_slammer_6893_1_rrc04.csv,0.9548611111111112,76.0,20.0,0.905337361530715,0.7955752212389381,0.8469147432878003
dataset_slammer_6893_5_rrc04.csv,0.9604166666666667,76.0,20.0,0.9121951219512195,0.827433628318584,0.8677494199535962
