,accuracy,epoch,lag,precision_0,recall_0,f1_0
dataset_malaysian-telecom_25091_1_rrc04.csv,0.9877777777777778,12.0,20.0,0.7117903930131004,0.8810810810810811,0.78743961352657
dataset_malaysian-telecom_25091_5_rrc04.csv,0.96875,12.0,20.0,0.4393939393939394,0.7837837837837838,0.5631067961165048
