,accuracy,epoch,lag,precision_0,recall_0,f1_0
dataset_as9121_13237_1_rrc05.csv,0.95375,55.0,20.0,0.18719211822660098,0.9620253164556962,0.3134020618556701
dataset_as9121_13237_5_rrc05.csv,0.9076388888888889,55.0,20.0,0.09090909090909091,0.8125,0.16352201257861634
