,accuracy,epoch,lag,precision_0,recall_0,f1_0
dataset_moscow_blackout_1853_1_rrc05.csv,0.9761111111111112,7.0,20.0,0.0,0.0,0.0
dataset_moscow_blackout_1853_5_rrc05.csv,0.9770833333333333,7.0,20.0,0.75,0.08571428571428572,0.15384615384615383
dataset_moscow_blackout_12793_1_rrc05.csv,0.9815277777777778,7.0,20.0,0.8064516129032258,0.29239766081871343,0.42918454935622313
dataset_moscow_blackout_12793_5_rrc05.csv,0.9722222222222222,7.0,20.0,0.38095238095238093,0.22857142857142856,0.2857142857142857
