,accuracy,epoch,lag,precision_0,recall_0,f1_0
dataset_japan-earthquake_2497_1_rrc06.csv,0.97875,35.0,20.0,0.7191011235955056,0.9922480620155039,0.8338762214983714
dataset_japan-earthquake_2497_5_rrc06.csv,0.8847222222222222,35.0,20.0,0.3168724279835391,1.0,0.48125
dataset_japan-earthquake_10026_1_rv-sydney.csv,0.9870833333333333,35.0,20.0,0.8380281690140845,0.937007874015748,0.8847583643122676
