,accuracy,epoch,lag,precision_0,recall_0,f1_0
dataset_japan-earthquake_2497_1_rrc06.csv,0.6206944444444444,68.0,20.0,0.1241180243745991,1.0,0.2208273894436519
dataset_japan-earthquake_2497_5_rrc06.csv,0.4951388888888889,68.0,20.0,0.09577114427860696,1.0,0.17480136208853575
dataset_japan-earthquake_10026_1_rv-sydney.csv,0.8866666666666667,68.0,20.0,0.3170731707317073,0.989501312335958,0.48025477707006364
