,accuracy,epoch,lag,precision_0,recall_0,f1_0
dataset_slammer_513_1_rrc04.csv,0.9376388888888889,91.0,20.0,0.8991793669402111,0.6787610619469027,0.7735753908219869
dataset_slammer_513_5_rrc04.csv,0.9555555555555556,91.0,20.0,0.8857142857142857,0.8230088495575221,0.8532110091743119
dataset_slammer_559_1_rrc04.csv,0.2061111111111111,91.0,20.0,0.16505988898626936,1.0,0.2833500501504514
dataset_slammer_559_5_rrc04.csv,0.49375,91.0,20.0,0.236096537250787,0.995575221238938,0.3816793893129771
dataset_slammer_6893_1_rrc04.csv,0.9348611111111111,91.0,20.0,0.7832047986289632,0.8088495575221238,0.7958206356116675
dataset_slammer_6893_5_rrc04.csv,0.9513888888888888,91.0,20.0,0.8577981651376146,0.827433628318584,0.8423423423423423
