,accuracy,epoch,lag,precision_0,recall_0,f1_0
dataset_nimda_513_1_rrc04.csv,0.6580882352941176,71.0,20.0,1.0,0.0002828854314002829,0.0005656108597285067
dataset_nimda_513_5_rrc04.csv,0.65478515625,71.0,20.0,0.0,0.0,0.0
dataset_nimda_559_1_rrc04.csv,0.6626354489164087,71.0,20.0,0.875,0.015841584158415842,0.031119755487635455
dataset_nimda_559_5_rrc04.csv,0.80419921875,71.0,20.0,0.9090909090909091,0.4809052333804809,0.6290471785383903
dataset_nimda_6893_1_rrc04.csv,0.6591524767801857,71.0,20.0,1.0,0.0033946251768033945,0.0067662813645334085
dataset_nimda_6893_5_rrc04.csv,0.65478515625,71.0,20.0,0.0,0.0,0.0
