,accuracy,epoch,lag,precision_0,recall_0,f1_0
dataset_slammer_513_1_rrc04.csv,0.9369444444444445,67.0,20.0,0.9225,0.6530973451327433,0.7647668393782382
dataset_slammer_513_5_rrc04.csv,0.95625,67.0,20.0,0.8862559241706162,0.827433628318584,0.8558352402745996
dataset_slammer_559_1_rrc04.csv,0.3034722222222222,67.0,20.0,0.1838893409275834,1.0,0.3106529209621993
dataset_slammer_559_5_rrc04.csv,0.5430555555555555,67.0,20.0,0.25510204081632654,0.995575221238938,0.4061371841155234
dataset_slammer_6893_1_rrc04.csv,0.94125,67.0,20.0,0.9223416965352449,0.6831858407079646,0.7849517031011694
dataset_slammer_6893_5_rrc04.csv,0.9631944444444445,67.0,20.0,0.9390862944162437,0.8185840707964602,0.8747044917257684
