,accuracy,epoch,lag,precision_0,recall_0,f1_0
dataset_as9121_13237_1_rrc05.csv,0.8694444444444445,90.0,20.0,0.07669616519174041,0.9873417721518988,0.14233576642335766
dataset_as9121_13237_5_rrc05.csv,0.8930555555555556,90.0,20.0,0.08928571428571429,0.9375,0.1630434782608696
