,accuracy,epoch,lag,precision_0,recall_0,f1_0
dataset_japan-earthquake_2497_1_rrc06.csv,0.5956944444444444,77.0,20.0,0.1173438447543966,1.0,0.21004070556309362
dataset_japan-earthquake_2497_5_rrc06.csv,0.4465277777777778,77.0,20.0,0.08810068649885583,1.0,0.1619348054679285
dataset_japan-earthquake_10026_1_rv-sydney.csv,0.8893055555555556,77.0,20.0,0.3216123499142367,0.984251968503937,0.4848093083387201
