,accuracy,epoch,lag,precision_0,recall_0,f1_0
dataset_aws-leak_15547_1_rrc04.csv,0.0636111111111111,86.0,20.0,0.01042125348598268,1.0,0.02062754212667054
dataset_aws-leak_15547_5_rrc04.csv,0.01597222222222222,86.0,20.0,0.01047486033519553,1.0,0.020732550103662747
dataset_aws-leak_34781_1_rrc04.csv,0.9531944444444445,86.0,20.0,0.17401960784313725,1.0,0.29645093945720247
dataset_aws-leak_34781_5_rrc04.csv,0.9291666666666667,86.0,20.0,0.1282051282051282,1.0,0.22727272727272727
