,accuracy,epoch,lag,precision_0,recall_0,f1_0
dataset_as9121_13237_1_rrc05.csv,0.8926388888888889,72.0,20.0,0.09176470588235294,0.9873417721518988,0.16792249730893435
dataset_as9121_13237_5_rrc05.csv,0.8861111111111111,72.0,20.0,0.08426966292134831,0.9375,0.15463917525773194
