,accuracy,epoch,lag,precision_0,recall_0,f1_0
dataset_code-red_513_1_rrc04.csv,0.9537556053811659,96.0,20.0,0.6372549019607843,0.8650190114068441,0.7338709677419355
dataset_code-red_513_5_rrc04.csv,0.8625,96.0,20.0,0.34868421052631576,1.0,0.5170731707317073
dataset_code-red_6893_1_rrc04.csv,0.9353979820627802,96.0,20.0,0.891566265060241,0.14068441064638784,0.24302134646962237
dataset_code-red_6893_5_rrc04.csv,0.9722222222222222,96.0,20.0,0.84375,0.7641509433962265,0.8019801980198021
