,accuracy,epoch,lag,precision_0,recall_0,f1_0
dataset_as9121_13237_1_rrc05.csv,0.9533333333333334,87.0,20.0,0.1873479318734793,0.9746835443037974,0.3142857142857143
dataset_as9121_13237_5_rrc05.csv,0.9118055555555555,87.0,20.0,0.10071942446043165,0.875,0.18064516129032257
