,accuracy,epoch,lag,precision_0,recall_0,f1_0
dataset_nimda_513_1_rrc04.csv,0.6584752321981424,72.0,20.0,1.0,0.0014144271570014145,0.0028248587570621473
dataset_nimda_513_5_rrc04.csv,0.6552734375,72.0,20.0,1.0,0.0014144271570014145,0.0028248587570621473
dataset_nimda_559_1_rrc04.csv,0.6758900928792569,72.0,20.0,0.9383886255924171,0.056011315417256013,0.10571276027762946
dataset_nimda_559_5_rrc04.csv,0.8154296875,72.0,20.0,0.8963855421686747,0.5261669024045261,0.6631016042780749
dataset_nimda_6893_1_rrc04.csv,0.6601199690402477,72.0,20.0,1.0,0.006223479490806223,0.012369974697779026
dataset_nimda_6893_5_rrc04.csv,0.65478515625,72.0,20.0,0.0,0.0,0.0
