,accuracy,epoch,lag,precision_0,recall_0,f1_0
dataset_as9121_13237_1_rrc05.csv,0.84875,15.0,20.0,0.06390328151986183,0.9367088607594937,0.1196443007275667
dataset_as9121_13237_5_rrc05.csv,0.95,15.0,20.0,0.13157894736842105,0.625,0.21739130434782608
