,accuracy,epoch,lag,precision_0,recall_0,f1_0
dataset_code-red_513_1_rrc04.csv,0.9257286995515696,7.0,20.0,0.0,0.0,0.0
dataset_code-red_513_5_rrc04.csv,0.9305555555555556,7.0,20.0,0.8,0.07547169811320754,0.13793103448275862
dataset_code-red_6893_1_rrc04.csv,0.9260089686098655,7.0,20.0,0.0,0.0,0.0
dataset_code-red_6893_5_rrc04.csv,0.9256944444444445,7.0,20.0,0.0,0.0,0.0
