,accuracy,epoch,lag,precision_0,recall_0,f1_0
dataset_moscow_blackout_1853_1_rrc05.csv,0.955,21.0,20.0,0.31742243436754175,0.7777777777777778,0.45084745762711864
dataset_moscow_blackout_1853_5_rrc05.csv,0.9375,21.0,20.0,0.2222222222222222,0.6285714285714286,0.32835820895522383
dataset_moscow_blackout_12793_1_rrc05.csv,0.9884722222222222,21.0,20.0,0.7115384615384616,0.8654970760233918,0.7810026385224276
dataset_moscow_blackout_12793_5_rrc05.csv,0.8979166666666667,21.0,20.0,0.15853658536585366,0.7428571428571429,0.2613065326633166
