,accuracy,epoch,lag,precision_0,recall_0,f1_0
dataset_aws-leak_15547_1_rrc04.csv,0.8897222222222222,19.0,20.0,0.07916181606519208,0.9577464788732394,0.14623655913978498
dataset_aws-leak_15547_5_rrc04.csv,0.6381944444444444,19.0,20.0,0.027985074626865673,1.0,0.0544464609800363
dataset_aws-leak_34781_1_rrc04.csv,0.9795833333333334,19.0,20.0,0.319047619047619,0.9436619718309859,0.47686832740213525
dataset_aws-leak_34781_5_rrc04.csv,0.9701388888888889,19.0,20.0,0.22,0.7333333333333333,0.3384615384615385
