,accuracy,epoch,lag,precision_0,recall_0,f1_0
dataset_slammer_513_1_rrc04.csv,0.6113888888888889,20.0,20.0,0.28626345463864683,0.988495575221239,0.4439586645468998
dataset_slammer_513_5_rrc04.csv,0.9652777777777778,20.0,20.0,0.9782608695652174,0.7964601769911505,0.8780487804878049
dataset_slammer_559_1_rrc04.csv,0.9255555555555556,20.0,20.0,0.7894736842105263,0.7168141592920354,0.75139146567718
dataset_slammer_559_5_rrc04.csv,0.9798611111111111,20.0,20.0,0.9949748743718593,0.8761061946902655,0.9317647058823529
dataset_slammer_6893_1_rrc04.csv,0.9697222222222223,20.0,20.0,0.9779874213836478,0.8256637168141593,0.8953934740882917
dataset_slammer_6893_5_rrc04.csv,0.94375,20.0,20.0,1.0,0.6415929203539823,0.7816711590296496
