,accuracy,epoch,lag,precision_0,recall_0,f1_0
dataset_code-red_513_1_rrc04.csv,0.8776625560538116,16.0,20.0,0.36262866191607285,0.870722433460076,0.5120178870877585
dataset_code-red_513_5_rrc04.csv,0.8451388888888889,16.0,20.0,0.27586206896551724,0.6792452830188679,0.3923705722070845
dataset_code-red_6893_1_rrc04.csv,0.9382006726457399,16.0,20.0,0.8346456692913385,0.20152091254752852,0.32465543644716693
dataset_code-red_6893_5_rrc04.csv,0.9263888888888889,16.0,20.0,0.0,0.0,0.0
