,accuracy,epoch,lag,precision_0,recall_0,f1_0
dataset_malaysian-telecom_25091_1_rrc04.csv,0.03,60.0,20.0,0.025805551680848096,1.0,0.05031275496328528
dataset_malaysian-telecom_25091_5_rrc04.csv,0.17222222222222222,60.0,20.0,0.030105777054515868,1.0,0.05845181674565561
