,accuracy,epoch,lag,precision_0,recall_0,f1_0
dataset_slammer_513_1_rrc04.csv,0.49625,70.0,20.0,0.2375446710111415,1.0,0.383896721589944
dataset_slammer_513_5_rrc04.csv,0.9388888888888889,70.0,20.0,0.724025974025974,0.9867256637168141,0.8352059925093633
dataset_slammer_559_1_rrc04.csv,0.15791666666666668,70.0,20.0,0.15709717781176144,1.0,0.27153670551483844
dataset_slammer_559_5_rrc04.csv,0.3576388888888889,70.0,20.0,0.19635099913119028,1.0,0.3282498184458969
dataset_slammer_6893_1_rrc04.csv,0.2876388888888889,70.0,20.0,0.18054002236779038,1.0,0.3058600622547029
dataset_slammer_6893_5_rrc04.csv,0.8659722222222223,70.0,20.0,0.5415617128463476,0.9513274336283186,0.6902086677367577
