,accuracy,epoch,lag,precision_0,recall_0,f1_0
dataset_nimda_513_1_rrc04.csv,0.662828947368421,30.0,20.0,1.0,0.014144271570014143,0.027894002789400275
dataset_nimda_513_5_rrc04.csv,0.6865234375,30.0,20.0,1.0,0.09193776520509193,0.16839378238341968
dataset_nimda_559_1_rrc04.csv,0.7654798761609907,30.0,20.0,0.7821229050279329,0.43564356435643564,0.5595930232558138
dataset_nimda_559_5_rrc04.csv,0.841796875,30.0,20.0,0.7570469798657719,0.7977369165487977,0.7768595041322314
dataset_nimda_6893_1_rrc04.csv,0.6604102167182663,30.0,20.0,1.0,0.007072135785007072,0.014044943820224719
dataset_nimda_6893_5_rrc04.csv,0.6552734375,30.0,20.0,1.0,0.0014144271570014145,0.0028248587570621473
