,accuracy,epoch,lag,precision_0,recall_0,f1_0
dataset_nimda_513_1_rrc04.csv,0.6579914860681114,61.0,20.0,0.0,0.0,0.0
dataset_nimda_513_5_rrc04.csv,0.65478515625,61.0,20.0,0.0,0.0,0.0
dataset_nimda_559_1_rrc04.csv,0.659249226006192,61.0,20.0,1.0,0.0036775106082036777,0.007328072153325818
dataset_nimda_559_5_rrc04.csv,0.787109375,61.0,20.0,0.9385113268608414,0.4101838755304102,0.5708661417322834
dataset_nimda_6893_1_rrc04.csv,0.6589589783281734,61.0,20.0,1.0,0.002828854314002829,0.005641748942172073
dataset_nimda_6893_5_rrc04.csv,0.65478515625,61.0,20.0,0.0,0.0,0.0
