,accuracy,epoch,lag,precision_0,recall_0,f1_0
dataset_as9121_13237_1_rrc05.csv,0.99375,5.0,20.0,1.0,0.43037974683544306,0.6017699115044248
dataset_as9121_13237_5_rrc05.csv,0.9826388888888888,5.0,20.0,0.0,0.0,0.0
