,accuracy,epoch,lag,precision_0,recall_0,f1_0
dataset_aws-leak_15547_1_rrc04.csv,0.525,32.0,20.0,0.020338012030936693,1.0,0.03986524424480629
dataset_aws-leak_15547_5_rrc04.csv,0.04513888888888889,32.0,20.0,0.01079136690647482,1.0,0.02135231316725979
dataset_aws-leak_34781_1_rrc04.csv,0.9845833333333334,32.0,20.0,0.38764044943820225,0.971830985915493,0.5542168674698795
dataset_aws-leak_34781_5_rrc04.csv,0.9645833333333333,32.0,20.0,0.21875,0.9333333333333333,0.35443037974683544
