,accuracy,epoch,lag,precision_0,recall_0,f1_0
dataset_code-red_513_1_rrc04.csv,0.7132847533632287,51.0,20.0,0.20451010886469673,1.0,0.33957391865719816
dataset_code-red_513_5_rrc04.csv,0.5152777777777777,51.0,20.0,0.1318407960199005,1.0,0.23296703296703297
dataset_code-red_6893_1_rrc04.csv,0.9803811659192825,51.0,20.0,0.8641509433962264,0.870722433460076,0.8674242424242424
dataset_code-red_6893_5_rrc04.csv,0.9555555555555556,51.0,20.0,0.6235294117647059,1.0,0.7681159420289855
