,accuracy,epoch,lag,precision_0,recall_0,f1_0
dataset_aws-leak_15547_1_rrc04.csv,0.9813888888888889,13.0,20.0,0.3315508021390374,0.8732394366197183,0.48062015503875966
dataset_aws-leak_15547_5_rrc04.csv,0.9611111111111111,13.0,20.0,0.11320754716981132,0.4,0.17647058823529413
dataset_aws-leak_34781_1_rrc04.csv,0.9905555555555555,13.0,20.0,0.5121951219512195,0.8873239436619719,0.6494845360824741
dataset_aws-leak_34781_5_rrc04.csv,0.9798611111111111,13.0,20.0,0.20833333333333334,0.3333333333333333,0.25641025641025644
