,accuracy,epoch,lag,precision_0,recall_0,f1_0
dataset_aws-leak_15547_1_rrc04.csv,0.08277777777777778,72.0,20.0,0.010636704119850187,1.0,0.021049510821227392
dataset_aws-leak_15547_5_rrc04.csv,0.02361111111111111,72.0,20.0,0.01055594651653765,1.0,0.020891364902506964
dataset_aws-leak_34781_1_rrc04.csv,0.9591666666666666,72.0,20.0,0.19452054794520549,1.0,0.3256880733944954
dataset_aws-leak_34781_5_rrc04.csv,0.9451388888888889,72.0,20.0,0.1595744680851064,1.0,0.27522935779816515
