,accuracy,epoch,lag,precision_0,recall_0,f1_0
dataset_as9121_13237_1_rrc05.csv,0.9681944444444445,53.0,20.0,0.2483221476510067,0.9367088607594937,0.3925729442970822
dataset_as9121_13237_5_rrc05.csv,0.9479166666666666,53.0,20.0,0.14457831325301204,0.75,0.2424242424242424
