,accuracy,epoch,lag,precision_0,recall_0,f1_0
dataset_malaysian-telecom_25091_1_rrc04.csv,0.03111111111111111,71.0,20.0,0.02583438067309035,1.0,0.050367546964334334
dataset_malaysian-telecom_25091_5_rrc04.csv,0.27361111111111114,71.0,20.0,0.034164358264081256,1.0,0.06607142857142857
