,accuracy,epoch,lag,precision_0,recall_0,f1_0
dataset_aws-leak_15547_1_rrc04.csv,0.6727777777777778,45.0,20.0,0.0288659793814433,0.9859154929577465,0.0560897435897436
dataset_aws-leak_15547_5_rrc04.csv,0.05694444444444444,45.0,20.0,0.010924981791697014,1.0,0.021613832853025938
dataset_aws-leak_34781_1_rrc04.csv,0.9865277777777778,45.0,20.0,0.42073170731707316,0.971830985915493,0.5872340425531914
dataset_aws-leak_34781_5_rrc04.csv,0.9645833333333333,45.0,20.0,0.21875,0.9333333333333333,0.35443037974683544
