,accuracy,epoch,lag,precision_0,recall_0,f1_0
dataset_code-red_513_1_rrc04.csv,0.26597533632286996,26.0,20.0,0.0912560721721027,1.0,0.16724960254372018
dataset_code-red_513_5_rrc04.csv,0.61875,26.0,20.0,0.1618320610687023,1.0,0.27858081471747703
dataset_code-red_6893_1_rrc04.csv,0.9324551569506726,26.0,20.0,0.5225409836065574,0.9695817490494296,0.6790945406125166
dataset_code-red_6893_5_rrc04.csv,0.9284722222222223,26.0,20.0,0.507177033492823,1.0,0.673015873015873
