,accuracy,epoch,lag,precision_0,recall_0,f1_0
dataset_slammer_513_1_rrc04.csv,0.9268055555555555,22.0,20.0,0.9547511312217195,0.5601769911504425,0.7060791968767429
dataset_slammer_513_5_rrc04.csv,0.9354166666666667,22.0,20.0,0.9716312056737588,0.6061946902654868,0.7465940054495912
dataset_slammer_559_1_rrc04.csv,0.92625,22.0,20.0,0.9142461964038727,0.5849557522123894,0.7134376686454398
dataset_slammer_559_5_rrc04.csv,0.9673611111111111,22.0,20.0,1.0,0.7920353982300885,0.8839506172839506
dataset_slammer_6893_1_rrc04.csv,0.9019444444444444,22.0,20.0,0.962882096069869,0.3902654867256637,0.5554156171284634
dataset_slammer_6893_5_rrc04.csv,0.9284722222222223,22.0,20.0,1.0,0.5442477876106194,0.7048710601719198
