,accuracy,epoch,lag,precision_0,recall_0,f1_0
dataset_malaysian-telecom_25091_1_rrc04.csv,0.4726388888888889,58.0,20.0,0.04645906579608237,1.0,0.08879289656827453
dataset_malaysian-telecom_25091_5_rrc04.csv,0.7791666666666667,58.0,20.0,0.10422535211267606,1.0,0.18877551020408162
