,accuracy,epoch,lag,precision_0,recall_0,f1_0
dataset_slammer_513_1_rrc04.csv,0.9369444444444445,65.0,20.0,0.9183168316831684,0.6566371681415929,0.7657378740970072
dataset_slammer_513_5_rrc04.csv,0.9569444444444445,65.0,20.0,0.8904761904761904,0.827433628318584,0.8577981651376148
dataset_slammer_559_1_rrc04.csv,0.2852777777777778,65.0,20.0,0.18005098789037605,1.0,0.3051579800162031
dataset_slammer_559_5_rrc04.csv,0.5423611111111111,65.0,20.0,0.2548131370328426,0.995575221238938,0.405770964833183
dataset_slammer_6893_1_rrc04.csv,0.9440277777777778,65.0,20.0,0.9144811858608894,0.7097345132743362,0.7992027902341804
dataset_slammer_6893_5_rrc04.csv,0.9618055555555556,65.0,20.0,0.9211822660098522,0.827433628318584,0.8717948717948718
