,accuracy,epoch,lag,precision_0,recall_0,f1_0
dataset_code-red_513_1_rrc04.csv,0.9672085201793722,71.0,20.0,0.7673992673992674,0.7965779467680608,0.7817164179104478
dataset_code-red_513_5_rrc04.csv,0.9083333333333333,71.0,20.0,0.4444444444444444,0.9811320754716981,0.611764705882353
dataset_code-red_6893_1_rrc04.csv,0.9318946188340808,71.0,20.0,0.9761904761904762,0.0779467680608365,0.1443661971830986
dataset_code-red_6893_5_rrc04.csv,0.9590277777777778,71.0,20.0,0.8051948051948052,0.5849056603773585,0.6775956284153005
