,accuracy,epoch,lag,precision_0,recall_0,f1_0
dataset_as9121_13237_1_rrc05.csv,0.9594444444444444,54.0,20.0,0.2066115702479339,0.9493670886075949,0.3393665158371041
dataset_as9121_13237_5_rrc05.csv,0.9291666666666667,54.0,20.0,0.11607142857142858,0.8125,0.203125
