,accuracy,epoch,lag,precision_0,recall_0,f1_0
dataset_nimda_513_1_rrc04.csv,0.6580882352941176,81.0,20.0,1.0,0.0002828854314002829,0.0005656108597285067
dataset_nimda_513_5_rrc04.csv,0.65478515625,81.0,20.0,0.0,0.0,0.0
dataset_nimda_559_1_rrc04.csv,0.6649574303405573,81.0,20.0,0.9,0.022913719943422915,0.0446896551724138
dataset_nimda_559_5_rrc04.csv,0.802734375,81.0,20.0,0.9083557951482479,0.4766619519094767,0.6252319109461968
dataset_nimda_6893_1_rrc04.csv,0.659249226006192,81.0,20.0,1.0,0.0036775106082036777,0.007328072153325818
dataset_nimda_6893_5_rrc04.csv,0.65478515625,81.0,20.0,0.0,0.0,0.0
