,accuracy,epoch,lag,precision_0,recall_0,f1_0
dataset_slammer_513_1_rrc04.csv,0.9483333333333334,44.0,20.0,0.9633251833740831,0.6973451327433628,0.8090349075975358
dataset_slammer_513_5_rrc04.csv,0.9666666666666667,44.0,20.0,0.9009009009009009,0.8849557522123894,0.8928571428571428
dataset_slammer_559_1_rrc04.csv,0.47583333333333333,44.0,20.0,0.23042414355628058,1.0,0.374544249254226
dataset_slammer_559_5_rrc04.csv,0.6791666666666667,44.0,20.0,0.32748538011695905,0.9911504424778761,0.4923076923076923
dataset_slammer_6893_1_rrc04.csv,0.9468055555555556,44.0,20.0,0.9451728247914184,0.7017699115044248,0.8054850177755207
dataset_slammer_6893_5_rrc04.csv,0.9694444444444444,44.0,20.0,0.9789473684210527,0.8230088495575221,0.8942307692307692
