,accuracy,epoch,lag,precision_0,recall_0,f1_0
dataset_as9121_13237_1_rrc05.csv,0.9061111111111111,88.0,20.0,0.10358565737051793,0.9873417721518988,0.1875
dataset_as9121_13237_5_rrc05.csv,0.8972222222222223,88.0,20.0,0.0875,0.875,0.15909090909090906
