,accuracy,epoch,lag,precision_0,recall_0,f1_0
dataset_as9121_13237_1_rrc05.csv,0.9590277777777778,67.0,20.0,0.20652173913043478,0.9620253164556962,0.3400447427293065
dataset_as9121_13237_5_rrc05.csv,0.9263888888888889,67.0,20.0,0.11206896551724138,0.8125,0.196969696969697
