,accuracy,epoch,lag,precision_0,recall_0,f1_0
dataset_nimda_513_1_rrc04.csv,0.6582817337461301,47.0,20.0,1.0,0.0008486562942008486,0.0016958733747880156
dataset_nimda_513_5_rrc04.csv,0.65478515625,47.0,20.0,0.0,0.0,0.0
dataset_nimda_559_1_rrc04.csv,0.6598297213622291,47.0,20.0,1.0,0.005374823196605375,0.010692177827799663
dataset_nimda_559_5_rrc04.csv,0.77880859375,47.0,20.0,0.934931506849315,0.38613861386138615,0.5465465465465466
dataset_nimda_6893_1_rrc04.csv,0.6590557275541795,47.0,20.0,1.0,0.0031117397454031117,0.006204173716864073
dataset_nimda_6893_5_rrc04.csv,0.65478515625,47.0,20.0,0.0,0.0,0.0
