,accuracy,epoch,lag,precision_0,recall_0,f1_0
dataset_as9121_13237_1_rrc05.csv,0.8870833333333333,36.0,20.0,0.08671171171171171,0.9746835443037974,0.15925542916235783
dataset_as9121_13237_5_rrc05.csv,0.8965277777777778,36.0,20.0,0.08176100628930817,0.8125,0.14857142857142858
