,accuracy,epoch,lag,precision_0,recall_0,f1_0
dataset_japan-earthquake_2497_1_rrc06.csv,0.9872222222222222,86.0,20.0,0.8172043010752689,0.9819121447028424,0.8920187793427231
dataset_japan-earthquake_2497_5_rrc06.csv,0.9131944444444444,86.0,20.0,0.3811881188118812,1.0,0.5519713261648747
dataset_japan-earthquake_10026_1_rv-sydney.csv,0.98875,86.0,20.0,0.8694581280788177,0.926509186351706,0.8970775095298602
