,accuracy,epoch,lag,precision_0,recall_0,f1_0
dataset_aws-leak_15547_1_rrc04.csv,0.10416666666666667,71.0,20.0,0.010887900628737924,1.0,0.02154126213592233
dataset_aws-leak_15547_5_rrc04.csv,0.02361111111111111,71.0,20.0,0.01055594651653765,1.0,0.020891364902506964
dataset_aws-leak_34781_1_rrc04.csv,0.9708333333333333,71.0,20.0,0.25089605734767023,0.9859154929577465,0.4
dataset_aws-leak_34781_5_rrc04.csv,0.9541666666666667,71.0,20.0,0.18518518518518517,1.0,0.3125
