,accuracy,epoch,lag,precision_0,recall_0,f1_0
dataset_code-red_513_1_rrc04.csv,0.5161154708520179,53.0,20.0,0.1321940185976376,1.0,0.2335183129855716
dataset_code-red_513_5_rrc04.csv,0.4409722222222222,53.0,20.0,0.1163556531284303,1.0,0.20845624385447395
dataset_code-red_6893_1_rrc04.csv,0.9702914798206278,53.0,20.0,0.7302052785923754,0.9467680608365019,0.8245033112582781
dataset_code-red_6893_5_rrc04.csv,0.9243055555555556,53.0,20.0,0.4930232558139535,1.0,0.660436137071651
