,accuracy,epoch,lag,precision_0,recall_0,f1_0
dataset_moscow_blackout_1853_1_rrc05.csv,0.955,31.0,20.0,0.3361884368308351,0.9181286549707602,0.49216300940438873
dataset_moscow_blackout_1853_5_rrc05.csv,0.9118055555555555,31.0,20.0,0.176056338028169,0.7142857142857143,0.2824858757062147
dataset_moscow_blackout_12793_1_rrc05.csv,0.9893055555555555,31.0,20.0,0.735,0.8596491228070176,0.7924528301886793
dataset_moscow_blackout_12793_5_rrc05.csv,0.9548611111111112,31.0,20.0,0.3076923076923077,0.6857142857142857,0.4247787610619469
