,accuracy,epoch,lag,precision_0,recall_0,f1_0
dataset_moscow_blackout_1853_1_rrc05.csv,0.9691666666666666,36.0,20.0,0.42735042735042733,0.8771929824561403,0.5747126436781609
dataset_moscow_blackout_1853_5_rrc05.csv,0.9319444444444445,36.0,20.0,0.22123893805309736,0.7142857142857143,0.33783783783783783
dataset_moscow_blackout_12793_1_rrc05.csv,0.9916666666666667,36.0,20.0,0.8,0.8654970760233918,0.8314606741573034
dataset_moscow_blackout_12793_5_rrc05.csv,0.9583333333333334,36.0,20.0,0.3333333333333333,0.7142857142857143,0.4545454545454545
