,accuracy,epoch,lag,precision_0,recall_0,f1_0
dataset_malaysian-telecom_25091_1_rrc04.csv,0.029444444444444443,94.0,20.0,0.025791161299316884,1.0,0.0502854036422941
dataset_malaysian-telecom_25091_5_rrc04.csv,0.175,94.0,20.0,0.030204081632653063,1.0,0.05863708399366086
