,accuracy,epoch,lag,precision_0,recall_0,f1_0
dataset_japan-earthquake_2497_1_rrc06.csv,0.8890277777777778,80.0,20.0,0.3263069139966273,1.0,0.49205340114431023
dataset_japan-earthquake_2497_5_rrc06.csv,0.6458333333333334,80.0,20.0,0.131175468483816,1.0,0.2319277108433735
dataset_japan-earthquake_10026_1_rv-sydney.csv,0.97125,80.0,20.0,0.653169014084507,0.973753280839895,0.7818756585879874
