,accuracy,epoch,lag,precision_0,recall_0,f1_0
dataset_aws-leak_15547_1_rrc04.csv,0.04555555555555556,88.0,20.0,0.01022612703442316,1.0,0.020245223838038208
dataset_aws-leak_15547_5_rrc04.csv,0.015277777777777777,88.0,20.0,0.0104675505931612,1.0,0.02071823204419889
dataset_aws-leak_34781_1_rrc04.csv,0.9181944444444444,88.0,20.0,0.10757575757575757,1.0,0.19425444596443228
dataset_aws-leak_34781_5_rrc04.csv,0.9041666666666667,88.0,20.0,0.09803921568627451,1.0,0.17857142857142855
