,accuracy,epoch,lag,precision_0,recall_0,f1_0
dataset_aws-leak_15547_1_rrc04.csv,0.9941666666666666,5.0,20.0,0.6986301369863014,0.7183098591549296,0.7083333333333335
dataset_aws-leak_15547_5_rrc04.csv,0.9798611111111111,5.0,20.0,0.0,0.0,0.0
dataset_aws-leak_34781_1_rrc04.csv,0.9943055555555556,5.0,20.0,0.6973684210526315,0.7464788732394366,0.7210884353741497
dataset_aws-leak_34781_5_rrc04.csv,0.9791666666666666,5.0,20.0,0.0,0.0,0.0
