,accuracy,epoch,lag,precision_0,recall_0,f1_0
dataset_aws-leak_15547_1_rrc04.csv,0.04652777777777778,56.0,20.0,0.010236447520184544,1.0,0.020265448836877406
dataset_aws-leak_15547_5_rrc04.csv,0.021527777777777778,56.0,20.0,0.010533707865168539,1.0,0.020847810979847115
dataset_aws-leak_34781_1_rrc04.csv,0.9236111111111112,56.0,20.0,0.1143317230273752,1.0,0.2052023121387283
dataset_aws-leak_34781_5_rrc04.csv,0.9326388888888889,56.0,20.0,0.13392857142857142,1.0,0.23622047244094488
