,accuracy,epoch,lag,precision_0,recall_0,f1_0
dataset_aws-leak_15547_1_rrc04.csv,0.10208333333333333,94.0,20.0,0.010862913096695227,1.0,0.02149235659149387
dataset_aws-leak_15547_5_rrc04.csv,0.017361111111111112,94.0,20.0,0.01048951048951049,1.0,0.020761245674740487
dataset_aws-leak_34781_1_rrc04.csv,0.9745833333333334,94.0,20.0,0.2777777777777778,0.9859154929577465,0.43343653250774
dataset_aws-leak_34781_5_rrc04.csv,0.9555555555555556,94.0,20.0,0.189873417721519,1.0,0.3191489361702127
