,accuracy,epoch,lag,precision_0,recall_0,f1_0
dataset_slammer_513_1_rrc04.csv,0.9347222222222222,63.0,20.0,0.8767123287671232,0.679646017699115,0.7657028913260219
dataset_slammer_513_5_rrc04.csv,0.9576388888888889,63.0,20.0,0.8837209302325582,0.8407079646017699,0.8616780045351473
dataset_slammer_559_1_rrc04.csv,0.20805555555555555,63.0,20.0,0.16539812646370022,1.0,0.28384827932680234
dataset_slammer_559_5_rrc04.csv,0.5201388888888889,63.0,20.0,0.2459016393442623,0.995575221238938,0.39439088518843124
dataset_slammer_6893_1_rrc04.csv,0.9190277777777778,63.0,20.0,0.7262200165425972,0.7769911504424779,0.7507481829841813
dataset_slammer_6893_5_rrc04.csv,0.9548611111111112,63.0,20.0,0.8779342723004695,0.827433628318584,0.8519362186788155
