,accuracy,epoch,lag,precision_0,recall_0,f1_0
dataset_moscow_blackout_1853_1_rrc05.csv,0.8848611111111111,97.0,20.0,0.16152263374485595,0.9181286549707602,0.2747156605424321
dataset_moscow_blackout_1853_5_rrc05.csv,0.8368055555555556,97.0,20.0,0.109375,0.8,0.19243986254295534
dataset_moscow_blackout_12793_1_rrc05.csv,0.9931944444444445,97.0,20.0,0.8388888888888889,0.8830409356725146,0.8603988603988604
dataset_moscow_blackout_12793_5_rrc05.csv,0.96875,97.0,20.0,0.421875,0.7714285714285715,0.5454545454545455
