,accuracy,epoch,lag,precision_0,recall_0,f1_0
dataset_aws-leak_15547_1_rrc04.csv,0.9697222222222223,10.0,20.0,0.22053231939163498,0.8169014084507042,0.34730538922155685
dataset_aws-leak_15547_5_rrc04.csv,0.9451388888888889,10.0,20.0,0.04285714285714286,0.2,0.07058823529411765
dataset_aws-leak_34781_1_rrc04.csv,0.9943055555555556,10.0,20.0,0.6630434782608695,0.8591549295774648,0.7484662576687117
dataset_aws-leak_34781_5_rrc04.csv,0.9777777777777777,10.0,20.0,0.13043478260869565,0.2,0.15789473684210528
