,accuracy,epoch,lag,precision_0,recall_0,f1_0
dataset_code-red_513_1_rrc04.csv,0.9494114349775785,60.0,20.0,0.5958188153310104,0.9752851711026616,0.7397260273972602
dataset_code-red_513_5_rrc04.csv,0.8006944444444445,60.0,20.0,0.2697201017811705,1.0,0.42484969939879763
dataset_code-red_6893_1_rrc04.csv,0.9512331838565022,60.0,20.0,0.9494949494949495,0.3574144486692015,0.5193370165745856
dataset_code-red_6893_5_rrc04.csv,0.9736111111111111,60.0,20.0,0.788135593220339,0.8773584905660378,0.8303571428571429
