,accuracy,epoch,lag,precision_0,recall_0,f1_0
dataset_japan-earthquake_2497_1_rrc06.csv,0.9829166666666667,22.0,20.0,0.764,0.9870801033591732,0.8613303269447576
dataset_japan-earthquake_2497_5_rrc06.csv,0.93125,22.0,20.0,0.43529411764705883,0.961038961038961,0.5991902834008097
dataset_japan-earthquake_10026_1_rv-sydney.csv,0.985,22.0,20.0,0.8545454545454545,0.863517060367454,0.8590078328981723
