,accuracy,epoch,lag,precision_0,recall_0,f1_0
dataset_aws-leak_15547_1_rrc04.csv,0.13555555555555557,77.0,20.0,0.011278792692613185,1.0,0.022306000628338044
dataset_aws-leak_15547_5_rrc04.csv,0.02361111111111111,77.0,20.0,0.01055594651653765,1.0,0.020891364902506964
dataset_aws-leak_34781_1_rrc04.csv,0.9772222222222222,77.0,20.0,0.30042918454935624,0.9859154929577465,0.46052631578947373
dataset_aws-leak_34781_5_rrc04.csv,0.9555555555555556,77.0,20.0,0.189873417721519,1.0,0.3191489361702127
