,accuracy,epoch,lag,precision_0,recall_0,f1_0
dataset_moscow_blackout_1853_1_rrc05.csv,0.32083333333333336,41.0,20.0,0.033787788974510964,1.0,0.0653669724770642
dataset_moscow_blackout_1853_5_rrc05.csv,0.6465277777777778,41.0,20.0,0.06433823529411764,1.0,0.12089810017271155
dataset_moscow_blackout_12793_1_rrc05.csv,0.9898611111111111,41.0,20.0,0.7355769230769231,0.8947368421052632,0.8073878627968338
dataset_moscow_blackout_12793_5_rrc05.csv,0.9145833333333333,41.0,20.0,0.19444444444444445,0.8,0.3128491620111732
