,accuracy,epoch,lag,precision_0,recall_0,f1_0
dataset_japan-earthquake_2497_1_rrc06.csv,0.08208333333333333,18.0,20.0,0.05531732418524871,1.0,0.10483543275091427
dataset_japan-earthquake_2497_5_rrc06.csv,0.31875,18.0,20.0,0.07277882797731569,1.0,0.13568281938325993
dataset_japan-earthquake_10026_1_rv-sydney.csv,0.32763888888888887,18.0,20.0,0.07279693486590039,0.9973753280839895,0.13569005534725942
