,accuracy,epoch,lag,precision_0,recall_0,f1_0
dataset_code-red_513_1_rrc04.csv,0.9401625560538116,41.0,20.0,0.5530546623794212,0.9809885931558935,0.7073337902673064
dataset_code-red_513_5_rrc04.csv,0.8645833333333334,41.0,20.0,0.3521594684385382,1.0,0.5208845208845209
dataset_code-red_6893_1_rrc04.csv,0.9510930493273543,41.0,20.0,0.9682539682539683,0.34790874524714827,0.5118881118881119
dataset_code-red_6893_5_rrc04.csv,0.9756944444444444,41.0,20.0,0.8446601941747572,0.8207547169811321,0.832535885167464
