,accuracy,epoch,lag,precision_0,recall_0,f1_0
dataset_aws-leak_15547_1_rrc04.csv,0.3545833333333333,18.0,20.0,0.015048749470114454,1.0,0.02965128419294216
dataset_aws-leak_15547_5_rrc04.csv,0.20416666666666666,18.0,20.0,0.012919896640826873,1.0,0.025510204081632654
dataset_aws-leak_34781_1_rrc04.csv,0.9761111111111112,18.0,20.0,0.28870292887029286,0.971830985915493,0.4451612903225806
dataset_aws-leak_34781_5_rrc04.csv,0.9666666666666667,18.0,20.0,0.21052631578947367,0.8,0.3333333333333333
