,accuracy,epoch,lag,precision_0,recall_0,f1_0
dataset_as9121_13237_1_rrc05.csv,0.9613888888888888,17.0,20.0,0.20474777448071216,0.8734177215189873,0.3317307692307692
dataset_as9121_13237_5_rrc05.csv,0.9604166666666667,17.0,20.0,0.14035087719298245,0.5,0.2191780821917808
