,accuracy,epoch,lag,precision_0,recall_0,f1_0
dataset_nimda_513_1_rrc04.csv,0.6579914860681114,75.0,20.0,0.0,0.0,0.0
dataset_nimda_513_5_rrc04.csv,0.65478515625,75.0,20.0,0.0,0.0,0.0
dataset_nimda_559_1_rrc04.csv,0.659249226006192,75.0,20.0,0.9333333333333333,0.0039603960396039604,0.007887323943661971
dataset_nimda_559_5_rrc04.csv,0.783203125,75.0,20.0,0.9283387622149837,0.4031117397454031,0.5621301775147929
dataset_nimda_6893_1_rrc04.csv,0.6590557275541795,75.0,20.0,1.0,0.0031117397454031117,0.006204173716864073
dataset_nimda_6893_5_rrc04.csv,0.65478515625,75.0,20.0,0.0,0.0,0.0
