,accuracy,epoch,lag,precision_0,recall_0,f1_0
dataset_nimda_513_1_rrc04.csv,0.6579914860681114,23.0,20.0,0.0,0.0,0.0
dataset_nimda_513_5_rrc04.csv,0.65478515625,23.0,20.0,0.0,0.0,0.0
dataset_nimda_559_1_rrc04.csv,0.6811145510835913,23.0,20.0,1.0,0.0676096181046676,0.1266560678325384
dataset_nimda_559_5_rrc04.csv,0.751953125,23.0,20.0,1.0,0.2814710042432815,0.43929359823399555
dataset_nimda_6893_1_rrc04.csv,0.6579914860681114,23.0,20.0,0.0,0.0,0.0
dataset_nimda_6893_5_rrc04.csv,0.65478515625,23.0,20.0,0.0,0.0,0.0
