,accuracy,epoch,lag,precision_0,recall_0,f1_0
dataset_as9121_13237_1_rrc05.csv,0.9648611111111111,68.0,20.0,0.23148148148148148,0.9493670886075949,0.37220843672456577
dataset_as9121_13237_5_rrc05.csv,0.9388888888888889,68.0,20.0,0.1326530612244898,0.8125,0.22807017543859648
