,accuracy,epoch,lag,precision_0,recall_0,f1_0
dataset_aws-leak_15547_1_rrc04.csv,0.26319444444444445,64.0,20.0,0.013206845238095238,1.0,0.026069395997796948
dataset_aws-leak_15547_5_rrc04.csv,0.025694444444444443,64.0,20.0,0.010578279266572637,1.0,0.020935101186322396
dataset_aws-leak_34781_1_rrc04.csv,0.9843055555555555,64.0,20.0,0.38461538461538464,0.9859154929577465,0.5533596837944664
dataset_aws-leak_34781_5_rrc04.csv,0.9590277777777778,64.0,20.0,0.20270270270270271,1.0,0.3370786516853933
