,accuracy,epoch,lag,precision_0,recall_0,f1_0
dataset_japan-earthquake_2497_1_rrc06.csv,0.415,64.0,20.0,0.08414872798434442,1.0,0.15523465703971118
dataset_japan-earthquake_2497_5_rrc06.csv,0.3215277777777778,64.0,20.0,0.0730550284629981,1.0,0.13616268788682584
dataset_japan-earthquake_10026_1_rv-sydney.csv,0.7613888888888889,64.0,20.0,0.18121125417262757,0.9973753280839895,0.3066989507667474
