,accuracy,epoch,lag,precision_0,recall_0,f1_0
dataset_moscow_blackout_1853_1_rrc05.csv,0.9619444444444445,44.0,20.0,0.3611859838274933,0.783625730994152,0.49446494464944657
dataset_moscow_blackout_1853_5_rrc05.csv,0.9180555555555555,44.0,20.0,0.18796992481203006,0.7142857142857143,0.29761904761904767
dataset_moscow_blackout_12793_1_rrc05.csv,0.9919444444444444,44.0,20.0,0.8054054054054054,0.8713450292397661,0.8370786516853932
dataset_moscow_blackout_12793_5_rrc05.csv,0.9590277777777778,44.0,20.0,0.33783783783783783,0.7142857142857143,0.4587155963302752
