,accuracy,epoch,lag,precision_0,recall_0,f1_0
dataset_aws-leak_15547_1_rrc04.csv,0.4177777777777778,28.0,20.0,0.016654937837203846,1.0,0.032764190124596214
dataset_aws-leak_15547_5_rrc04.csv,0.04375,28.0,20.0,0.010775862068965518,1.0,0.021321961620469083
dataset_aws-leak_34781_1_rrc04.csv,0.9808333333333333,28.0,20.0,0.33658536585365856,0.971830985915493,0.5
dataset_aws-leak_34781_5_rrc04.csv,0.9645833333333333,28.0,20.0,0.20967741935483872,0.8666666666666667,0.33766233766233766
