,accuracy,epoch,lag,precision_0,recall_0,f1_0
dataset_malaysian-telecom_25091_1_rrc04.csv,0.030833333333333334,42.0,20.0,0.025827167387965935,1.0,0.05035383777898748
dataset_malaysian-telecom_25091_5_rrc04.csv,0.15486111111111112,42.0,20.0,0.029505582137161084,1.0,0.057319907048799384
