,accuracy,epoch,lag,precision_0,recall_0,f1_0
dataset_aws-leak_15547_1_rrc04.csv,0.08583333333333333,97.0,20.0,0.010671877348564557,1.0,0.021118381915526473
dataset_aws-leak_15547_5_rrc04.csv,0.01597222222222222,97.0,20.0,0.01047486033519553,1.0,0.020732550103662747
dataset_aws-leak_34781_1_rrc04.csv,0.9697222222222223,97.0,20.0,0.24390243902439024,0.9859154929577465,0.39106145251396646
dataset_aws-leak_34781_5_rrc04.csv,0.9472222222222222,97.0,20.0,0.16483516483516483,1.0,0.2830188679245283
