,accuracy,epoch,lag,precision_0,recall_0,f1_0
dataset_moscow_blackout_1853_1_rrc05.csv,0.89375,62.0,20.0,0.17362637362637362,0.9239766081871345,0.2923219241443108
dataset_moscow_blackout_1853_5_rrc05.csv,0.8444444444444444,62.0,20.0,0.1111111111111111,0.7714285714285715,0.19424460431654678
dataset_moscow_blackout_12793_1_rrc05.csv,0.9920833333333333,62.0,20.0,0.8031914893617021,0.8830409356725146,0.841225626740947
dataset_moscow_blackout_12793_5_rrc05.csv,0.9597222222222223,62.0,20.0,0.35064935064935066,0.7714285714285715,0.4821428571428572
