,accuracy,epoch,lag,precision_0,recall_0,f1_0
dataset_slammer_513_1_rrc04.csv,0.8430555555555556,4.0,20.0,0.0,0.0,0.0
dataset_slammer_513_5_rrc04.csv,0.8430555555555556,4.0,20.0,0.0,0.0,0.0
dataset_slammer_559_1_rrc04.csv,0.8434722222222222,4.0,20.0,1.0,0.002654867256637168,0.00529567519858782
dataset_slammer_559_5_rrc04.csv,0.8541666666666666,4.0,20.0,1.0,0.07079646017699115,0.13223140495867766
dataset_slammer_6893_1_rrc04.csv,0.8430555555555556,4.0,20.0,0.0,0.0,0.0
dataset_slammer_6893_5_rrc04.csv,0.8430555555555556,4.0,20.0,0.0,0.0,0.0
