,accuracy,epoch,lag,precision_0,recall_0,f1_0
dataset_code-red_513_1_rrc04.csv,0.1132286995515695,75.0,20.0,0.07674350744091042,1.0,0.14254742547425475
dataset_code-red_513_5_rrc04.csv,0.11944444444444445,75.0,20.0,0.07714701601164484,1.0,0.14324324324324325
dataset_code-red_6893_1_rrc04.csv,0.46762892376681614,75.0,20.0,0.12161849710982658,1.0,0.21686250257678827
dataset_code-red_6893_5_rrc04.csv,0.6076388888888888,75.0,20.0,0.15797317436661698,1.0,0.2728442728442728
