,accuracy,epoch,lag,precision_0,recall_0,f1_0
dataset_aws-leak_15547_1_rrc04.csv,0.4123611111111111,24.0,20.0,0.016503951650395164,1.0,0.032471987194145895
dataset_aws-leak_15547_5_rrc04.csv,0.08888888888888889,24.0,20.0,0.011303692539562924,1.0,0.022354694485842028
dataset_aws-leak_34781_1_rrc04.csv,0.98,24.0,20.0,0.32701421800947866,0.971830985915493,0.4893617021276596
dataset_aws-leak_34781_5_rrc04.csv,0.9659722222222222,24.0,20.0,0.21666666666666667,0.8666666666666667,0.3466666666666666
