,accuracy,epoch,lag,precision_0,recall_0,f1_0
dataset_nimda_513_1_rrc04.csv,0.6584752321981424,63.0,20.0,1.0,0.0014144271570014145,0.0028248587570621473
dataset_nimda_513_5_rrc04.csv,0.66259765625,63.0,20.0,1.0,0.02263083451202263,0.0442600276625173
dataset_nimda_559_1_rrc04.csv,0.6841137770897833,63.0,20.0,0.956081081081081,0.08005657708628006,0.1477421038893239
dataset_nimda_559_5_rrc04.csv,0.82080078125,63.0,20.0,0.8695652173913043,0.5657708628005658,0.6855184233076265
dataset_nimda_6893_1_rrc04.csv,0.66031346749226,63.0,20.0,1.0,0.006789250353606789,0.013486934532171957
dataset_nimda_6893_5_rrc04.csv,0.65576171875,63.0,20.0,1.0,0.002828854314002829,0.005641748942172073
