,accuracy,epoch,lag,precision_0,recall_0,f1_0
dataset_aws-leak_15547_1_rrc04.csv,0.06638888888888889,43.0,20.0,0.010451935816281467,1.0,0.020687645687645688
dataset_aws-leak_15547_5_rrc04.csv,0.022916666666666665,43.0,20.0,0.010548523206751054,1.0,0.020876826722338204
dataset_aws-leak_34781_1_rrc04.csv,0.97,43.0,20.0,0.24561403508771928,0.9859154929577465,0.39325842696629215
dataset_aws-leak_34781_5_rrc04.csv,0.9527777777777777,43.0,20.0,0.18072289156626506,1.0,0.30612244897959184
