,accuracy,epoch,lag,precision_0,recall_0,f1_0
dataset_slammer_513_1_rrc04.csv,0.9325,97.0,20.0,0.9203655352480418,0.6238938053097345,0.7436708860759493
dataset_slammer_513_5_rrc04.csv,0.9486111111111111,97.0,20.0,0.8917525773195877,0.7654867256637168,0.8238095238095238
dataset_slammer_559_1_rrc04.csv,0.27125,97.0,20.0,0.17719931002038578,1.0,0.301052351138937
dataset_slammer_559_5_rrc04.csv,0.5340277777777778,97.0,20.0,0.25139664804469275,0.995575221238938,0.4014272970561999
dataset_slammer_6893_1_rrc04.csv,0.9420833333333334,97.0,20.0,0.9074285714285715,0.7026548672566372,0.7920199501246884
dataset_slammer_6893_5_rrc04.csv,0.9597222222222223,97.0,20.0,0.9285714285714286,0.8053097345132744,0.8625592417061613
