,accuracy,epoch,lag,precision_0,recall_0,f1_0
dataset_nimda_513_1_rrc04.csv,0.6651509287925697,29.0,20.0,1.0,0.020933521923620933,0.04100858963701857
dataset_nimda_513_5_rrc04.csv,0.69091796875,29.0,20.0,1.0,0.10466760961810467,0.18950064020486557
dataset_nimda_559_1_rrc04.csv,0.7725425696594427,29.0,20.0,0.7603342128408092,0.4891089108910891,0.5952831812704423
dataset_nimda_559_5_rrc04.csv,0.841796875,29.0,20.0,0.7496740547588006,0.8132956152758133,0.7801899592944369
dataset_nimda_6893_1_rrc04.csv,0.6604102167182663,29.0,20.0,1.0,0.007072135785007072,0.014044943820224719
dataset_nimda_6893_5_rrc04.csv,0.6552734375,29.0,20.0,1.0,0.0014144271570014145,0.0028248587570621473
