,accuracy,epoch,lag,precision_0,recall_0,f1_0
dataset_moscow_blackout_1853_1_rrc05.csv,0.9761111111111112,8.0,20.0,0.0,0.0,0.0
dataset_moscow_blackout_1853_5_rrc05.csv,0.9777777777777777,8.0,20.0,1.0,0.08571428571428572,0.15789473684210528
dataset_moscow_blackout_12793_1_rrc05.csv,0.9831944444444445,8.0,20.0,0.8571428571428571,0.3508771929824561,0.49792531120331956
dataset_moscow_blackout_12793_5_rrc05.csv,0.9722222222222222,8.0,20.0,0.391304347826087,0.2571428571428571,0.3103448275862069
