,accuracy,epoch,lag,precision_0,recall_0,f1_0
dataset_nimda_513_1_rrc04.csv,0.6584752321981424,65.0,20.0,1.0,0.0014144271570014145,0.0028248587570621473
dataset_nimda_513_5_rrc04.csv,0.65771484375,65.0,20.0,1.0,0.008486562942008486,0.016830294530154277
dataset_nimda_559_1_rrc04.csv,0.6720201238390093,65.0,20.0,0.9289940828402367,0.044413012729844416,0.0847732181425486
dataset_nimda_559_5_rrc04.csv,0.81298828125,65.0,20.0,0.8894230769230769,0.5233380480905233,0.6589492430988424
dataset_nimda_6893_1_rrc04.csv,0.6596362229102167,65.0,20.0,1.0,0.004809052333804809,0.00957207207207207
dataset_nimda_6893_5_rrc04.csv,0.6552734375,65.0,20.0,1.0,0.0014144271570014145,0.0028248587570621473
