,accuracy,epoch,lag,precision_0,recall_0,f1_0
dataset_code-red_513_1_rrc04.csv,0.9040078475336323,15.0,20.0,0.43056768558951963,0.9372623574144486,0.590065828845003
dataset_code-red_513_5_rrc04.csv,0.8569444444444444,15.0,20.0,0.3031496062992126,0.7264150943396226,0.42777777777777787
dataset_code-red_6893_1_rrc04.csv,0.9269899103139013,15.0,20.0,0.7777777777777778,0.013307984790874524,0.026168224299065422
dataset_code-red_6893_5_rrc04.csv,0.9298611111111111,15.0,20.0,1.0,0.04716981132075472,0.09009009009009009
