,accuracy,epoch,lag,precision_0,recall_0,f1_0
dataset_slammer_513_1_rrc04.csv,0.9334722222222223,73.0,20.0,0.9299867899603699,0.6230088495575221,0.7461579226285108
dataset_slammer_513_5_rrc04.csv,0.9513888888888888,73.0,20.0,0.8861386138613861,0.7920353982300885,0.836448598130841
dataset_slammer_559_1_rrc04.csv,0.29555555555555557,73.0,20.0,0.18219929055143502,1.0,0.3082378614293508
dataset_slammer_559_5_rrc04.csv,0.5451388888888888,73.0,20.0,0.25597269624573377,0.995575221238938,0.4072398190045249
dataset_slammer_6893_1_rrc04.csv,0.9393055555555555,73.0,20.0,0.9272503082614056,0.6654867256637168,0.7748583204533747
dataset_slammer_6893_5_rrc04.csv,0.9625,73.0,20.0,0.9432989690721649,0.8097345132743363,0.8714285714285714
