,accuracy,epoch,lag,precision_0,recall_0,f1_0
dataset_slammer_513_1_rrc04.csv,0.9334722222222223,94.0,20.0,0.9221789883268483,0.6292035398230088,0.7480273540241978
dataset_slammer_513_5_rrc04.csv,0.9520833333333333,94.0,20.0,0.8905472636815921,0.7920353982300885,0.8384074941451991
dataset_slammer_559_1_rrc04.csv,0.3773611111111111,94.0,20.0,0.20131836807411366,1.0,0.3351623906273172
dataset_slammer_559_5_rrc04.csv,0.5465277777777777,94.0,20.0,0.25655644241733183,0.995575221238938,0.40797824116047154
dataset_slammer_6893_1_rrc04.csv,0.9406944444444445,94.0,20.0,0.9054209919261822,0.6946902654867256,0.786179268903355
dataset_slammer_6893_5_rrc04.csv,0.9597222222222223,94.0,20.0,0.9242424242424242,0.8097345132743363,0.8632075471698114
