,accuracy,epoch,lag,precision_0,recall_0,f1_0
dataset_japan-earthquake_2497_1_rrc06.csv,0.94875,9.0,20.0,0.5548780487804879,0.2351421188630491,0.3303085299455535
dataset_japan-earthquake_2497_5_rrc06.csv,0.9673611111111111,9.0,20.0,0.6666666666666666,0.7792207792207793,0.7185628742514969
dataset_japan-earthquake_10026_1_rv-sydney.csv,0.9508333333333333,9.0,20.0,0.5780346820809249,0.26246719160104987,0.36101083032490977
