,accuracy,epoch,lag,precision_0,recall_0,f1_0
dataset_as9121_13237_1_rrc05.csv,0.9734722222222222,50.0,20.0,0.2846153846153846,0.9367088607594937,0.4365781710914454
dataset_as9121_13237_5_rrc05.csv,0.9555555555555556,50.0,20.0,0.16666666666666666,0.75,0.27272727272727276
