,accuracy,epoch,lag,precision_0,recall_0,f1_0
dataset_moscow_blackout_1853_1_rrc05.csv,0.9101388888888889,28.0,20.0,0.20175438596491227,0.9415204678362573,0.3323013415892673
dataset_moscow_blackout_1853_5_rrc05.csv,0.9097222222222222,28.0,20.0,0.1724137931034483,0.7142857142857143,0.2777777777777778
dataset_moscow_blackout_12793_1_rrc05.csv,0.9894444444444445,28.0,20.0,0.736318407960199,0.8654970760233918,0.7956989247311828
dataset_moscow_blackout_12793_5_rrc05.csv,0.95625,28.0,20.0,0.32051282051282054,0.7142857142857143,0.4424778761061947
