,accuracy,epoch,lag,precision_0,recall_0,f1_0
dataset_as9121_13237_1_rrc05.csv,0.9555555555555556,85.0,20.0,0.19338422391857507,0.9620253164556962,0.3220338983050848
dataset_as9121_13237_5_rrc05.csv,0.9166666666666666,85.0,20.0,0.1,0.8125,0.17808219178082194
