,accuracy,epoch,lag,precision_0,recall_0,f1_0
dataset_japan-earthquake_2497_1_rrc06.csv,0.41444444444444445,44.0,20.0,0.08407560286769498,1.0,0.15511022044088177
dataset_japan-earthquake_2497_5_rrc06.csv,0.40069444444444446,44.0,20.0,0.08191489361702127,1.0,0.15142576204523106
dataset_japan-earthquake_10026_1_rv-sydney.csv,0.7069444444444445,44.0,20.0,0.15127067365873337,0.984251968503937,0.26223776223776224
