,accuracy,epoch,lag,precision_0,recall_0,f1_0
dataset_code-red_513_1_rrc04.csv,0.8367432735426009,99.0,20.0,0.3106105512744517,0.9961977186311787,0.47356529597831
dataset_code-red_513_5_rrc04.csv,0.6291666666666667,99.0,20.0,0.165625,1.0,0.28418230563002683
dataset_code-red_6893_1_rrc04.csv,0.9722533632286996,99.0,20.0,0.8904761904761904,0.7110266159695817,0.7906976744186046
dataset_code-red_6893_5_rrc04.csv,0.9715277777777778,99.0,20.0,0.7480916030534351,0.9245283018867925,0.8270042194092826
