,accuracy,epoch,lag,precision_0,recall_0,f1_0
dataset_japan-earthquake_2497_1_rrc06.csv,0.9505555555555556,10.0,20.0,0.6347826086956522,0.18863049095607234,0.2908366533864542
dataset_japan-earthquake_2497_5_rrc06.csv,0.975,10.0,20.0,0.7530864197530864,0.7922077922077922,0.7721518987341771
dataset_japan-earthquake_10026_1_rv-sydney.csv,0.9572222222222222,10.0,20.0,0.7786259541984732,0.2677165354330709,0.3984375
