,accuracy,epoch,lag,precision_0,recall_0,f1_0
dataset_slammer_513_1_rrc04.csv,0.9345833333333333,87.0,20.0,0.9446693657219973,0.6194690265486725,0.7482629609834311
dataset_slammer_513_5_rrc04.csv,0.9513888888888888,87.0,20.0,0.89,0.7876106194690266,0.8356807511737089
dataset_slammer_559_1_rrc04.csv,0.4098611111111111,87.0,20.0,0.210076222346161,1.0,0.3472115532339837
dataset_slammer_559_5_rrc04.csv,0.5555555555555556,87.0,20.0,0.2604166666666667,0.995575221238938,0.41284403669724773
dataset_slammer_6893_1_rrc04.csv,0.9397222222222222,87.0,20.0,0.9328358208955224,0.6637168141592921,0.7755946225439504
dataset_slammer_6893_5_rrc04.csv,0.9631944444444445,87.0,20.0,0.9528795811518325,0.8053097345132744,0.8729016786570744
