,accuracy,epoch,lag,precision_0,recall_0,f1_0
dataset_malaysian-telecom_25091_1_rrc04.csv,0.03319444444444444,80.0,20.0,0.025888609012034703,1.0,0.05047060428318101
dataset_malaysian-telecom_25091_5_rrc04.csv,0.3784722222222222,80.0,20.0,0.03969957081545064,1.0,0.07636738906088751
