,accuracy,epoch,lag,precision_0,recall_0,f1_0
dataset_code-red_513_1_rrc04.csv,0.9083520179372198,79.0,20.0,0.444636678200692,0.9771863117870723,0.6111771700356717
dataset_code-red_513_5_rrc04.csv,0.6888888888888889,79.0,20.0,0.19133574007220217,1.0,0.32121212121212117
dataset_code-red_6893_1_rrc04.csv,0.9659473094170403,79.0,20.0,0.8898071625344353,0.6140684410646388,0.7266591676040495
dataset_code-red_6893_5_rrc04.csv,0.9729166666666667,79.0,20.0,0.7723577235772358,0.8962264150943396,0.8296943231441049
