,accuracy,epoch,lag,precision_0,recall_0,f1_0
dataset_moscow_blackout_1853_1_rrc05.csv,0.5641666666666667,86.0,20.0,0.05140610825521621,0.9941520467836257,0.09775733179988498
dataset_moscow_blackout_1853_5_rrc05.csv,0.7006944444444444,86.0,20.0,0.06387665198237885,0.8285714285714286,0.11860940695296522
dataset_moscow_blackout_12793_1_rrc05.csv,0.9925,86.0,20.0,0.8095238095238095,0.8947368421052632,0.8500000000000001
dataset_moscow_blackout_12793_5_rrc05.csv,0.9597222222222223,86.0,20.0,0.35443037974683544,0.8,0.4912280701754386
