,accuracy,epoch,lag,precision_0,recall_0,f1_0
dataset_japan-earthquake_2497_1_rrc06.csv,0.9844444444444445,76.0,20.0,0.7811860940695297,0.9870801033591732,0.8721461187214612
dataset_japan-earthquake_2497_5_rrc06.csv,0.8930555555555556,76.0,20.0,0.3333333333333333,1.0,0.5
dataset_japan-earthquake_10026_1_rv-sydney.csv,0.9852777777777778,76.0,20.0,0.8190255220417634,0.926509186351706,0.8694581280788177
