,accuracy,epoch,lag,precision_0,recall_0,f1_0
dataset_aws-leak_15547_1_rrc04.csv,0.09930555555555555,69.0,20.0,0.010829774252593044,1.0,0.021427493586841706
dataset_aws-leak_15547_5_rrc04.csv,0.02361111111111111,69.0,20.0,0.01055594651653765,1.0,0.020891364902506964
dataset_aws-leak_34781_1_rrc04.csv,0.9656944444444444,69.0,20.0,0.22151898734177214,0.9859154929577465,0.3617571059431524
dataset_aws-leak_34781_5_rrc04.csv,0.95,69.0,20.0,0.1724137931034483,1.0,0.29411764705882354
