,accuracy,epoch,lag,precision_0,recall_0,f1_0
dataset_code-red_513_1_rrc04.csv,0.29932735426008966,70.0,20.0,0.09518639160332971,1.0,0.17382683410442828
dataset_code-red_513_5_rrc04.csv,0.34930555555555554,70.0,20.0,0.10162991371045062,1.0,0.18450826805918188
dataset_code-red_6893_1_rrc04.csv,0.9524943946188341,70.0,20.0,0.6111771700356718,0.9771863117870723,0.7520117044623262
dataset_code-red_6893_5_rrc04.csv,0.8770833333333333,70.0,20.0,0.3745583038869258,1.0,0.5449871465295629
