,accuracy,epoch,lag,precision_0,recall_0,f1_0
dataset_nimda_513_1_rrc04.csv,0.6580882352941176,78.0,20.0,1.0,0.0002828854314002829,0.0005656108597285067
dataset_nimda_513_5_rrc04.csv,0.65478515625,78.0,20.0,0.0,0.0,0.0
dataset_nimda_559_1_rrc04.csv,0.6674729102167183,78.0,20.0,0.9224137931034483,0.03026874115983027,0.05861407833470282
dataset_nimda_559_5_rrc04.csv,0.8046875,78.0,20.0,0.9028871391076115,0.48656294200848654,0.6323529411764706
dataset_nimda_6893_1_rrc04.csv,0.659732972136223,78.0,20.0,1.0,0.005091937765205092,0.010132282578103013
dataset_nimda_6893_5_rrc04.csv,0.65478515625,78.0,20.0,0.0,0.0,0.0
