,accuracy,epoch,lag,precision_0,recall_0,f1_0
dataset_slammer_513_1_rrc04.csv,0.9325,54.0,20.0,0.945983379501385,0.6044247787610619,0.7375809935205183
dataset_slammer_513_5_rrc04.csv,0.9527777777777777,54.0,20.0,0.8872549019607843,0.8008849557522124,0.8418604651162791
dataset_slammer_559_1_rrc04.csv,0.30416666666666664,54.0,20.0,0.18403908794788273,1.0,0.3108665749656121
dataset_slammer_559_5_rrc04.csv,0.5576388888888889,54.0,20.0,0.2613240418118467,0.995575221238938,0.4139834406623735
dataset_slammer_6893_1_rrc04.csv,0.9354166666666667,54.0,20.0,0.934640522875817,0.6327433628318584,0.7546174142480211
dataset_slammer_6893_5_rrc04.csv,0.9652777777777778,54.0,20.0,0.9680851063829787,0.8053097345132744,0.8792270531400965
