,accuracy,epoch,lag,precision_0,recall_0,f1_0
dataset_code-red_513_1_rrc04.csv,0.18231502242152467,42.0,20.0,0.08269140072315674,1.0,0.15275156091186293
dataset_code-red_513_5_rrc04.csv,0.32222222222222224,42.0,20.0,0.09796672828096119,1.0,0.17845117845117847
dataset_code-red_6893_1_rrc04.csv,0.8930773542600897,42.0,20.0,0.40587768069896746,0.9714828897338403,0.5725490196078431
dataset_code-red_6893_5_rrc04.csv,0.8840277777777777,42.0,20.0,0.3882783882783883,1.0,0.5593667546174143
