,accuracy,epoch,lag,precision_0,recall_0,f1_0
dataset_as9121_13237_1_rrc05.csv,0.5941666666666666,91.0,20.0,0.026324558480506497,1.0,0.051298701298701295
dataset_as9121_13237_5_rrc05.csv,0.8354166666666667,91.0,20.0,0.06324110671936758,1.0,0.11895910780669143
