,accuracy,epoch,lag,precision_0,recall_0,f1_0
dataset_malaysian-telecom_25091_1_rrc04.csv,0.04402777777777778,53.0,20.0,0.026174306734578382,1.0,0.0510133737763684
dataset_malaysian-telecom_25091_5_rrc04.csv,0.25416666666666665,53.0,20.0,0.0333033303330333,1.0,0.06445993031358885
