,accuracy,epoch,lag,precision_0,recall_0,f1_0
dataset_aws-leak_15547_1_rrc04.csv,0.05597222222222222,49.0,20.0,0.010337798485730926,1.0,0.020464043810347315
dataset_aws-leak_15547_5_rrc04.csv,0.022222222222222223,49.0,20.0,0.010541110330288124,1.0,0.02086230876216968
dataset_aws-leak_34781_1_rrc04.csv,0.9486111111111111,49.0,20.0,0.16099773242630386,1.0,0.27734375
dataset_aws-leak_34781_5_rrc04.csv,0.9527777777777777,49.0,20.0,0.18072289156626506,1.0,0.30612244897959184
