,accuracy,epoch,lag,precision_0,recall_0,f1_0
dataset_japan-earthquake_2497_1_rrc06.csv,0.4477777777777778,74.0,20.0,0.08870043548017419,1.0,0.16294736842105262
dataset_japan-earthquake_2497_5_rrc06.csv,0.39444444444444443,74.0,20.0,0.08113804004214963,1.0,0.15009746588693956
dataset_japan-earthquake_10026_1_rv-sydney.csv,0.8258333333333333,74.0,20.0,0.23270055113288426,0.9973753280839895,0.37735849056603776
