,accuracy,epoch,lag,precision_0,recall_0,f1_0
dataset_as9121_13237_1_rrc05.csv,0.965,71.0,20.0,0.23219814241486067,0.9493670886075949,0.3731343283582089
dataset_as9121_13237_5_rrc05.csv,0.9381944444444444,71.0,20.0,0.13131313131313133,0.8125,0.22608695652173916
