,accuracy,epoch,lag,precision_0,recall_0,f1_0
dataset_slammer_513_1_rrc04.csv,0.9393055555555555,59.0,20.0,0.8063660477453581,0.8070796460176991,0.8067226890756302
dataset_slammer_513_5_rrc04.csv,0.9701388888888889,59.0,20.0,0.8893617021276595,0.9247787610619469,0.9067245119305858
dataset_slammer_559_1_rrc04.csv,0.20958333333333334,59.0,20.0,0.16566485852514293,1.0,0.28424097597786435
dataset_slammer_559_5_rrc04.csv,0.5125,59.0,20.0,0.24298056155507558,0.995575221238938,0.39062499999999994
dataset_slammer_6893_1_rrc04.csv,0.8930555555555556,59.0,20.0,0.6176470588235294,0.8362831858407079,0.7105263157894737
dataset_slammer_6893_5_rrc04.csv,0.9541666666666667,59.0,20.0,0.8703703703703703,0.831858407079646,0.8506787330316742
