,accuracy,epoch,lag,precision_0,recall_0,f1_0
dataset_code-red_513_1_rrc04.csv,0.9445067264573991,19.0,20.0,0.5897790055248618,0.811787072243346,0.6832
dataset_code-red_513_5_rrc04.csv,0.8930555555555556,19.0,20.0,0.37628865979381443,0.6886792452830188,0.4866666666666666
dataset_code-red_6893_1_rrc04.csv,0.9262892376681614,19.0,20.0,0.0,0.0,0.0
dataset_code-red_6893_5_rrc04.csv,0.9263888888888889,19.0,20.0,0.0,0.0,0.0
