,accuracy,epoch,lag,precision_0,recall_0,f1_0
dataset_moscow_blackout_1853_1_rrc05.csv,0.9359722222222222,82.0,20.0,0.2429078014184397,0.8011695906432749,0.3727891156462585
dataset_moscow_blackout_1853_5_rrc05.csv,0.8791666666666667,82.0,20.0,0.13612565445026178,0.7428571428571429,0.23008849557522126
dataset_moscow_blackout_12793_1_rrc05.csv,0.9930555555555556,82.0,20.0,0.8342541436464088,0.8830409356725146,0.8579545454545455
dataset_moscow_blackout_12793_5_rrc05.csv,0.9666666666666667,82.0,20.0,0.4,0.7428571428571429,0.52
