,accuracy,epoch,lag,precision_0,recall_0,f1_0
dataset_malaysian-telecom_25091_1_rrc04.csv,0.029583333333333333,56.0,20.0,0.025794757389849415,1.0,0.0502922386842463
dataset_malaysian-telecom_25091_5_rrc04.csv,0.1361111111111111,56.0,20.0,0.02888368462138954,1.0,0.05614567526555387
