,accuracy,epoch,lag,precision_0,recall_0,f1_0
dataset_as9121_13237_1_rrc05.csv,0.7641666666666667,81.0,20.0,0.04445694991558807,1.0,0.0851293103448276
dataset_as9121_13237_5_rrc05.csv,0.8743055555555556,81.0,20.0,0.07692307692307693,0.9375,0.14218009478672988
