,accuracy,epoch,lag,precision_0,recall_0,f1_0
dataset_aws-leak_15547_1_rrc04.csv,0.9915277777777778,6.0,20.0,0.5531914893617021,0.7323943661971831,0.6303030303030304
dataset_aws-leak_15547_5_rrc04.csv,0.9729166666666667,6.0,20.0,0.0,0.0,0.0
dataset_aws-leak_34781_1_rrc04.csv,0.9944444444444445,6.0,20.0,0.6962025316455697,0.7746478873239436,0.7333333333333333
dataset_aws-leak_34781_5_rrc04.csv,0.9763888888888889,6.0,20.0,0.0,0.0,0.0
