,accuracy,epoch,lag,precision_0,recall_0,f1_0
dataset_japan-earthquake_2497_1_rrc06.csv,0.3190277777777778,48.0,20.0,0.07315689981096409,1.0,0.1363396159943632
dataset_japan-earthquake_2497_5_rrc06.csv,0.2777777777777778,48.0,20.0,0.06893464637421665,1.0,0.12897822445561138
dataset_japan-earthquake_10026_1_rv-sydney.csv,0.6433333333333333,48.0,20.0,0.12894468951476076,0.9973753280839895,0.2283653846153846
