,accuracy,epoch,lag,precision_0,recall_0,f1_0
dataset_as9121_13237_1_rrc05.csv,0.9725,23.0,20.0,0.27547169811320754,0.9240506329113924,0.4244186046511628
dataset_as9121_13237_5_rrc05.csv,0.9569444444444445,23.0,20.0,0.15151515151515152,0.625,0.24390243902439024
