,accuracy,epoch,lag,precision_0,recall_0,f1_0
dataset_slammer_513_1_rrc04.csv,0.9059722222222222,75.0,20.0,0.9502982107355865,0.4230088495575221,0.5854255970606246
dataset_slammer_513_5_rrc04.csv,0.9361111111111111,75.0,20.0,0.8850574712643678,0.6814159292035398,0.77
dataset_slammer_559_1_rrc04.csv,0.4926388888888889,75.0,20.0,0.2362533974492996,1.0,0.38220869271097585
dataset_slammer_559_5_rrc04.csv,0.6236111111111111,75.0,20.0,0.2931937172774869,0.9911504424778761,0.4525252525252525
dataset_slammer_6893_1_rrc04.csv,0.9279166666666666,75.0,20.0,0.9370529327610873,0.5796460176991151,0.7162383816293056
dataset_slammer_6893_5_rrc04.csv,0.9625,75.0,20.0,0.9831460674157303,0.7743362831858407,0.8663366336633663
