,accuracy,epoch,lag,precision_0,recall_0,f1_0
dataset_as9121_13237_1_rrc05.csv,0.9527777777777777,74.0,20.0,0.1855421686746988,0.9746835443037974,0.3117408906882591
dataset_as9121_13237_5_rrc05.csv,0.9111111111111111,74.0,20.0,0.1,0.875,0.17948717948717952
