,accuracy,epoch,lag,precision_0,recall_0,f1_0
dataset_moscow_blackout_1853_1_rrc05.csv,0.9354166666666667,85.0,20.0,0.2393617021276596,0.7894736842105263,0.3673469387755102
dataset_moscow_blackout_1853_5_rrc05.csv,0.8743055555555556,85.0,20.0,0.135,0.7714285714285715,0.2297872340425532
dataset_moscow_blackout_12793_1_rrc05.csv,0.9931944444444445,85.0,20.0,0.8388888888888889,0.8830409356725146,0.8603988603988604
dataset_moscow_blackout_12793_5_rrc05.csv,0.9673611111111111,85.0,20.0,0.40625,0.7428571428571429,0.5252525252525253
