,accuracy,epoch,lag,precision_0,recall_0,f1_0
dataset_japan-earthquake_2497_1_rrc06.csv,0.87375,99.0,20.0,0.2986111111111111,1.0,0.4598930481283422
dataset_japan-earthquake_2497_5_rrc06.csv,0.7520833333333333,99.0,20.0,0.1774193548387097,1.0,0.3013698630136986
dataset_japan-earthquake_10026_1_rv-sydney.csv,0.9780555555555556,99.0,20.0,0.7190569744597249,0.9606299212598425,0.8224719101123595
