,accuracy,epoch,lag,precision_0,recall_0,f1_0
dataset_slammer_513_1_rrc04.csv,0.9379166666666666,83.0,20.0,0.9129383313180169,0.668141592920354,0.7715891670924884
dataset_slammer_513_5_rrc04.csv,0.9534722222222223,83.0,20.0,0.8878048780487805,0.8053097345132744,0.8445475638051043
dataset_slammer_559_1_rrc04.csv,0.20569444444444446,83.0,20.0,0.16498758942911373,1.0,0.2832435142248402
dataset_slammer_559_5_rrc04.csv,0.4986111111111111,83.0,20.0,0.23784355179704017,0.995575221238938,0.3839590443686007
dataset_slammer_6893_1_rrc04.csv,0.9479166666666666,83.0,20.0,0.8733926805143423,0.7814159292035399,0.8248482017748717
dataset_slammer_6893_5_rrc04.csv,0.9548611111111112,83.0,20.0,0.8779342723004695,0.827433628318584,0.8519362186788155
