,accuracy,epoch,lag,precision_0,recall_0,f1_0
dataset_slammer_513_1_rrc04.csv,0.8948611111111111,12.0,20.0,0.8289241622574955,0.415929203539823,0.5539186800235709
dataset_slammer_513_5_rrc04.csv,0.8965277777777778,12.0,20.0,0.9325842696629213,0.3672566371681416,0.526984126984127
dataset_slammer_559_1_rrc04.csv,0.8929166666666667,12.0,20.0,0.9304556354916067,0.3433628318584071,0.5016160310277958
dataset_slammer_559_5_rrc04.csv,0.9236111111111112,12.0,20.0,1.0,0.5132743362831859,0.6783625730994153
dataset_slammer_6893_1_rrc04.csv,0.8836111111111111,12.0,20.0,0.8924731182795699,0.2938053097345133,0.4420772303595207
dataset_slammer_6893_5_rrc04.csv,0.8958333333333334,12.0,20.0,0.975,0.34513274336283184,0.5098039215686274
