,accuracy,epoch,lag,precision_0,recall_0,f1_0
dataset_moscow_blackout_1853_1_rrc05.csv,0.9540277777777778,96.0,20.0,0.3113207547169811,0.7719298245614035,0.44369747899159656
dataset_moscow_blackout_1853_5_rrc05.csv,0.9041666666666667,96.0,20.0,0.16774193548387098,0.7428571428571429,0.2736842105263158
dataset_moscow_blackout_12793_1_rrc05.csv,0.99375,96.0,20.0,0.8620689655172413,0.8771929824561403,0.8695652173913043
dataset_moscow_blackout_12793_5_rrc05.csv,0.9694444444444444,96.0,20.0,0.423728813559322,0.7142857142857143,0.5319148936170213
