,accuracy,epoch,lag,precision_0,recall_0,f1_0
dataset_as9121_13237_1_rrc05.csv,0.9448611111111112,26.0,20.0,0.16025641025641027,0.9493670886075949,0.2742230347349177
dataset_as9121_13237_5_rrc05.csv,0.9173611111111111,26.0,20.0,0.09448818897637795,0.75,0.1678321678321678
