,accuracy,epoch,lag,precision_0,recall_0,f1_0
dataset_japan-earthquake_2497_1_rrc06.csv,0.9106944444444445,53.0,20.0,0.3757281553398058,1.0,0.5462244177840508
dataset_japan-earthquake_2497_5_rrc06.csv,0.6770833333333334,53.0,20.0,0.14206642066420663,1.0,0.24878836833602583
dataset_japan-earthquake_10026_1_rv-sydney.csv,0.9811111111111112,53.0,20.0,0.7515400410677618,0.9606299212598425,0.8433179723502304
