,accuracy,epoch,lag,precision_0,recall_0,f1_0
dataset_code-red_513_1_rrc04.csv,0.49705717488789236,97.0,20.0,0.12782503037667073,1.0,0.2266752854988149
dataset_code-red_513_5_rrc04.csv,0.4638888888888889,97.0,20.0,0.12072892938496584,1.0,0.21544715447154472
dataset_code-red_6893_1_rrc04.csv,0.9736547085201793,97.0,20.0,0.7545180722891566,0.9524714828897338,0.842016806722689
dataset_code-red_6893_5_rrc04.csv,0.95625,97.0,20.0,0.6272189349112426,1.0,0.7709090909090909
