,accuracy,epoch,lag,precision_0,recall_0,f1_0
dataset_code-red_513_1_rrc04.csv,0.9645459641255605,56.0,20.0,0.8353808353808354,0.6463878326996197,0.7288317256162916
dataset_code-red_513_5_rrc04.csv,0.9256944444444445,56.0,20.0,0.4972067039106145,0.839622641509434,0.624561403508772
dataset_code-red_6893_1_rrc04.csv,0.9262892376681614,56.0,20.0,0.0,0.0,0.0
dataset_code-red_6893_5_rrc04.csv,0.9548611111111112,56.0,20.0,1.0,0.3867924528301887,0.5578231292517007
