,accuracy,epoch,lag,precision_0,recall_0,f1_0
dataset_as9121_13237_1_rrc05.csv,0.9615277777777778,59.0,20.0,0.21551724137931033,0.9493670886075949,0.351288056206089
dataset_as9121_13237_5_rrc05.csv,0.9319444444444445,59.0,20.0,0.12037037037037036,0.8125,0.2096774193548387
