,accuracy,epoch,lag,precision_0,recall_0,f1_0
dataset_as9121_13237_1_rrc05.csv,0.9786111111111111,20.0,20.0,0.32558139534883723,0.8860759493670886,0.4761904761904762
dataset_as9121_13237_5_rrc05.csv,0.9701388888888889,20.0,20.0,0.2,0.5625,0.2950819672131148
