,accuracy,epoch,lag,precision_0,recall_0,f1_0
dataset_moscow_blackout_1853_1_rrc05.csv,0.9768055555555556,18.0,20.0,1.0,0.023391812865497075,0.045714285714285714
dataset_moscow_blackout_1853_5_rrc05.csv,0.9756944444444444,18.0,20.0,0.0,0.0,0.0
dataset_moscow_blackout_12793_1_rrc05.csv,0.9916666666666667,18.0,20.0,0.8992805755395683,0.7309941520467836,0.8064516129032258
dataset_moscow_blackout_12793_5_rrc05.csv,0.9763888888888889,18.0,20.0,0.5121951219512195,0.6,0.5526315789473684
