,accuracy,epoch,lag,precision_0,recall_0,f1_0
dataset_malaysian-telecom_25091_1_rrc04.csv,0.03,70.0,20.0,0.025805551680848096,1.0,0.05031275496328528
dataset_malaysian-telecom_25091_5_rrc04.csv,0.21666666666666667,70.0,20.0,0.03175965665236052,1.0,0.06156405990016639
