,accuracy,epoch,lag,precision_0,recall_0,f1_0
dataset_moscow_blackout_1853_1_rrc05.csv,0.9541666666666667,42.0,20.0,0.33192389006342493,0.9181286549707602,0.4875776397515528
dataset_moscow_blackout_1853_5_rrc05.csv,0.9069444444444444,42.0,20.0,0.17218543046357615,0.7428571428571429,0.27956989247311825
dataset_moscow_blackout_12793_1_rrc05.csv,0.9918055555555556,42.0,20.0,0.8010752688172043,0.8713450292397661,0.8347338935574229
dataset_moscow_blackout_12793_5_rrc05.csv,0.9583333333333334,42.0,20.0,0.3333333333333333,0.7142857142857143,0.4545454545454545
