,accuracy,epoch,lag,precision_0,recall_0,f1_0
dataset_japan-earthquake_2497_1_rrc06.csv,0.9911111111111112,17.0,20.0,0.8662131519274376,0.9870801033591732,0.9227053140096618
dataset_japan-earthquake_2497_5_rrc06.csv,0.9513888888888888,17.0,20.0,0.5255474452554745,0.935064935064935,0.6728971962616822
dataset_japan-earthquake_10026_1_rv-sydney.csv,0.9815277777777778,17.0,20.0,0.8803680981595092,0.7532808398950132,0.8118811881188119
