,accuracy,epoch,lag,precision_0,recall_0,f1_0
dataset_japan-earthquake_2497_1_rrc06.csv,0.94625,7.0,20.0,0.5,0.03359173126614987,0.06295399515738499
dataset_japan-earthquake_2497_5_rrc06.csv,0.9576388888888889,7.0,20.0,0.7222222222222222,0.33766233766233766,0.46017699115044247
dataset_japan-earthquake_10026_1_rv-sydney.csv,0.9525,7.0,20.0,0.8979591836734694,0.11548556430446194,0.20465116279069767
