,accuracy,epoch,lag,precision_0,recall_0,f1_0
dataset_code-red_513_1_rrc04.csv,0.9487107623318386,37.0,20.0,0.6072386058981233,0.8612167300380228,0.7122641509433962
dataset_code-red_513_5_rrc04.csv,0.9006944444444445,37.0,20.0,0.42323651452282157,0.9622641509433962,0.5878962536023055
dataset_code-red_6893_1_rrc04.csv,0.9372197309417041,37.0,20.0,1.0,0.1482889733840304,0.2582781456953642
dataset_code-red_6893_5_rrc04.csv,0.9576388888888889,37.0,20.0,0.7922077922077922,0.5754716981132075,0.6666666666666667
