,accuracy,epoch,lag,precision_0,recall_0,f1_0
dataset_malaysian-telecom_25091_1_rrc04.csv,0.9926388888888888,11.0,20.0,0.8402061855670103,0.8810810810810811,0.8601583113456465
dataset_malaysian-telecom_25091_5_rrc04.csv,0.9701388888888889,11.0,20.0,0.44,0.5945945945945946,0.5057471264367815
