,accuracy,epoch,lag,precision_0,recall_0,f1_0
dataset_aws-leak_15547_1_rrc04.csv,0.3784722222222222,65.0,20.0,0.015618125824901012,1.0,0.030755902100931338
dataset_aws-leak_15547_5_rrc04.csv,0.027777777777777776,65.0,20.0,0.01060070671378092,1.0,0.02097902097902098
dataset_aws-leak_34781_1_rrc04.csv,0.9854166666666667,65.0,20.0,0.40229885057471265,0.9859154929577465,0.5714285714285714
dataset_aws-leak_34781_5_rrc04.csv,0.9611111111111111,65.0,20.0,0.2028985507246377,0.9333333333333333,0.33333333333333337
