,accuracy,epoch,lag,precision_0,recall_0,f1_0
dataset_moscow_blackout_1853_1_rrc05.csv,0.7072222222222222,90.0,20.0,0.07164971251658558,0.9473684210526315,0.13322368421052633
dataset_moscow_blackout_1853_5_rrc05.csv,0.76875,90.0,20.0,0.07909604519774012,0.8,0.14395886889460155
dataset_moscow_blackout_12793_1_rrc05.csv,0.9930555555555556,90.0,20.0,0.8306010928961749,0.8888888888888888,0.8587570621468926
dataset_moscow_blackout_12793_5_rrc05.csv,0.9673611111111111,90.0,20.0,0.4090909090909091,0.7714285714285715,0.5346534653465347
