,accuracy,epoch,lag,precision_0,recall_0,f1_0
dataset_code-red_513_1_rrc04.csv,0.781109865470852,34.0,20.0,0.25191570881226055,1.0,0.4024483550114767
dataset_code-red_513_5_rrc04.csv,0.8027777777777778,34.0,20.0,0.2717948717948718,1.0,0.4274193548387097
dataset_code-red_6893_1_rrc04.csv,0.9791199551569507,34.0,20.0,0.8886597938144329,0.8193916349809885,0.8526211671612264
dataset_code-red_6893_5_rrc04.csv,0.96875,34.0,20.0,0.7293233082706767,0.9150943396226415,0.811715481171548
