,accuracy,epoch,lag,precision_0,recall_0,f1_0
dataset_code-red_513_1_rrc04.csv,0.9662275784753364,73.0,20.0,0.764378478664193,0.7832699619771863,0.7737089201877935
dataset_code-red_513_5_rrc04.csv,0.9090277777777778,73.0,20.0,0.44635193133047213,0.9811320754716981,0.6135693215339234
dataset_code-red_6893_1_rrc04.csv,0.9316143497757847,73.0,20.0,1.0,0.07224334600760456,0.13475177304964536
dataset_code-red_6893_5_rrc04.csv,0.9583333333333334,73.0,20.0,0.8026315789473685,0.5754716981132075,0.6703296703296703
