,accuracy,epoch,lag,precision_0,recall_0,f1_0
dataset_slammer_513_1_rrc04.csv,0.7541666666666667,17.0,20.0,0.38865692414752956,0.988495575221239,0.557942057942058
dataset_slammer_513_5_rrc04.csv,0.9506944444444444,17.0,20.0,0.9936305732484076,0.6902654867256637,0.814621409921671
dataset_slammer_559_1_rrc04.csv,0.9288888888888889,17.0,20.0,0.8911392405063291,0.6230088495575221,0.7333333333333334
dataset_slammer_559_5_rrc04.csv,0.9666666666666667,17.0,20.0,1.0,0.7876106194690266,0.8811881188118811
dataset_slammer_6893_1_rrc04.csv,0.94125,17.0,20.0,0.9491740787801779,0.6610619469026549,0.7793427230046949
dataset_slammer_6893_5_rrc04.csv,0.9354166666666667,17.0,20.0,1.0,0.588495575221239,0.7409470752089136
