,accuracy,epoch,lag,precision_0,recall_0,f1_0
dataset_nimda_513_1_rrc04.csv,0.6584752321981424,68.0,20.0,1.0,0.0014144271570014145,0.0028248587570621473
dataset_nimda_513_5_rrc04.csv,0.65625,68.0,20.0,1.0,0.004243281471004243,0.008450704225352112
dataset_nimda_559_1_rrc04.csv,0.6755998452012384,68.0,20.0,0.946078431372549,0.0545968882602546,0.10323615940090934
dataset_nimda_559_5_rrc04.csv,0.8173828125,68.0,20.0,0.8973747016706444,0.5318246110325319,0.6678507992895204
dataset_nimda_6893_1_rrc04.csv,0.6601199690402477,68.0,20.0,1.0,0.006223479490806223,0.012369974697779026
dataset_nimda_6893_5_rrc04.csv,0.6552734375,68.0,20.0,1.0,0.0014144271570014145,0.0028248587570621473
