,accuracy,epoch,lag,precision_0,recall_0,f1_0
dataset_nimda_513_1_rrc04.csv,0.6584752321981424,62.0,20.0,1.0,0.0014144271570014145,0.0028248587570621473
dataset_nimda_513_5_rrc04.csv,0.6591796875,62.0,20.0,1.0,0.01272984441301273,0.02513966480446927
dataset_nimda_559_1_rrc04.csv,0.6766640866873065,62.0,20.0,0.9488372093023256,0.05770862800565771,0.10879999999999998
dataset_nimda_559_5_rrc04.csv,0.8212890625,62.0,20.0,0.8974358974358975,0.5445544554455446,0.6778169014084507
dataset_nimda_6893_1_rrc04.csv,0.6599264705882353,62.0,20.0,1.0,0.005657708628005658,0.011251758087201125
dataset_nimda_6893_5_rrc04.csv,0.65478515625,62.0,20.0,0.0,0.0,0.0
