,accuracy,epoch,lag,precision_0,recall_0,f1_0
dataset_japan-earthquake_2497_1_rrc06.csv,0.8693055555555556,66.0,20.0,0.2914156626506024,1.0,0.4513119533527697
dataset_japan-earthquake_2497_5_rrc06.csv,0.6527777777777778,66.0,20.0,0.13344887348353554,1.0,0.23547400611620797
dataset_japan-earthquake_10026_1_rv-sydney.csv,0.9736111111111111,66.0,20.0,0.6752293577981652,0.9658792650918635,0.7948164146868251
