,accuracy,epoch,lag,precision_0,recall_0,f1_0
dataset_malaysian-telecom_25091_1_rrc04.csv,0.030416666666666668,72.0,20.0,0.025816355009768352,1.0,0.050333287988028844
dataset_malaysian-telecom_25091_5_rrc04.csv,0.26180555555555557,72.0,20.0,0.03363636363636364,1.0,0.06508355321020229
