,accuracy,epoch,lag,precision_0,recall_0,f1_0
dataset_aws-leak_15547_1_rrc04.csv,0.08513888888888889,50.0,20.0,0.010663863021928507,1.0,0.021102689849903402
dataset_aws-leak_15547_5_rrc04.csv,0.022916666666666665,50.0,20.0,0.010548523206751054,1.0,0.020876826722338204
dataset_aws-leak_34781_1_rrc04.csv,0.97375,50.0,20.0,0.2713178294573643,0.9859154929577465,0.42553191489361697
dataset_aws-leak_34781_5_rrc04.csv,0.9583333333333334,50.0,20.0,0.2,1.0,0.33333333333333337
