,accuracy,epoch,lag,precision_0,recall_0,f1_0
dataset_moscow_blackout_1853_1_rrc05.csv,0.9525,95.0,20.0,0.30434782608695654,0.7777777777777778,0.43750000000000006
dataset_moscow_blackout_1853_5_rrc05.csv,0.8958333333333334,95.0,20.0,0.15568862275449102,0.7428571428571429,0.25742574257425743
dataset_moscow_blackout_12793_1_rrc05.csv,0.9934722222222222,95.0,20.0,0.8522727272727273,0.8771929824561403,0.8645533141210374
dataset_moscow_blackout_12793_5_rrc05.csv,0.9694444444444444,95.0,20.0,0.4262295081967213,0.7428571428571429,0.5416666666666666
