,accuracy,epoch,lag,precision_0,recall_0,f1_0
dataset_slammer_513_1_rrc04.csv,0.5698611111111112,61.0,20.0,0.2667773298553474,0.995575221238938,0.42079670843463624
dataset_slammer_513_5_rrc04.csv,0.95,61.0,20.0,0.7655172413793103,0.9823008849557522,0.8604651162790697
dataset_slammer_559_1_rrc04.csv,0.16541666666666666,61.0,20.0,0.15828547415604427,1.0,0.2733099528358931
dataset_slammer_559_5_rrc04.csv,0.44027777777777777,61.0,20.0,0.2189922480620155,1.0,0.3593004769475358
dataset_slammer_6893_1_rrc04.csv,0.4018055555555556,61.0,20.0,0.20729684908789386,0.995575221238938,0.3431447308220223
dataset_slammer_6893_5_rrc04.csv,0.93125,61.0,20.0,0.7152542372881356,0.9336283185840708,0.8099808061420346
