,accuracy,epoch,lag,precision_0,recall_0,f1_0
dataset_malaysian-telecom_25091_1_rrc04.csv,0.05652777777777778,23.0,20.0,0.02651189452565205,1.0,0.05165433477593188
dataset_malaysian-telecom_25091_5_rrc04.csv,0.4041666666666667,23.0,20.0,0.041340782122905026,1.0,0.07939914163090128
