,accuracy,epoch,lag,precision_0,recall_0,f1_0
dataset_slammer_513_1_rrc04.csv,0.9361111111111111,38.0,20.0,0.9705056179775281,0.6115044247787611,0.7502714440825191
dataset_slammer_513_5_rrc04.csv,0.9534722222222223,38.0,20.0,0.9076923076923077,0.7831858407079646,0.8408551068883611
dataset_slammer_559_1_rrc04.csv,0.6151388888888889,38.0,20.0,0.28549019607843135,0.9663716814159292,0.44076690211907155
dataset_slammer_559_5_rrc04.csv,0.8506944444444444,38.0,20.0,0.5125858123569794,0.9911504424778761,0.6757164404223228
dataset_slammer_6893_1_rrc04.csv,0.9347222222222222,38.0,20.0,0.9700854700854701,0.6026548672566372,0.7434497816593887
dataset_slammer_6893_5_rrc04.csv,0.9611111111111111,38.0,20.0,0.9885057471264368,0.7610619469026548,0.86
