,accuracy,epoch,lag,precision_0,recall_0,f1_0
dataset_malaysian-telecom_25091_1_rrc04.csv,0.09847222222222222,59.0,20.0,0.027711204313960455,1.0,0.053927998833989216
dataset_malaysian-telecom_25091_5_rrc04.csv,0.4777777777777778,59.0,20.0,0.046894803548795945,1.0,0.08958837772397095
