,accuracy,epoch,lag,precision_0,recall_0,f1_0
dataset_moscow_blackout_1853_1_rrc05.csv,0.9691666666666666,34.0,20.0,0.4185303514376997,0.7660818713450293,0.5413223140495868
dataset_moscow_blackout_1853_5_rrc05.csv,0.9375,34.0,20.0,0.22772277227722773,0.6571428571428571,0.3382352941176471
dataset_moscow_blackout_12793_1_rrc05.csv,0.9913888888888889,34.0,20.0,0.7978142076502732,0.8538011695906432,0.824858757062147
dataset_moscow_blackout_12793_5_rrc05.csv,0.9576388888888889,34.0,20.0,0.32432432432432434,0.6857142857142857,0.44036697247706424
