,accuracy,epoch,lag,precision_0,recall_0,f1_0
dataset_code-red_513_1_rrc04.csv,0.11463004484304933,63.0,20.0,0.07685563997662186,1.0,0.14274084124830394
dataset_code-red_513_5_rrc04.csv,0.13541666666666666,63.0,20.0,0.07846039970392302,1.0,0.1455044612216884
dataset_code-red_6893_1_rrc04.csv,0.5046244394618834,63.0,20.0,0.12952474759911353,1.0,0.22934379768912147
dataset_code-red_6893_5_rrc04.csv,0.61875,63.0,20.0,0.1618320610687023,1.0,0.27858081471747703
