,accuracy,epoch,lag,precision_0,recall_0,f1_0
dataset_as9121_13237_1_rrc05.csv,0.9581944444444445,84.0,20.0,0.20320855614973263,0.9620253164556962,0.3355408388520972
dataset_as9121_13237_5_rrc05.csv,0.9284722222222223,84.0,20.0,0.11504424778761062,0.8125,0.20155038759689922
