,accuracy,epoch,lag,precision_0,recall_0,f1_0
dataset_code-red_513_1_rrc04.csv,0.1264013452914798,77.0,20.0,0.07781065088757397,1.0,0.14438649464726874
dataset_code-red_513_5_rrc04.csv,0.19305555555555556,77.0,20.0,0.083596214511041,1.0,0.15429403202328967
dataset_code-red_6893_1_rrc04.csv,0.5762331838565022,77.0,20.0,0.1479706877113867,0.9980988593155894,0.25773195876288657
dataset_code-red_6893_5_rrc04.csv,0.7125,77.0,20.0,0.20384615384615384,1.0,0.33865814696485624
