,accuracy,epoch,lag,precision_0,recall_0,f1_0
dataset_japan-earthquake_2497_1_rrc06.csv,0.97125,67.0,20.0,0.6530612244897959,0.9922480620155039,0.7876923076923078
dataset_japan-earthquake_2497_5_rrc06.csv,0.8215277777777777,67.0,20.0,0.23053892215568864,1.0,0.3746958637469587
dataset_japan-earthquake_10026_1_rv-sydney.csv,0.9847222222222223,67.0,20.0,0.7952069716775599,0.958005249343832,0.8690476190476191
