,accuracy,epoch,lag,precision_0,recall_0,f1_0
dataset_malaysian-telecom_25091_1_rrc04.csv,0.35333333333333333,69.0,20.0,0.03821524478413551,1.0,0.07361719060883407
dataset_malaysian-telecom_25091_5_rrc04.csv,0.7513888888888889,69.0,20.0,0.09367088607594937,1.0,0.17129629629629628
