,accuracy,epoch,lag,precision_0,recall_0,f1_0
dataset_nimda_513_1_rrc04.csv,0.6582817337461301,93.0,20.0,1.0,0.0008486562942008486,0.0016958733747880156
dataset_nimda_513_5_rrc04.csv,0.6552734375,93.0,20.0,1.0,0.0014144271570014145,0.0028248587570621473
dataset_nimda_559_1_rrc04.csv,0.6860487616099071,93.0,20.0,0.9559748427672956,0.085997171145686,0.15779911757072415
dataset_nimda_559_5_rrc04.csv,0.81591796875,93.0,20.0,0.8618421052631579,0.5558698727015559,0.6758383490971624
dataset_nimda_6893_1_rrc04.csv,0.66031346749226,93.0,20.0,1.0,0.006789250353606789,0.013486934532171957
dataset_nimda_6893_5_rrc04.csv,0.6552734375,93.0,20.0,1.0,0.0014144271570014145,0.0028248587570621473
