,accuracy,epoch,lag,precision_0,recall_0,f1_0
dataset_as9121_13237_1_rrc05.csv,0.9595833333333333,61.0,20.0,0.20718232044198895,0.9493670886075949,0.3401360544217687
dataset_as9121_13237_5_rrc05.csv,0.9222222222222223,61.0,20.0,0.10655737704918032,0.8125,0.18840579710144925
