,accuracy,epoch,lag,precision_0,recall_0,f1_0
dataset_moscow_blackout_1853_1_rrc05.csv,0.15180555555555555,33.0,20.0,0.0272379738770309,1.0,0.05303147774848813
dataset_moscow_blackout_1853_5_rrc05.csv,0.525,33.0,20.0,0.048678720445062586,1.0,0.09283819628647215
dataset_moscow_blackout_12793_1_rrc05.csv,0.98375,33.0,20.0,0.6062992125984252,0.9005847953216374,0.7247058823529411
dataset_moscow_blackout_12793_5_rrc05.csv,0.7375,33.0,20.0,0.07231920199501247,0.8285714285714286,0.13302752293577982
