,accuracy,epoch,lag,precision_0,recall_0,f1_0
dataset_nimda_513_1_rrc04.csv,0.6579914860681114,31.0,20.0,0.0,0.0,0.0
dataset_nimda_513_5_rrc04.csv,0.65478515625,31.0,20.0,0.0,0.0,0.0
dataset_nimda_559_1_rrc04.csv,0.6580882352941176,31.0,20.0,1.0,0.0002828854314002829,0.0005656108597285067
dataset_nimda_559_5_rrc04.csv,0.6982421875,31.0,20.0,1.0,0.12588401697312587,0.22361809045226128
dataset_nimda_6893_1_rrc04.csv,0.658765479876161,31.0,20.0,1.0,0.002263083451202263,0.004515946937623482
dataset_nimda_6893_5_rrc04.csv,0.65478515625,31.0,20.0,0.0,0.0,0.0
