,accuracy,epoch,lag,precision_0,recall_0,f1_0
dataset_japan-earthquake_2497_1_rrc06.csv,0.9909722222222223,60.0,20.0,0.867579908675799,0.9819121447028424,0.9212121212121211
dataset_japan-earthquake_2497_5_rrc06.csv,0.9361111111111111,60.0,20.0,0.4556213017751479,1.0,0.6260162601626017
dataset_japan-earthquake_10026_1_rv-sydney.csv,0.9880555555555556,60.0,20.0,0.8624078624078624,0.9212598425196851,0.8908629441624366
