,accuracy,epoch,lag,precision_0,recall_0,f1_0
dataset_code-red_513_1_rrc04.csv,0.9324551569506726,25.0,20.0,0.5222222222222223,0.9828897338403042,0.6820580474934038
dataset_code-red_513_5_rrc04.csv,0.9041666666666667,25.0,20.0,0.4322033898305085,0.9622641509433962,0.5964912280701754
dataset_code-red_6893_1_rrc04.csv,0.9393217488789237,25.0,20.0,0.8907563025210085,0.20152091254752852,0.3286821705426357
dataset_code-red_6893_5_rrc04.csv,0.9673611111111111,25.0,20.0,0.8390804597701149,0.6886792452830188,0.7564766839378239
