,accuracy,epoch,lag,precision_0,recall_0,f1_0
dataset_japan-earthquake_2497_1_rrc06.csv,0.9793055555555555,45.0,20.0,0.7245283018867924,0.9922480620155039,0.8375136314067612
dataset_japan-earthquake_2497_5_rrc06.csv,0.8534722222222222,45.0,20.0,0.2673611111111111,1.0,0.42191780821917807
dataset_japan-earthquake_10026_1_rv-sydney.csv,0.98625,45.0,20.0,0.827906976744186,0.9343832020997376,0.8779284833538841
