,accuracy,epoch,lag,precision_0,recall_0,f1_0
dataset_japan-earthquake_2497_1_rrc06.csv,0.9925,63.0,20.0,0.9031476997578692,0.9638242894056848,0.9324999999999999
dataset_japan-earthquake_2497_5_rrc06.csv,0.9506944444444444,63.0,20.0,0.5202702702702703,1.0,0.6844444444444445
dataset_japan-earthquake_10026_1_rv-sydney.csv,0.9891666666666666,63.0,20.0,0.8796992481203008,0.9212598425196851,0.9
