,accuracy,epoch,lag,precision_0,recall_0,f1_0
dataset_malaysian-telecom_25091_1_rrc04.csv,0.028333333333333332,37.0,20.0,0.025762428631109873,1.0,0.050230790116752654
dataset_malaysian-telecom_25091_5_rrc04.csv,0.05694444444444444,37.0,20.0,0.026523297491039426,1.0,0.051675977653631286
