,accuracy,epoch,lag,precision_0,recall_0,f1_0
dataset_code-red_513_1_rrc04.csv,0.37920403587443946,94.0,20.0,0.10613397901533494,1.0,0.19190076614374318
dataset_code-red_513_5_rrc04.csv,0.49722222222222223,94.0,20.0,0.12771084337349398,1.0,0.2264957264957265
dataset_code-red_6893_1_rrc04.csv,0.9723934977578476,94.0,20.0,0.7408491947291361,0.9619771863117871,0.837055417700579
dataset_code-red_6893_5_rrc04.csv,0.9625,94.0,20.0,0.6625,1.0,0.7969924812030075
