,accuracy,epoch,lag,precision_0,recall_0,f1_0
dataset_japan-earthquake_2497_1_rrc06.csv,0.7136111111111111,93.0,20.0,0.15802368313597387,1.0,0.27291960507757407
dataset_japan-earthquake_2497_5_rrc06.csv,0.5875,93.0,20.0,0.11475409836065574,1.0,0.2058823529411765
dataset_japan-earthquake_10026_1_rv-sydney.csv,0.9533333333333334,93.0,20.0,0.5320056899004267,0.9816272965879265,0.6900369003690038
