,accuracy,epoch,lag,precision_0,recall_0,f1_0
dataset_nimda_513_1_rrc04.csv,0.6580882352941176,53.0,20.0,1.0,0.0002828854314002829,0.0005656108597285067
dataset_nimda_513_5_rrc04.csv,0.65478515625,53.0,20.0,0.0,0.0,0.0
dataset_nimda_559_1_rrc04.csv,0.6596362229102167,53.0,20.0,1.0,0.004809052333804809,0.00957207207207207
dataset_nimda_559_5_rrc04.csv,0.79248046875,53.0,20.0,0.9433962264150944,0.4243281471004243,0.5853658536585366
dataset_nimda_6893_1_rrc04.csv,0.6589589783281734,53.0,20.0,1.0,0.002828854314002829,0.005641748942172073
dataset_nimda_6893_5_rrc04.csv,0.65478515625,53.0,20.0,0.0,0.0,0.0
