,accuracy,epoch,lag,precision_0,recall_0,f1_0
dataset_japan-earthquake_2497_1_rrc06.csv,0.9680555555555556,13.0,20.0,0.8102766798418972,0.5297157622739018,0.640625
dataset_japan-earthquake_2497_5_rrc06.csv,0.98125,13.0,20.0,0.7840909090909091,0.8961038961038961,0.8363636363636362
dataset_japan-earthquake_10026_1_rv-sydney.csv,0.9651388888888889,13.0,20.0,0.7954545454545454,0.45931758530183725,0.5823627287853578
