,accuracy,epoch,lag,precision_0,recall_0,f1_0
dataset_japan-earthquake_2497_1_rrc06.csv,0.8734722222222222,96.0,20.0,0.2981510015408321,1.0,0.45934718100890204
dataset_japan-earthquake_2497_5_rrc06.csv,0.7027777777777777,96.0,20.0,0.15247524752475247,1.0,0.2646048109965636
dataset_japan-earthquake_10026_1_rv-sydney.csv,0.97625,96.0,20.0,0.6981132075471698,0.9711286089238845,0.8122941822173436
