,accuracy,epoch,lag,precision_0,recall_0,f1_0
dataset_slammer_513_1_rrc04.csv,0.9388888888888889,95.0,20.0,0.9116945107398569,0.6761061946902654,0.7764227642276422
dataset_slammer_513_5_rrc04.csv,0.9534722222222223,95.0,20.0,0.8878048780487805,0.8053097345132744,0.8445475638051043
dataset_slammer_559_1_rrc04.csv,0.2675,95.0,20.0,0.1764522173641474,1.0,0.2999734536766658
dataset_slammer_559_5_rrc04.csv,0.5097222222222222,95.0,20.0,0.24193548387096775,0.995575221238938,0.38927335640138405
dataset_slammer_6893_1_rrc04.csv,0.9548611111111112,95.0,20.0,0.8888888888888888,0.8141592920353983,0.8498845265588915
dataset_slammer_6893_5_rrc04.csv,0.95625,95.0,20.0,0.8862559241706162,0.827433628318584,0.8558352402745996
