,accuracy,epoch,lag,precision_0,recall_0,f1_0
dataset_nimda_513_1_rrc04.csv,0.6586687306501547,66.0,20.0,1.0,0.0019801980198019802,0.003952569169960474
dataset_nimda_513_5_rrc04.csv,0.66357421875,66.0,20.0,1.0,0.02545968882602546,0.04965517241379311
dataset_nimda_559_1_rrc04.csv,0.6838235294117647,66.0,20.0,0.9494949494949495,0.07977369165487977,0.14718162839248433
dataset_nimda_559_5_rrc04.csv,0.814453125,66.0,20.0,0.8471337579617835,0.5643564356435643,0.6774193548387096
dataset_nimda_6893_1_rrc04.csv,0.6602167182662538,66.0,20.0,1.0,0.006506364922206506,0.012928611579539066
dataset_nimda_6893_5_rrc04.csv,0.65771484375,66.0,20.0,1.0,0.008486562942008486,0.016830294530154277
