,accuracy,epoch,lag,precision_0,recall_0,f1_0
dataset_japan-earthquake_2497_1_rrc06.csv,0.9880555555555556,65.0,20.0,0.8278867102396514,0.9819121447028424,0.8983451536643026
dataset_japan-earthquake_2497_5_rrc06.csv,0.9118055555555555,65.0,20.0,0.37745098039215685,1.0,0.5480427046263345
dataset_japan-earthquake_10026_1_rv-sydney.csv,0.9877777777777778,65.0,20.0,0.8496420047732697,0.9343832020997376,0.8899999999999999
