,accuracy,epoch,lag,precision_0,recall_0,f1_0
dataset_code-red_513_1_rrc04.csv,0.9290919282511211,95.0,20.0,0.5109409190371991,0.8878326996197718,0.6486111111111111
dataset_code-red_513_5_rrc04.csv,0.7701388888888889,95.0,20.0,0.2425629290617849,1.0,0.39042357274401474
dataset_code-red_6893_1_rrc04.csv,0.9562780269058296,95.0,20.0,0.9458333333333333,0.43155893536121676,0.5926892950391645
dataset_code-red_6893_5_rrc04.csv,0.9694444444444444,95.0,20.0,0.7627118644067796,0.8490566037735849,0.8035714285714285
