,accuracy,epoch,lag,precision_0,recall_0,f1_0
dataset_aws-leak_15547_1_rrc04.csv,0.0525,52.0,20.0,0.010300304656898303,1.0,0.020390580126364157
dataset_aws-leak_15547_5_rrc04.csv,0.022222222222222223,52.0,20.0,0.010541110330288124,1.0,0.02086230876216968
dataset_aws-leak_34781_1_rrc04.csv,0.9158333333333334,52.0,20.0,0.10487444608567208,1.0,0.18983957219251335
dataset_aws-leak_34781_5_rrc04.csv,0.9243055555555556,52.0,20.0,0.12096774193548387,1.0,0.2158273381294964
