,accuracy,epoch,lag,precision_0,recall_0,f1_0
dataset_nimda_513_1_rrc04.csv,0.658765479876161,60.0,20.0,1.0,0.002263083451202263,0.004515946937623482
dataset_nimda_513_5_rrc04.csv,0.66650390625,60.0,20.0,1.0,0.033946251768033946,0.06566347469220246
dataset_nimda_559_1_rrc04.csv,0.7067530959752322,60.0,20.0,0.9144736842105263,0.1572842998585573,0.26840453777455947
dataset_nimda_559_5_rrc04.csv,0.810546875,60.0,20.0,0.7671691792294807,0.6478076379066479,0.7024539877300614
dataset_nimda_6893_1_rrc04.csv,0.6605069659442725,60.0,20.0,1.0,0.007355021216407355,0.014602639707947207
dataset_nimda_6893_5_rrc04.csv,0.65869140625,60.0,20.0,1.0,0.011315417256011316,0.02237762237762238
