,accuracy,epoch,lag,precision_0,recall_0,f1_0
dataset_slammer_513_1_rrc04.csv,0.9694444444444444,60.0,20.0,0.9205175600739371,0.8814159292035398,0.9005424954792043
dataset_slammer_513_5_rrc04.csv,0.9763888888888889,60.0,20.0,0.9,0.9557522123893806,0.9270386266094421
dataset_slammer_559_1_rrc04.csv,0.27291666666666664,60.0,20.0,0.17753338570306362,1.0,0.30153435623749164
dataset_slammer_559_5_rrc04.csv,0.5201388888888889,60.0,20.0,0.2459016393442623,0.995575221238938,0.39439088518843124
dataset_slammer_6893_1_rrc04.csv,0.9608333333333333,60.0,20.0,0.8799283154121864,0.8690265486725663,0.8744434550311665
dataset_slammer_6893_5_rrc04.csv,0.9611111111111111,60.0,20.0,0.9047619047619048,0.8407079646017699,0.8715596330275229
