,accuracy,epoch,lag,precision_0,recall_0,f1_0
dataset_malaysian-telecom_25091_1_rrc04.csv,0.08166666666666667,29.0,20.0,0.02721789024569663,1.0,0.05299341162990548
dataset_malaysian-telecom_25091_5_rrc04.csv,0.3333333333333333,29.0,20.0,0.037111334002006016,1.0,0.07156673114119923
