,accuracy,epoch,lag,precision_0,recall_0,f1_0
dataset_as9121_13237_1_rrc05.csv,0.9465277777777777,41.0,20.0,0.1673913043478261,0.9746835443037974,0.28571428571428575
dataset_as9121_13237_5_rrc05.csv,0.9076388888888889,41.0,20.0,0.09090909090909091,0.8125,0.16352201257861634
