,accuracy,epoch,lag,precision_0,recall_0,f1_0
dataset_japan-earthquake_2497_1_rrc06.csv,0.9759722222222222,14.0,20.0,0.786096256684492,0.7596899224806202,0.7726675427069646
dataset_japan-earthquake_2497_5_rrc06.csv,0.9819444444444444,14.0,20.0,0.7741935483870968,0.935064935064935,0.8470588235294116
dataset_japan-earthquake_10026_1_rv-sydney.csv,0.9622222222222222,14.0,20.0,0.6719242902208202,0.5590551181102362,0.6103151862464183
