,accuracy,epoch,lag,precision_0,recall_0,f1_0
dataset_nimda_513_1_rrc04.csv,0.6579914860681114,27.0,20.0,0.0,0.0,0.0
dataset_nimda_513_5_rrc04.csv,0.65478515625,27.0,20.0,0.0,0.0,0.0
dataset_nimda_559_1_rrc04.csv,0.6579914860681114,27.0,20.0,0.0,0.0,0.0
dataset_nimda_559_5_rrc04.csv,0.70263671875,27.0,20.0,1.0,0.13861386138613863,0.2434782608695652
dataset_nimda_6893_1_rrc04.csv,0.6579914860681114,27.0,20.0,0.0,0.0,0.0
dataset_nimda_6893_5_rrc04.csv,0.65478515625,27.0,20.0,0.0,0.0,0.0
