,accuracy,epoch,lag,precision_0,recall_0,f1_0
dataset_moscow_blackout_1853_1_rrc05.csv,0.8788888888888889,30.0,20.0,0.15804878048780488,0.9473684210526315,0.2709030100334448
dataset_moscow_blackout_1853_5_rrc05.csv,0.9020833333333333,30.0,20.0,0.16455696202531644,0.7428571428571429,0.26943005181347146
dataset_moscow_blackout_12793_1_rrc05.csv,0.9905555555555555,30.0,20.0,0.7668393782383419,0.8654970760233918,0.8131868131868132
dataset_moscow_blackout_12793_5_rrc05.csv,0.9583333333333334,30.0,20.0,0.3333333333333333,0.7142857142857143,0.4545454545454545
