,accuracy,epoch,lag,precision_0,recall_0,f1_0
dataset_slammer_513_1_rrc04.csv,0.9325,34.0,20.0,0.7353801169590644,0.8902654867256637,0.8054443554843876
dataset_slammer_513_5_rrc04.csv,0.9743055555555555,34.0,20.0,0.9055793991416309,0.9336283185840708,0.9193899782135077
dataset_slammer_559_1_rrc04.csv,0.32319444444444445,34.0,20.0,0.1882392137264701,1.0,0.31683723538483105
dataset_slammer_559_5_rrc04.csv,0.6159722222222223,34.0,20.0,0.28903225806451616,0.9911504424778761,0.4475524475524476
dataset_slammer_6893_1_rrc04.csv,0.9244444444444444,34.0,20.0,0.7281931464174455,0.827433628318584,0.7746478873239436
dataset_slammer_6893_5_rrc04.csv,0.9666666666666667,34.0,20.0,0.968421052631579,0.8141592920353983,0.8846153846153846
