,accuracy,epoch,lag,precision_0,recall_0,f1_0
dataset_aws-leak_15547_1_rrc04.csv,0.18513888888888888,68.0,20.0,0.011956887841023913,1.0,0.0236312198369113
dataset_aws-leak_15547_5_rrc04.csv,0.024305555555555556,68.0,20.0,0.01056338028169014,1.0,0.020905923344947733
dataset_aws-leak_34781_1_rrc04.csv,0.9820833333333333,68.0,20.0,0.35353535353535354,0.9859154929577465,0.5204460966542751
dataset_aws-leak_34781_5_rrc04.csv,0.9590277777777778,68.0,20.0,0.20270270270270271,1.0,0.3370786516853933
