,accuracy,epoch,lag,precision_0,recall_0,f1_0
dataset_slammer_513_1_rrc04.csv,0.9393055555555555,69.0,20.0,0.9391634980988594,0.6557522123893805,0.7722772277227723
dataset_slammer_513_5_rrc04.csv,0.95625,69.0,20.0,0.8899521531100478,0.8230088495575221,0.8551724137931034
dataset_slammer_559_1_rrc04.csv,0.3670833333333333,69.0,20.0,0.19869878670652366,1.0,0.33152413084934723
dataset_slammer_559_5_rrc04.csv,0.5520833333333334,69.0,20.0,0.25891829689298046,0.995575221238938,0.4109589041095891
dataset_slammer_6893_1_rrc04.csv,0.9448611111111112,69.0,20.0,0.9296600234466589,0.7017699115044248,0.7997982854261221
dataset_slammer_6893_5_rrc04.csv,0.9673611111111111,69.0,20.0,0.9735449735449735,0.8141592920353983,0.8867469879518073
