,accuracy,epoch,lag,precision_0,recall_0,f1_0
dataset_japan-earthquake_2497_1_rrc06.csv,0.9881944444444445,26.0,20.0,0.8268398268398268,0.9870801033591732,0.8998822143698469
dataset_japan-earthquake_2497_5_rrc06.csv,0.9472222222222222,26.0,20.0,0.5034013605442177,0.961038961038961,0.6607142857142857
dataset_japan-earthquake_10026_1_rv-sydney.csv,0.9845833333333334,26.0,20.0,0.8792134831460674,0.821522309711286,0.8493894165535956
