,accuracy,epoch,lag,precision_0,recall_0,f1_0
dataset_malaysian-telecom_25091_1_rrc04.csv,0.029027777777777777,49.0,20.0,0.025780379041248608,1.0,0.05026490965901373
dataset_malaysian-telecom_25091_5_rrc04.csv,0.11319444444444444,49.0,20.0,0.02815829528158295,1.0,0.05477424130273871
