,accuracy,epoch,lag,precision_0,recall_0,f1_0
dataset_aws-leak_15547_1_rrc04.csv,0.6680555555555555,27.0,20.0,0.028466856445709638,0.9859154929577465,0.05533596837944664
dataset_aws-leak_15547_5_rrc04.csv,0.10416666666666667,27.0,20.0,0.011494252873563218,1.0,0.022727272727272724
dataset_aws-leak_34781_1_rrc04.csv,0.9841666666666666,27.0,20.0,0.3812154696132597,0.971830985915493,0.5476190476190477
dataset_aws-leak_34781_5_rrc04.csv,0.9659722222222222,27.0,20.0,0.21666666666666667,0.8666666666666667,0.3466666666666666
