,accuracy,epoch,lag,precision_0,recall_0,f1_0
dataset_as9121_13237_1_rrc05.csv,0.9923611111111111,2.0,20.0,0.9615384615384616,0.31645569620253167,0.47619047619047616
dataset_as9121_13237_5_rrc05.csv,0.9854166666666667,2.0,20.0,0.0,0.0,0.0
