,accuracy,epoch,lag,precision_0,recall_0,f1_0
dataset_japan-earthquake_2497_1_rrc06.csv,0.97125,23.0,20.0,0.6530612244897959,0.9922480620155039,0.7876923076923078
dataset_japan-earthquake_2497_5_rrc06.csv,0.8972222222222223,23.0,20.0,0.3378995433789954,0.961038961038961,0.5
dataset_japan-earthquake_10026_1_rv-sydney.csv,0.9831944444444445,23.0,20.0,0.8125,0.8871391076115486,0.848180677540778
