,accuracy,epoch,lag,precision_0,recall_0,f1_0
dataset_aws-leak_15547_1_rrc04.csv,0.525,81.0,20.0,0.020338012030936693,1.0,0.03986524424480629
dataset_aws-leak_15547_5_rrc04.csv,0.030555555555555555,81.0,20.0,0.010630758327427357,1.0,0.021037868162692847
dataset_aws-leak_34781_1_rrc04.csv,0.9863888888888889,81.0,20.0,0.41818181818181815,0.971830985915493,0.5847457627118644
dataset_aws-leak_34781_5_rrc04.csv,0.9611111111111111,81.0,20.0,0.2028985507246377,0.9333333333333333,0.33333333333333337
