,accuracy,epoch,lag,precision_0,recall_0,f1_0
dataset_moscow_blackout_1853_1_rrc05.csv,0.9759722222222222,40.0,20.0,0.4968152866242038,0.9122807017543859,0.6432989690721649
dataset_moscow_blackout_1853_5_rrc05.csv,0.9347222222222222,40.0,20.0,0.22935779816513763,0.7142857142857143,0.3472222222222222
dataset_moscow_blackout_12793_1_rrc05.csv,0.9923611111111111,40.0,20.0,0.8186813186813187,0.8713450292397661,0.8441926345609065
dataset_moscow_blackout_12793_5_rrc05.csv,0.9625,40.0,20.0,0.36231884057971014,0.7142857142857143,0.4807692307692308
