,accuracy,epoch,lag,precision_0,recall_0,f1_0
dataset_nimda_513_1_rrc04.csv,0.6584752321981424,49.0,20.0,1.0,0.0014144271570014145,0.0028248587570621473
dataset_nimda_513_5_rrc04.csv,0.66015625,49.0,20.0,1.0,0.015558698727015558,0.03064066852367688
dataset_nimda_559_1_rrc04.csv,0.6792763157894737,49.0,20.0,0.9700854700854701,0.06421499292786421,0.12045635447068187
dataset_nimda_559_5_rrc04.csv,0.81884765625,49.0,20.0,0.9057971014492754,0.5304101838755304,0.6690454950936664
dataset_nimda_6893_1_rrc04.csv,0.6598297213622291,49.0,20.0,1.0,0.005374823196605375,0.010692177827799663
dataset_nimda_6893_5_rrc04.csv,0.65478515625,49.0,20.0,0.0,0.0,0.0
