,accuracy,epoch,lag,precision_0,recall_0,f1_0
dataset_malaysian-telecom_25091_1_rrc04.csv,0.029305555555555557,63.0,20.0,0.02578756621131865,1.0,0.05027857045794265
dataset_malaysian-telecom_25091_5_rrc04.csv,0.11736111111111111,63.0,20.0,0.028287461773700305,1.0,0.05501858736059479
