,accuracy,epoch,lag,precision_0,recall_0,f1_0
dataset_slammer_513_1_rrc04.csv,0.9323611111111111,66.0,20.0,0.9446749654218534,0.6044247787610619,0.7371829465731247
dataset_slammer_513_5_rrc04.csv,0.9513888888888888,66.0,20.0,0.8861386138613861,0.7920353982300885,0.836448598130841
dataset_slammer_559_1_rrc04.csv,0.3943055555555556,66.0,20.0,0.20579129484611183,1.0,0.34133816644011483
dataset_slammer_559_5_rrc04.csv,0.5604166666666667,66.0,20.0,0.26254375729288215,0.995575221238938,0.4155124653739613
dataset_slammer_6893_1_rrc04.csv,0.9356944444444445,66.0,20.0,0.9359477124183007,0.6336283185840708,0.7556728232189974
dataset_slammer_6893_5_rrc04.csv,0.9659722222222222,66.0,20.0,0.9732620320855615,0.8053097345132744,0.8813559322033899
