,accuracy,epoch,lag,precision_0,recall_0,f1_0
dataset_slammer_513_1_rrc04.csv,0.9494444444444444,96.0,20.0,0.9100642398286938,0.7522123893805309,0.8236434108527132
dataset_slammer_513_5_rrc04.csv,0.9576388888888889,96.0,20.0,0.8909952606635071,0.831858407079646,0.8604118993135011
dataset_slammer_559_1_rrc04.csv,0.21930555555555556,96.0,20.0,0.1673826099837061,1.0,0.2867656388783149
dataset_slammer_559_5_rrc04.csv,0.4930555555555556,96.0,20.0,0.2358490566037736,0.995575221238938,0.38135593220338987
dataset_slammer_6893_1_rrc04.csv,0.9445833333333333,96.0,20.0,0.8038237738985868,0.8557522123893805,0.8289755679382769
dataset_slammer_6893_5_rrc04.csv,0.9548611111111112,96.0,20.0,0.8779342723004695,0.827433628318584,0.8519362186788155
