,accuracy,epoch,lag,precision_0,recall_0,f1_0
dataset_slammer_513_1_rrc04.csv,0.9452777777777778,51.0,20.0,0.8809523809523809,0.7530973451327434,0.8120229007633587
dataset_slammer_513_5_rrc04.csv,0.9736111111111111,51.0,20.0,0.8949579831932774,0.9424778761061947,0.918103448275862
dataset_slammer_559_1_rrc04.csv,0.18513888888888888,51.0,20.0,0.16149778476489923,1.0,0.2780853943644641
dataset_slammer_559_5_rrc04.csv,0.5,51.0,20.0,0.23834745762711865,0.995575221238938,0.38461538461538464
dataset_slammer_6893_1_rrc04.csv,0.9234722222222222,51.0,20.0,0.7314148681055156,0.8097345132743363,0.7685846283074338
dataset_slammer_6893_5_rrc04.csv,0.9555555555555556,51.0,20.0,0.8785046728971962,0.831858407079646,0.8545454545454546
