,accuracy,epoch,lag,precision_0,recall_0,f1_0
dataset_aws-leak_15547_1_rrc04.csv,0.18819444444444444,66.0,20.0,0.012001352265043948,1.0,0.023718055787539667
dataset_aws-leak_15547_5_rrc04.csv,0.025,66.0,20.0,0.010570824524312896,1.0,0.020920502092050212
dataset_aws-leak_34781_1_rrc04.csv,0.9833333333333333,66.0,20.0,0.37037037037037035,0.9859154929577465,0.5384615384615384
dataset_aws-leak_34781_5_rrc04.csv,0.9590277777777778,66.0,20.0,0.20270270270270271,1.0,0.3370786516853933
