,accuracy,epoch,lag,precision_0,recall_0,f1_0
dataset_moscow_blackout_1853_1_rrc05.csv,0.7608333333333334,65.0,20.0,0.08728046833422033,0.9590643274853801,0.16
dataset_moscow_blackout_1853_5_rrc05.csv,0.7583333333333333,65.0,20.0,0.07588075880758807,0.8,0.1386138613861386
dataset_moscow_blackout_12793_1_rrc05.csv,0.9922222222222222,65.0,20.0,0.8042328042328042,0.8888888888888888,0.8444444444444443
dataset_moscow_blackout_12793_5_rrc05.csv,0.9534722222222223,65.0,20.0,0.3181818181818182,0.8,0.4552845528455285
