,accuracy,epoch,lag,precision_0,recall_0,f1_0
dataset_nimda_513_1_rrc04.csv,0.6579914860681114,98.0,20.0,0.0,0.0,0.0
dataset_nimda_513_5_rrc04.csv,0.65478515625,98.0,20.0,0.0,0.0,0.0
dataset_nimda_559_1_rrc04.csv,0.6579914860681114,98.0,20.0,0.0,0.0,0.0
dataset_nimda_559_5_rrc04.csv,0.71923828125,98.0,20.0,0.9125,0.2065063649222065,0.33679354094579006
dataset_nimda_6893_1_rrc04.csv,0.6588622291021672,98.0,20.0,1.0,0.002545968882602546,0.005079006772009029
dataset_nimda_6893_5_rrc04.csv,0.65478515625,98.0,20.0,0.0,0.0,0.0
