,accuracy,epoch,lag,precision_0,recall_0,f1_0
dataset_malaysian-telecom_25091_1_rrc04.csv,0.034166666666666665,84.0,20.0,0.02591399355652052,1.0,0.0505188421627526
dataset_malaysian-telecom_25091_5_rrc04.csv,0.39861111111111114,84.0,20.0,0.04097452934662237,1.0,0.07872340425531915
