,accuracy,epoch,lag,precision_0,recall_0,f1_0
dataset_malaysian-telecom_25091_1_rrc04.csv,0.02875,96.0,20.0,0.02577319587628866,1.0,0.05025125628140704
dataset_malaysian-telecom_25091_5_rrc04.csv,0.1111111111111111,96.0,20.0,0.02809415337889142,1.0,0.05465288035450517
