,accuracy,epoch,lag,precision_0,recall_0,f1_0
dataset_japan-earthquake_2497_1_rrc06.csv,0.8455555555555555,97.0,20.0,0.2581721147431621,1.0,0.4103923647932131
dataset_japan-earthquake_2497_5_rrc06.csv,0.7236111111111111,97.0,20.0,0.16210526315789472,1.0,0.2789855072463768
dataset_japan-earthquake_10026_1_rv-sydney.csv,0.9730555555555556,97.0,20.0,0.6690777576853526,0.9711286089238845,0.7922912205567452
