,accuracy,epoch,lag,precision_0,recall_0,f1_0
dataset_slammer_513_1_rrc04.csv,0.8930555555555556,18.0,20.0,0.6050175029171528,0.9176991150442478,0.729254571026723
dataset_slammer_513_5_rrc04.csv,0.9395833333333333,18.0,20.0,1.0,0.6150442477876106,0.7616438356164383
dataset_slammer_559_1_rrc04.csv,0.9204166666666667,18.0,20.0,0.9777015437392796,0.504424778761062,0.6654991243432574
dataset_slammer_559_5_rrc04.csv,0.9569444444444445,18.0,20.0,1.0,0.7256637168141593,0.841025641025641
dataset_slammer_6893_1_rrc04.csv,0.9236111111111112,18.0,20.0,0.9965753424657534,0.5150442477876106,0.6791131855309218
dataset_slammer_6893_5_rrc04.csv,0.925,18.0,20.0,1.0,0.5221238938053098,0.686046511627907
