,accuracy,epoch,lag,precision_0,recall_0,f1_0
dataset_nimda_513_1_rrc04.csv,0.6582817337461301,56.0,20.0,1.0,0.0008486562942008486,0.0016958733747880156
dataset_nimda_513_5_rrc04.csv,0.65478515625,56.0,20.0,0.0,0.0,0.0
dataset_nimda_559_1_rrc04.csv,0.6629256965944272,56.0,20.0,0.9047619047619048,0.016124469589816125,0.03168426903835464
dataset_nimda_559_5_rrc04.csv,0.80322265625,56.0,20.0,0.9130434782608695,0.4752475247524752,0.6251162790697674
dataset_nimda_6893_1_rrc04.csv,0.6590557275541795,56.0,20.0,1.0,0.0031117397454031117,0.006204173716864073
dataset_nimda_6893_5_rrc04.csv,0.65478515625,56.0,20.0,0.0,0.0,0.0
