,accuracy,epoch,lag,precision_0,recall_0,f1_0
dataset_nimda_513_1_rrc04.csv,0.6579914860681114,39.0,20.0,0.0,0.0,0.0
dataset_nimda_513_5_rrc04.csv,0.65478515625,39.0,20.0,0.0,0.0,0.0
dataset_nimda_559_1_rrc04.csv,0.6580882352941176,39.0,20.0,1.0,0.0002828854314002829,0.0005656108597285067
dataset_nimda_559_5_rrc04.csv,0.7236328125,39.0,20.0,0.9731543624161074,0.2050919377652051,0.338785046728972
dataset_nimda_6893_1_rrc04.csv,0.6588622291021672,39.0,20.0,1.0,0.002545968882602546,0.005079006772009029
dataset_nimda_6893_5_rrc04.csv,0.65478515625,39.0,20.0,0.0,0.0,0.0
