,accuracy,epoch,lag,precision_0,recall_0,f1_0
dataset_slammer_513_1_rrc04.csv,0.6252777777777778,58.0,20.0,0.2945492662473795,0.9946902654867257,0.4545086938940558
dataset_slammer_513_5_rrc04.csv,0.9534722222222223,58.0,20.0,0.7789473684210526,0.9823008849557522,0.8688845401174168
dataset_slammer_559_1_rrc04.csv,0.1675,58.0,20.0,0.15861875350926447,1.0,0.27380663920523385
dataset_slammer_559_5_rrc04.csv,0.45069444444444445,58.0,20.0,0.2222222222222222,1.0,0.3636363636363636
dataset_slammer_6893_1_rrc04.csv,0.4815277777777778,58.0,20.0,0.23137254901960785,0.9920353982300885,0.37523012552301255
dataset_slammer_6893_5_rrc04.csv,0.9388888888888889,58.0,20.0,0.7536764705882353,0.9070796460176991,0.823293172690763
