,accuracy,epoch,lag,precision_0,recall_0,f1_0
dataset_moscow_blackout_1853_1_rrc05.csv,0.9626388888888889,39.0,20.0,0.37105263157894736,0.8245614035087719,0.5117967332123412
dataset_moscow_blackout_1853_5_rrc05.csv,0.9256944444444445,39.0,20.0,0.20491803278688525,0.7142857142857143,0.3184713375796178
dataset_moscow_blackout_12793_1_rrc05.csv,0.9916666666666667,39.0,20.0,0.8,0.8654970760233918,0.8314606741573034
dataset_moscow_blackout_12793_5_rrc05.csv,0.9590277777777778,39.0,20.0,0.33783783783783783,0.7142857142857143,0.4587155963302752
