,accuracy,epoch,lag,precision_0,recall_0,f1_0
dataset_aws-leak_15547_1_rrc04.csv,0.20319444444444446,96.0,20.0,0.012224517906336088,1.0,0.02415376764755911
dataset_aws-leak_15547_5_rrc04.csv,0.024305555555555556,96.0,20.0,0.01056338028169014,1.0,0.020905923344947733
dataset_aws-leak_34781_1_rrc04.csv,0.9808333333333333,96.0,20.0,0.33816425120772947,0.9859154929577465,0.5035971223021584
dataset_aws-leak_34781_5_rrc04.csv,0.95625,96.0,20.0,0.19230769230769232,1.0,0.32258064516129037
