,accuracy,epoch,lag,precision_0,recall_0,f1_0
dataset_japan-earthquake_2497_1_rrc06.csv,0.9916666666666667,16.0,20.0,0.8741418764302059,0.9870801033591732,0.9271844660194175
dataset_japan-earthquake_2497_5_rrc06.csv,0.9590277777777778,16.0,20.0,0.5775862068965517,0.8701298701298701,0.6943005181347149
dataset_japan-earthquake_10026_1_rv-sydney.csv,0.9805555555555555,16.0,20.0,0.9140893470790378,0.6981627296587927,0.7916666666666666
