,accuracy,epoch,lag,precision_0,recall_0,f1_0
dataset_nimda_513_1_rrc04.csv,0.6579914860681114,58.0,20.0,0.0,0.0,0.0
dataset_nimda_513_5_rrc04.csv,0.65478515625,58.0,20.0,0.0,0.0,0.0
dataset_nimda_559_1_rrc04.csv,0.6579914860681114,58.0,20.0,0.0,0.0,0.0
dataset_nimda_559_5_rrc04.csv,0.70654296875,58.0,20.0,0.9274193548387096,0.16265912305516267,0.2767749699157641
dataset_nimda_6893_1_rrc04.csv,0.6588622291021672,58.0,20.0,1.0,0.002545968882602546,0.005079006772009029
dataset_nimda_6893_5_rrc04.csv,0.65478515625,58.0,20.0,0.0,0.0,0.0
