,accuracy,epoch,lag,precision_0,recall_0,f1_0
dataset_slammer_513_1_rrc04.csv,0.9386111111111111,74.0,20.0,0.9075829383886256,0.6778761061946903,0.7760891590678826
dataset_slammer_513_5_rrc04.csv,0.9590277777777778,74.0,20.0,0.8883720930232558,0.8451327433628318,0.8662131519274376
dataset_slammer_559_1_rrc04.csv,0.21611111111111111,74.0,20.0,0.1668142899320933,1.0,0.2859311740890688
dataset_slammer_559_5_rrc04.csv,0.5034722222222222,74.0,20.0,0.23961661341853036,0.995575221238938,0.38626609442060084
dataset_slammer_6893_1_rrc04.csv,0.9490277777777778,74.0,20.0,0.8773491592482691,0.7849557522123893,0.828584773470341
dataset_slammer_6893_5_rrc04.csv,0.9548611111111112,74.0,20.0,0.8779342723004695,0.827433628318584,0.8519362186788155
