,accuracy,epoch,lag,precision_0,recall_0,f1_0
dataset_code-red_513_1_rrc04.csv,0.5529708520179372,89.0,20.0,0.14155005382131325,1.0,0.24799622819424802
dataset_code-red_513_5_rrc04.csv,0.42430555555555555,89.0,20.0,0.11336898395721925,1.0,0.20365033621517772
dataset_code-red_6893_1_rrc04.csv,0.969310538116592,89.0,20.0,0.7221418234442837,0.9486692015209125,0.8200493015612161
dataset_code-red_6893_5_rrc04.csv,0.9298611111111111,89.0,20.0,0.5120772946859904,1.0,0.6773162939297125
