,accuracy,epoch,lag,precision_0,recall_0,f1_0
dataset_moscow_blackout_1853_1_rrc05.csv,0.97625,5.0,20.0,0.0,0.0,0.0
dataset_moscow_blackout_1853_5_rrc05.csv,0.9756944444444444,5.0,20.0,0.0,0.0,0.0
dataset_moscow_blackout_12793_1_rrc05.csv,0.9772222222222222,5.0,20.0,0.8181818181818182,0.05263157894736842,0.0989010989010989
dataset_moscow_blackout_12793_5_rrc05.csv,0.9743055555555555,5.0,20.0,0.25,0.02857142857142857,0.05128205128205128
