,accuracy,epoch,lag,precision_0,recall_0,f1_0
dataset_as9121_13237_1_rrc05.csv,0.9573611111111111,65.0,20.0,0.2,0.9620253164556962,0.33115468409586063
dataset_as9121_13237_5_rrc05.csv,0.9256944444444445,65.0,20.0,0.1111111111111111,0.8125,0.19548872180451127
