,accuracy,epoch,lag,precision_0,recall_0,f1_0
dataset_moscow_blackout_1853_1_rrc05.csv,0.9181944444444444,92.0,20.0,0.20396600566572237,0.8421052631578947,0.3283922462941847
dataset_moscow_blackout_1853_5_rrc05.csv,0.8763888888888889,92.0,20.0,0.13705583756345177,0.7714285714285715,0.23275862068965517
dataset_moscow_blackout_12793_1_rrc05.csv,0.9934722222222222,92.0,20.0,0.8522727272727273,0.8771929824561403,0.8645533141210374
dataset_moscow_blackout_12793_5_rrc05.csv,0.9694444444444444,92.0,20.0,0.4262295081967213,0.7428571428571429,0.5416666666666666
