,accuracy,epoch,lag,precision_0,recall_0,f1_0
dataset_moscow_blackout_1853_1_rrc05.csv,0.8859722222222223,52.0,20.0,0.16494845360824742,0.935672514619883,0.2804557405784399
dataset_moscow_blackout_1853_5_rrc05.csv,0.8791666666666667,52.0,20.0,0.13612565445026178,0.7428571428571429,0.23008849557522126
dataset_moscow_blackout_12793_1_rrc05.csv,0.9918055555555556,52.0,20.0,0.7978723404255319,0.8771929824561403,0.8356545961002786
dataset_moscow_blackout_12793_5_rrc05.csv,0.9597222222222223,52.0,20.0,0.35064935064935066,0.7714285714285715,0.4821428571428572
