,accuracy,epoch,lag,precision_0,recall_0,f1_0
dataset_malaysian-telecom_25091_1_rrc04.csv,0.12583333333333332,90.0,20.0,0.028553789164994597,1.0,0.05552220888355343
dataset_malaysian-telecom_25091_5_rrc04.csv,0.6694444444444444,90.0,20.0,0.07212475633528265,1.0,0.13454545454545452
