,accuracy,epoch,lag,precision_0,recall_0,f1_0
dataset_slammer_513_1_rrc04.csv,0.9270833333333334,40.0,20.0,0.9661016949152542,0.5548672566371682,0.7048903878583475
dataset_slammer_513_5_rrc04.csv,0.9458333333333333,40.0,20.0,0.8978494623655914,0.7389380530973452,0.8106796116504854
dataset_slammer_559_1_rrc04.csv,0.6631944444444444,40.0,20.0,0.3132391116238823,0.9610619469026549,0.47248205351316075
dataset_slammer_559_5_rrc04.csv,0.8618055555555556,40.0,20.0,0.5320665083135392,0.9911504424778761,0.6924265842349305
dataset_slammer_6893_1_rrc04.csv,0.9279166666666666,40.0,20.0,0.9678407350689127,0.5592920353982301,0.7089175546831183
dataset_slammer_6893_5_rrc04.csv,0.9576388888888889,40.0,20.0,0.9824561403508771,0.7433628318584071,0.8463476070528967
