,accuracy,epoch,lag,precision_0,recall_0,f1_0
dataset_as9121_13237_1_rrc05.csv,0.96125,46.0,20.0,0.21428571428571427,0.9493670886075949,0.3496503496503497
dataset_as9121_13237_5_rrc05.csv,0.9340277777777778,46.0,20.0,0.12380952380952381,0.8125,0.21487603305785125
