,accuracy,epoch,lag,precision_0,recall_0,f1_0
dataset_as9121_13237_1_rrc05.csv,0.9661111111111111,33.0,20.0,0.2364217252396166,0.9367088607594937,0.37755102040816324
dataset_as9121_13237_5_rrc05.csv,0.9520833333333333,33.0,20.0,0.15584415584415584,0.75,0.25806451612903225
