,accuracy,epoch,lag,precision_0,recall_0,f1_0
dataset_as9121_13237_1_rrc05.csv,0.9561111111111111,39.0,20.0,0.1937984496124031,0.9493670886075949,0.3218884120171674
dataset_as9121_13237_5_rrc05.csv,0.9243055555555556,39.0,20.0,0.1092436974789916,0.8125,0.1925925925925926
