,accuracy,epoch,lag,precision_0,recall_0,f1_0
dataset_nimda_513_1_rrc04.csv,0.6584752321981424,21.0,20.0,1.0,0.0014144271570014145,0.0028248587570621473
dataset_nimda_513_5_rrc04.csv,0.6572265625,21.0,20.0,1.0,0.007072135785007072,0.014044943820224719
dataset_nimda_559_1_rrc04.csv,0.9236648606811145,21.0,20.0,0.884593837535014,0.8933521923620934,0.8889514426460239
dataset_nimda_559_5_rrc04.csv,0.7724609375,21.0,20.0,0.6114708603145236,0.9349363507779349,0.7393736017897091
dataset_nimda_6893_1_rrc04.csv,0.6584752321981424,21.0,20.0,1.0,0.0014144271570014145,0.0028248587570621473
dataset_nimda_6893_5_rrc04.csv,0.65478515625,21.0,20.0,0.0,0.0,0.0
