,accuracy,epoch,lag,precision_0,recall_0,f1_0
dataset_slammer_513_1_rrc04.csv,0.5715277777777777,46.0,20.0,0.267538644470868,0.995575221238938,0.4217432052483599
dataset_slammer_513_5_rrc04.csv,0.9590277777777778,46.0,20.0,0.8014440433212996,0.9823008849557522,0.882703777335984
dataset_slammer_559_1_rrc04.csv,0.16,46.0,20.0,0.1574254667038172,1.0,0.27202696196437165
dataset_slammer_559_5_rrc04.csv,0.45555555555555555,46.0,20.0,0.22376237623762377,1.0,0.36569579288025894
dataset_slammer_6893_1_rrc04.csv,0.39222222222222225,46.0,20.0,0.20458682198762287,0.9946902654867257,0.3393719806763285
dataset_slammer_6893_5_rrc04.csv,0.91875,46.0,20.0,0.6996336996336996,0.8451327433628318,0.7655310621242485
