,accuracy,epoch,lag,precision_0,recall_0,f1_0
dataset_slammer_513_1_rrc04.csv,0.9388888888888889,90.0,20.0,0.9078014184397163,0.679646017699115,0.7773279352226721
dataset_slammer_513_5_rrc04.csv,0.9569444444444445,90.0,20.0,0.8904761904761904,0.827433628318584,0.8577981651376148
dataset_slammer_559_1_rrc04.csv,0.23791666666666667,90.0,20.0,0.17077225328698806,1.0,0.29172582935329805
dataset_slammer_559_5_rrc04.csv,0.5034722222222222,90.0,20.0,0.23961661341853036,0.995575221238938,0.38626609442060084
dataset_slammer_6893_1_rrc04.csv,0.9519444444444445,90.0,20.0,0.8776493256262042,0.8061946902654867,0.8404059040590407
dataset_slammer_6893_5_rrc04.csv,0.9555555555555556,90.0,20.0,0.8820754716981132,0.827433628318584,0.8538812785388127
