,accuracy,epoch,lag,precision_0,recall_0,f1_0
dataset_code-red_513_1_rrc04.csv,0.35187780269058294,88.0,20.0,0.10211609396233741,1.0,0.18530914215254538
dataset_code-red_513_5_rrc04.csv,0.3506944444444444,88.0,20.0,0.10182516810758886,1.0,0.1848299912816042
dataset_code-red_6893_1_rrc04.csv,0.9651065022421524,88.0,20.0,0.6859060402684564,0.9714828897338403,0.8040912667191188
dataset_code-red_6893_5_rrc04.csv,0.9034722222222222,88.0,20.0,0.4326530612244898,1.0,0.603988603988604
