,accuracy,epoch,lag,precision_0,recall_0,f1_0
dataset_aws-leak_15547_1_rrc04.csv,0.6048611111111111,40.0,20.0,0.024348422496570644,1.0,0.047539337127552726
dataset_aws-leak_15547_5_rrc04.csv,0.04236111111111111,40.0,20.0,0.010760401721664276,1.0,0.021291696238467
dataset_aws-leak_34781_1_rrc04.csv,0.9844444444444445,40.0,20.0,0.3854748603351955,0.971830985915493,0.552
dataset_aws-leak_34781_5_rrc04.csv,0.9625,40.0,20.0,0.208955223880597,0.9333333333333333,0.34146341463414637
