,accuracy,epoch,lag,precision_0,recall_0,f1_0
dataset_as9121_13237_1_rrc05.csv,0.96875,45.0,20.0,0.25170068027210885,0.9367088607594937,0.3967828418230563
dataset_as9121_13237_5_rrc05.csv,0.9513888888888888,45.0,20.0,0.15384615384615385,0.75,0.25531914893617025
