,accuracy,epoch,lag,precision_0,recall_0,f1_0
dataset_code-red_513_1_rrc04.csv,0.1610145739910314,68.0,20.0,0.08076155381544603,1.0,0.14945304730785622
dataset_code-red_513_5_rrc04.csv,0.2652777777777778,68.0,20.0,0.09106529209621993,1.0,0.16692913385826771
dataset_code-red_6893_1_rrc04.csv,0.8382847533632287,68.0,20.0,0.3103864734299517,0.9771863117870723,0.4711274060494958
dataset_code-red_6893_5_rrc04.csv,0.7965277777777777,68.0,20.0,0.2656641604010025,1.0,0.41980198019801984
