,accuracy,epoch,lag,precision_0,recall_0,f1_0
dataset_slammer_513_1_rrc04.csv,0.9508333333333333,78.0,20.0,0.907563025210084,0.7646017699115044,0.8299711815561959
dataset_slammer_513_5_rrc04.csv,0.9715277777777778,78.0,20.0,0.8936170212765957,0.9292035398230089,0.9110629067245118
dataset_slammer_559_1_rrc04.csv,0.18472222222222223,78.0,20.0,0.16142857142857142,1.0,0.27798277982779823
dataset_slammer_559_5_rrc04.csv,0.4791666666666667,78.0,20.0,0.23155737704918034,1.0,0.37603993344425957
dataset_slammer_6893_1_rrc04.csv,0.94625,78.0,20.0,0.8199827734711456,0.8424778761061947,0.831078131820166
dataset_slammer_6893_5_rrc04.csv,0.9555555555555556,78.0,20.0,0.875,0.8362831858407079,0.8552036199095022
