,accuracy,epoch,lag,precision_0,recall_0,f1_0
dataset_aws-leak_15547_1_rrc04.csv,0.2627777777777778,80.0,20.0,0.013199479457148168,1.0,0.026055045871559632
dataset_aws-leak_15547_5_rrc04.csv,0.025694444444444443,80.0,20.0,0.010578279266572637,1.0,0.020935101186322396
dataset_aws-leak_34781_1_rrc04.csv,0.9840277777777777,80.0,20.0,0.3804347826086957,0.9859154929577465,0.5490196078431373
dataset_aws-leak_34781_5_rrc04.csv,0.9590277777777778,80.0,20.0,0.20270270270270271,1.0,0.3370786516853933
