,accuracy,epoch,lag,precision_0,recall_0,f1_0
dataset_moscow_blackout_1853_1_rrc05.csv,0.9831944444444445,13.0,20.0,0.9310344827586207,0.3157894736842105,0.47161572052401746
dataset_moscow_blackout_1853_5_rrc05.csv,0.9743055555555555,13.0,20.0,0.4666666666666667,0.4,0.4307692307692308
dataset_moscow_blackout_12793_1_rrc05.csv,0.9866666666666667,13.0,20.0,0.6984126984126984,0.7719298245614035,0.7333333333333333
dataset_moscow_blackout_12793_5_rrc05.csv,0.9638888888888889,13.0,20.0,0.3333333333333333,0.4857142857142857,0.3953488372093023
