,accuracy,epoch,lag,precision_0,recall_0,f1_0
dataset_japan-earthquake_2497_1_rrc06.csv,0.9931944444444445,36.0,20.0,0.9004739336492891,0.9819121447028424,0.9394313967861557
dataset_japan-earthquake_2497_5_rrc06.csv,0.9451388888888889,36.0,20.0,0.4935897435897436,1.0,0.6609442060085837
dataset_japan-earthquake_10026_1_rv-sydney.csv,0.98875,36.0,20.0,0.8826530612244898,0.9081364829396326,0.8952134540750324
