,accuracy,epoch,lag,precision_0,recall_0,f1_0
dataset_nimda_513_1_rrc04.csv,0.6580882352941176,73.0,20.0,1.0,0.0002828854314002829,0.0005656108597285067
dataset_nimda_513_5_rrc04.csv,0.65478515625,73.0,20.0,0.0,0.0,0.0
dataset_nimda_559_1_rrc04.csv,0.6619582043343654,73.0,20.0,0.9019607843137255,0.013012729844413012,0.0256553262688232
dataset_nimda_559_5_rrc04.csv,0.80126953125,73.0,20.0,0.9098360655737705,0.471004243281471,0.6206896551724138
dataset_nimda_6893_1_rrc04.csv,0.6594427244582043,73.0,20.0,1.0,0.004243281471004243,0.008450704225352112
dataset_nimda_6893_5_rrc04.csv,0.65478515625,73.0,20.0,0.0,0.0,0.0
