,accuracy,epoch,lag,precision_0,recall_0,f1_0
dataset_code-red_513_1_rrc04.csv,0.8782230941704036,72.0,20.0,0.37343173431734317,0.9619771863117871,0.5380116959064327
dataset_code-red_513_5_rrc04.csv,0.6298611111111111,72.0,20.0,0.16588419405320814,1.0,0.2845637583892618
dataset_code-red_6893_1_rrc04.csv,0.9620235426008968,72.0,20.0,0.8057553956834532,0.6387832699619772,0.7126193001060446
dataset_code-red_6893_5_rrc04.csv,0.9513888888888888,72.0,20.0,0.62,0.8773584905660378,0.7265625
