,accuracy,epoch,lag,precision_0,recall_0,f1_0
dataset_malaysian-telecom_25091_1_rrc04.csv,0.0636111111111111,50.0,20.0,0.026707088205572396,1.0,0.052024746906636665
dataset_malaysian-telecom_25091_5_rrc04.csv,0.27708333333333335,50.0,20.0,0.03432282003710575,1.0,0.06636771300448431
