,accuracy,epoch,lag,precision_0,recall_0,f1_0
dataset_slammer_513_1_rrc04.csv,0.8756944444444444,50.0,20.0,0.559735638027453,0.9743362831858408,0.7110106554730384
dataset_slammer_513_5_rrc04.csv,0.9729166666666667,50.0,20.0,0.8666666666666667,0.9778761061946902,0.918918918918919
dataset_slammer_559_1_rrc04.csv,0.17527777777777778,50.0,20.0,0.15987549518958688,1.0,0.27567699438887533
dataset_slammer_559_5_rrc04.csv,0.47847222222222224,50.0,20.0,0.23132036847492324,1.0,0.37572734829592686
dataset_slammer_6893_1_rrc04.csv,0.7948611111111111,50.0,20.0,0.42767819924968736,0.9079646017699115,0.5814678379144234
dataset_slammer_6893_5_rrc04.csv,0.9569444444444445,50.0,20.0,0.8727272727272727,0.8495575221238938,0.8609865470852017
