,accuracy,epoch,lag,precision_0,recall_0,f1_0
dataset_slammer_513_1_rrc04.csv,0.8423611111111111,6.0,20.0,0.0,0.0,0.0
dataset_slammer_513_5_rrc04.csv,0.8666666666666667,6.0,20.0,0.9722222222222222,0.15486725663716813,0.2671755725190839
dataset_slammer_559_1_rrc04.csv,0.865,6.0,20.0,1.0,0.13982300884955753,0.24534161490683232
dataset_slammer_559_5_rrc04.csv,0.8847222222222222,6.0,20.0,1.0,0.26548672566371684,0.41958041958041964
dataset_slammer_6893_1_rrc04.csv,0.8477777777777777,6.0,20.0,0.9047619047619048,0.033628318584070796,0.06484641638225257
dataset_slammer_6893_5_rrc04.csv,0.8701388888888889,6.0,20.0,0.975609756097561,0.17699115044247787,0.29962546816479396
