,accuracy,epoch,lag,precision_0,recall_0,f1_0
dataset_japan-earthquake_2497_1_rrc06.csv,0.5048611111111111,42.0,20.0,0.0979251012145749,1.0,0.17838211569486057
dataset_japan-earthquake_2497_5_rrc06.csv,0.4076388888888889,42.0,20.0,0.08279569892473118,1.0,0.1529294935451837
dataset_japan-earthquake_10026_1_rv-sydney.csv,0.7904166666666667,42.0,20.0,0.20063694267515925,0.9921259842519685,0.3337748344370861
