,accuracy,epoch,lag,precision_0,recall_0,f1_0
dataset_code-red_513_1_rrc04.csv,0.952354260089686,21.0,20.0,0.6332378223495702,0.8403041825095057,0.7222222222222221
dataset_code-red_513_5_rrc04.csv,0.9013888888888889,21.0,20.0,0.4032258064516129,0.7075471698113207,0.5136986301369862
dataset_code-red_6893_1_rrc04.csv,0.9262892376681614,21.0,20.0,0.0,0.0,0.0
dataset_code-red_6893_5_rrc04.csv,0.9395833333333333,21.0,20.0,1.0,0.1792452830188679,0.30399999999999994
