,accuracy,epoch,lag,precision_0,recall_0,f1_0
dataset_slammer_513_1_rrc04.csv,0.9325,72.0,20.0,0.924802110817942,0.620353982300885,0.7425847457627119
dataset_slammer_513_5_rrc04.csv,0.9513888888888888,72.0,20.0,0.8861386138613861,0.7920353982300885,0.836448598130841
dataset_slammer_559_1_rrc04.csv,0.26069444444444445,72.0,20.0,0.17511235084456842,1.0,0.29803507846498745
dataset_slammer_559_5_rrc04.csv,0.5395833333333333,72.0,20.0,0.25366403607666294,0.995575221238938,0.4043126684636119
dataset_slammer_6893_1_rrc04.csv,0.9381944444444444,72.0,20.0,0.9244114002478315,0.6601769911504425,0.7702632937532268
dataset_slammer_6893_5_rrc04.csv,0.9597222222222223,72.0,20.0,0.9242424242424242,0.8097345132743363,0.8632075471698114
