,accuracy,epoch,lag,precision_0,recall_0,f1_0
dataset_as9121_13237_1_rrc05.csv,0.9826388888888888,12.0,20.0,0.3776595744680851,0.8987341772151899,0.5318352059925094
dataset_as9121_13237_5_rrc05.csv,0.9791666666666666,12.0,20.0,0.20833333333333334,0.3125,0.25
