,accuracy,epoch,lag,precision_0,recall_0,f1_0
dataset_slammer_513_1_rrc04.csv,0.9447222222222222,26.0,20.0,0.9740932642487047,0.6654867256637168,0.7907465825446898
dataset_slammer_513_5_rrc04.csv,0.9625,26.0,20.0,0.9886363636363636,0.7699115044247787,0.8656716417910447
dataset_slammer_559_1_rrc04.csv,0.9279166666666666,26.0,20.0,0.7974683544303798,0.7247787610619469,0.7593880389429764
dataset_slammer_559_5_rrc04.csv,0.9861111111111112,26.0,20.0,0.963963963963964,0.9469026548672567,0.9553571428571428
dataset_slammer_6893_1_rrc04.csv,0.9348611111111111,26.0,20.0,0.9969924812030075,0.5867256637168141,0.7387186629526462
dataset_slammer_6893_5_rrc04.csv,0.9472222222222222,26.0,20.0,1.0,0.6637168141592921,0.797872340425532
