,accuracy,epoch,lag,precision_0,recall_0,f1_0
dataset_aws-leak_15547_1_rrc04.csv,0.1947222222222222,91.0,20.0,0.012097461237008009,1.0,0.02390572390572391
dataset_aws-leak_15547_5_rrc04.csv,0.02361111111111111,91.0,20.0,0.01055594651653765,1.0,0.020891364902506964
dataset_aws-leak_34781_1_rrc04.csv,0.9779166666666667,91.0,20.0,0.30701754385964913,0.9859154929577465,0.4682274247491639
dataset_aws-leak_34781_5_rrc04.csv,0.9583333333333334,91.0,20.0,0.2,1.0,0.33333333333333337
