,accuracy,epoch,lag,precision_0,recall_0,f1_0
dataset_malaysian-telecom_25091_1_rrc04.csv,0.05305555555555556,26.0,20.0,0.026417249750107098,1.0,0.05147468002225932
dataset_malaysian-telecom_25091_5_rrc04.csv,0.2951388888888889,26.0,20.0,0.03517110266159696,1.0,0.06795224977043159
