,accuracy,epoch,lag,precision_0,recall_0,f1_0
dataset_slammer_513_1_rrc04.csv,0.9438888888888889,93.0,20.0,0.9078651685393259,0.7150442477876107,0.8000000000000002
dataset_slammer_513_5_rrc04.csv,0.95625,93.0,20.0,0.8899521531100478,0.8230088495575221,0.8551724137931034
dataset_slammer_559_1_rrc04.csv,0.2226388888888889,93.0,20.0,0.16797978296417423,1.0,0.28764159348351787
dataset_slammer_559_5_rrc04.csv,0.5006944444444444,93.0,20.0,0.23860021208907742,0.995575221238938,0.38494439692044485
dataset_slammer_6893_1_rrc04.csv,0.9493055555555555,93.0,20.0,0.8387953941541186,0.8380530973451328,0.8384240814519699
dataset_slammer_6893_5_rrc04.csv,0.9548611111111112,93.0,20.0,0.8779342723004695,0.827433628318584,0.8519362186788155
