,accuracy,epoch,lag,precision_0,recall_0,f1_0
dataset_slammer_513_1_rrc04.csv,0.9294444444444444,64.0,20.0,0.9614243323442137,0.5734513274336284,0.7184035476718403
dataset_slammer_513_5_rrc04.csv,0.9506944444444444,64.0,20.0,0.8894472361809045,0.7831858407079646,0.8329411764705883
dataset_slammer_559_1_rrc04.csv,0.49541666666666667,64.0,20.0,0.23724543355028344,1.0,0.38350585440352963
dataset_slammer_559_5_rrc04.csv,0.6340277777777777,64.0,20.0,0.29906542056074764,0.9911504424778761,0.45948717948717943
dataset_slammer_6893_1_rrc04.csv,0.935,64.0,20.0,0.9425133689839572,0.6238938053097345,0.7507987220447283
dataset_slammer_6893_5_rrc04.csv,0.9666666666666667,64.0,20.0,0.9836956521739131,0.8008849557522124,0.8829268292682928
