,accuracy,epoch,lag,precision_0,recall_0,f1_0
dataset_code-red_513_1_rrc04.csv,0.9320347533632287,91.0,20.0,0.523590333716916,0.8650190114068441,0.6523297491039427
dataset_code-red_513_5_rrc04.csv,0.8159722222222222,91.0,20.0,0.2857142857142857,1.0,0.4444444444444445
dataset_code-red_6893_1_rrc04.csv,0.9515134529147982,91.0,20.0,0.9455445544554455,0.36311787072243346,0.5247252747252747
dataset_code-red_6893_5_rrc04.csv,0.9680555555555556,91.0,20.0,0.7586206896551724,0.8301886792452831,0.7927927927927928
