,accuracy,epoch,lag,precision_0,recall_0,f1_0
dataset_moscow_blackout_1853_1_rrc05.csv,0.9593055555555555,24.0,20.0,0.3587962962962963,0.9064327485380117,0.5140961857379768
dataset_moscow_blackout_1853_5_rrc05.csv,0.9347222222222222,24.0,20.0,0.21359223300970873,0.6285714285714286,0.3188405797101449
dataset_moscow_blackout_12793_1_rrc05.csv,0.9891666666666666,24.0,20.0,0.7360406091370558,0.847953216374269,0.7880434782608695
dataset_moscow_blackout_12793_5_rrc05.csv,0.9569444444444445,24.0,20.0,0.32,0.6857142857142857,0.43636363636363634
