,accuracy,epoch,lag,precision_0,recall_0,f1_0
dataset_slammer_513_1_rrc04.csv,0.76,23.0,20.0,0.39412181303116145,0.9849557522123894,0.5629742033383915
dataset_slammer_513_5_rrc04.csv,0.9652777777777778,23.0,20.0,0.9731182795698925,0.8008849557522124,0.8786407766990292
dataset_slammer_559_1_rrc04.csv,0.8333333333333334,23.0,20.0,0.4802927927927928,0.7548672566371681,0.5870612525808672
dataset_slammer_559_5_rrc04.csv,0.9743055555555555,23.0,20.0,0.8921161825726142,0.9513274336283186,0.9207708779443255
dataset_slammer_6893_1_rrc04.csv,0.9558333333333333,23.0,20.0,0.9645308924485125,0.7460176991150442,0.841317365269461
dataset_slammer_6893_5_rrc04.csv,0.9506944444444444,23.0,20.0,0.9874213836477987,0.6946902654867256,0.8155844155844156
