,accuracy,epoch,lag,precision_0,recall_0,f1_0
dataset_malaysian-telecom_25091_1_rrc04.csv,0.03111111111111111,78.0,20.0,0.02583438067309035,1.0,0.050367546964334334
dataset_malaysian-telecom_25091_5_rrc04.csv,0.27569444444444446,78.0,20.0,0.03425925925925926,1.0,0.06624888093106536
