,accuracy,epoch,lag,precision_0,recall_0,f1_0
dataset_japan-earthquake_2497_1_rrc06.csv,0.9706944444444444,75.0,20.0,0.6481481481481481,0.9948320413436692,0.7849133537206932
dataset_japan-earthquake_2497_5_rrc06.csv,0.825,75.0,20.0,0.23404255319148937,1.0,0.3793103448275862
dataset_japan-earthquake_10026_1_rv-sydney.csv,0.9851388888888889,75.0,20.0,0.801762114537445,0.9553805774278216,0.8718562874251498
