,accuracy,epoch,lag,precision_0,recall_0,f1_0
dataset_malaysian-telecom_25091_1_rrc04.csv,0.21944444444444444,35.0,20.0,0.03186907838070629,1.0,0.06176961602671119
dataset_malaysian-telecom_25091_5_rrc04.csv,0.5361111111111111,35.0,20.0,0.0524822695035461,1.0,0.09973045822102426
