,accuracy,epoch,lag,precision_0,recall_0,f1_0
dataset_slammer_513_1_rrc04.csv,0.9176388888888889,49.0,20.0,0.9467554076539102,0.5035398230088496,0.6574234546504911
dataset_slammer_513_5_rrc04.csv,0.9444444444444444,49.0,20.0,0.8842105263157894,0.7433628318584071,0.8076923076923077
dataset_slammer_559_1_rrc04.csv,0.4230555555555556,49.0,20.0,0.21385314155942467,1.0,0.35235422513252257
dataset_slammer_559_5_rrc04.csv,0.6715277777777777,49.0,20.0,0.32230215827338127,0.9911504424778761,0.48642779587404983
dataset_slammer_6893_1_rrc04.csv,0.9286111111111112,49.0,20.0,0.9350282485875706,0.5858407079646017,0.720348204570185
dataset_slammer_6893_5_rrc04.csv,0.9618055555555556,49.0,20.0,0.9672131147540983,0.7831858407079646,0.8655256723716381
