,accuracy,epoch,lag,precision_0,recall_0,f1_0
dataset_code-red_513_1_rrc04.csv,0.9405829596412556,20.0,20.0,0.5632754342431762,0.8631178707224335,0.6816816816816816
dataset_code-red_513_5_rrc04.csv,0.8847222222222222,20.0,20.0,0.3598130841121495,0.7264150943396226,0.48124999999999996
dataset_code-red_6893_1_rrc04.csv,0.9282511210762332,20.0,20.0,1.0,0.026615969581749048,0.05185185185185186
dataset_code-red_6893_5_rrc04.csv,0.9465277777777777,20.0,20.0,1.0,0.27358490566037735,0.4296296296296296
