,accuracy,epoch,lag,precision_0,recall_0,f1_0
dataset_nimda_513_1_rrc04.csv,0.6579914860681114,54.0,20.0,0.0,0.0,0.0
dataset_nimda_513_5_rrc04.csv,0.65478515625,54.0,20.0,0.0,0.0,0.0
dataset_nimda_559_1_rrc04.csv,0.6585719814241486,54.0,20.0,1.0,0.0016973125884016972,0.0033888731996611124
dataset_nimda_559_5_rrc04.csv,0.7548828125,54.0,20.0,0.9361702127659575,0.31117397454031115,0.4670912951167728
dataset_nimda_6893_1_rrc04.csv,0.6589589783281734,54.0,20.0,1.0,0.002828854314002829,0.005641748942172073
dataset_nimda_6893_5_rrc04.csv,0.65478515625,54.0,20.0,0.0,0.0,0.0
