,accuracy,epoch,lag,precision_0,recall_0,f1_0
dataset_aws-leak_15547_1_rrc04.csv,0.6488888888888888,29.0,20.0,0.027318199307425933,1.0,0.05318352059925094
dataset_aws-leak_15547_5_rrc04.csv,0.06666666666666667,29.0,20.0,0.011037527593818985,1.0,0.021834061135371178
dataset_aws-leak_34781_1_rrc04.csv,0.9818055555555556,29.0,20.0,0.3484848484848485,0.971830985915493,0.5130111524163569
dataset_aws-leak_34781_5_rrc04.csv,0.9645833333333333,29.0,20.0,0.20967741935483872,0.8666666666666667,0.33766233766233766
