,accuracy,epoch,lag,precision_0,recall_0,f1_0
dataset_code-red_513_1_rrc04.csv,0.8231502242152466,84.0,20.0,0.2937219730941704,0.9961977186311787,0.4536796536796537
dataset_code-red_513_5_rrc04.csv,0.6888888888888889,84.0,20.0,0.19133574007220217,1.0,0.32121212121212117
dataset_code-red_6893_1_rrc04.csv,0.9721132286995515,84.0,20.0,0.8958837772397095,0.7034220532319392,0.7880724174653888
dataset_code-red_6893_5_rrc04.csv,0.975,84.0,20.0,0.782258064516129,0.9150943396226415,0.8434782608695652
