,accuracy,epoch,lag,precision_0,recall_0,f1_0
dataset_slammer_513_1_rrc04.csv,0.4638888888888889,29.0,20.0,0.22645290581162325,1.0,0.369281045751634
dataset_slammer_513_5_rrc04.csv,0.9625,29.0,20.0,0.8208955223880597,0.9734513274336283,0.8906882591093117
dataset_slammer_559_1_rrc04.csv,0.24847222222222223,29.0,20.0,0.17275645925699434,1.0,0.29461608655977056
dataset_slammer_559_5_rrc04.csv,0.5875,29.0,20.0,0.27506112469437655,0.995575221238938,0.4310344827586207
dataset_slammer_6893_1_rrc04.csv,0.3476388888888889,29.0,20.0,0.19392483267547622,1.0,0.32485266637918647
dataset_slammer_6893_5_rrc04.csv,0.9638888888888889,29.0,20.0,0.935,0.827433628318584,0.8779342723004695
