,accuracy,epoch,lag,precision_0,recall_0,f1_0
dataset_slammer_513_1_rrc04.csv,0.8644444444444445,8.0,20.0,0.8811881188118812,0.15752212389380532,0.2672672672672673
dataset_slammer_513_5_rrc04.csv,0.88125,8.0,20.0,0.9104477611940298,0.26991150442477874,0.41638225255972694
dataset_slammer_559_1_rrc04.csv,0.8729166666666667,8.0,20.0,0.9694323144104804,0.19646017699115045,0.32671081677704195
dataset_slammer_559_5_rrc04.csv,0.8965277777777778,8.0,20.0,1.0,0.3407079646017699,0.5082508250825082
dataset_slammer_6893_1_rrc04.csv,0.8684722222222222,8.0,20.0,0.9140271493212669,0.17876106194690267,0.2990377498149519
dataset_slammer_6893_5_rrc04.csv,0.8791666666666667,8.0,20.0,0.9642857142857143,0.23893805309734514,0.3829787234042553
