,accuracy,epoch,lag,precision_0,recall_0,f1_0
dataset_code-red_513_1_rrc04.csv,0.16381726457399104,65.0,20.0,0.08101031880486678,1.0,0.1498789001282234
dataset_code-red_513_5_rrc04.csv,0.20833333333333334,65.0,20.0,0.08507223113964688,1.0,0.15680473372781067
dataset_code-red_6893_1_rrc04.csv,0.8416479820627802,65.0,20.0,0.3156288156288156,0.9828897338403042,0.47781885397412194
dataset_code-red_6893_5_rrc04.csv,0.7604166666666666,65.0,20.0,0.23503325942350334,1.0,0.38061041292639136
