,accuracy,epoch,lag,precision_0,recall_0,f1_0
dataset_aws-leak_15547_1_rrc04.csv,0.15486111111111112,92.0,20.0,0.011533463287849252,1.0,0.022803918419784807
dataset_aws-leak_15547_5_rrc04.csv,0.022222222222222223,92.0,20.0,0.010541110330288124,1.0,0.02086230876216968
dataset_aws-leak_34781_1_rrc04.csv,0.9769444444444444,92.0,20.0,0.2978723404255319,0.9859154929577465,0.45751633986928103
dataset_aws-leak_34781_5_rrc04.csv,0.9583333333333334,92.0,20.0,0.2,1.0,0.33333333333333337
