,accuracy,epoch,lag,precision_0,recall_0,f1_0
dataset_aws-leak_15547_1_rrc04.csv,0.3236111111111111,53.0,20.0,0.01436956081764825,1.0,0.02833200319233839
dataset_aws-leak_15547_5_rrc04.csv,0.029166666666666667,53.0,20.0,0.010615711252653927,1.0,0.021008403361344536
dataset_aws-leak_34781_1_rrc04.csv,0.9848611111111111,53.0,20.0,0.39325842696629215,0.9859154929577465,0.5622489959839357
dataset_aws-leak_34781_5_rrc04.csv,0.9611111111111111,53.0,20.0,0.2028985507246377,0.9333333333333333,0.33333333333333337
