,accuracy,epoch,lag,precision_0,recall_0,f1_0
dataset_nimda_513_1_rrc04.csv,0.6579914860681114,18.0,20.0,0.0,0.0,0.0
dataset_nimda_513_5_rrc04.csv,0.65478515625,18.0,20.0,0.0,0.0,0.0
dataset_nimda_559_1_rrc04.csv,0.8384287925696594,18.0,20.0,1.0,0.5275813295615276,0.6907407407407408
dataset_nimda_559_5_rrc04.csv,0.75439453125,18.0,20.0,0.6939163498098859,0.5162659123055162,0.592051905920519
dataset_nimda_6893_1_rrc04.csv,0.6579914860681114,18.0,20.0,0.0,0.0,0.0
dataset_nimda_6893_5_rrc04.csv,0.65478515625,18.0,20.0,0.0,0.0,0.0
