,accuracy,epoch,lag,precision_0,recall_0,f1_0
dataset_code-red_513_1_rrc04.csv,0.8429091928251121,47.0,20.0,0.3193685488767456,1.0,0.4841233317993557
dataset_code-red_513_5_rrc04.csv,0.6805555555555556,47.0,20.0,0.1872791519434629,1.0,0.31547619047619047
dataset_code-red_6893_1_rrc04.csv,0.9639854260089686,47.0,20.0,0.9113149847094801,0.5665399239543726,0.6987104337631888
dataset_code-red_6893_5_rrc04.csv,0.9694444444444444,47.0,20.0,0.75,0.8773584905660378,0.8086956521739131
