,accuracy,epoch,lag,precision_0,recall_0,f1_0
dataset_moscow_blackout_1853_1_rrc05.csv,0.9775,14.0,20.0,1.0,0.05263157894736842,0.1
dataset_moscow_blackout_1853_5_rrc05.csv,0.9777777777777777,14.0,20.0,1.0,0.08571428571428572,0.15789473684210528
dataset_moscow_blackout_12793_1_rrc05.csv,0.9920833333333333,14.0,20.0,0.9191176470588235,0.7309941520467836,0.8143322475570033
dataset_moscow_blackout_12793_5_rrc05.csv,0.9763888888888889,14.0,20.0,0.5142857142857142,0.5142857142857142,0.5142857142857142
