,accuracy,epoch,lag,precision_0,recall_0,f1_0
dataset_as9121_13237_1_rrc05.csv,0.9490277777777778,42.0,20.0,0.17272727272727273,0.9620253164556962,0.29287090558766865
dataset_as9121_13237_5_rrc05.csv,0.9069444444444444,42.0,20.0,0.09027777777777778,0.8125,0.1625
