,accuracy,epoch,lag,precision_0,recall_0,f1_0
dataset_japan-earthquake_2497_1_rrc06.csv,0.6141666666666666,88.0,20.0,0.12227488151658768,1.0,0.2179054054054054
dataset_japan-earthquake_2497_5_rrc06.csv,0.5736111111111111,88.0,20.0,0.11143270622286541,1.0,0.20052083333333331
dataset_japan-earthquake_10026_1_rv-sydney.csv,0.8906944444444445,88.0,20.0,0.32560137457044674,0.994750656167979,0.4906148867313916
