,accuracy,epoch,lag,precision_0,recall_0,f1_0
dataset_slammer_513_1_rrc04.csv,0.8769444444444444,56.0,20.0,0.5620549338758901,0.9778761061946902,0.7138242894056847
dataset_slammer_513_5_rrc04.csv,0.9673611111111111,56.0,20.0,0.8403041825095057,0.9778761061946902,0.903885480572597
dataset_slammer_559_1_rrc04.csv,0.19291666666666665,56.0,20.0,0.1628007491715891,1.0,0.28001486804609094
dataset_slammer_559_5_rrc04.csv,0.49027777777777776,56.0,20.0,0.2348643006263048,0.995575221238938,0.3800675675675676
dataset_slammer_6893_1_rrc04.csv,0.7972222222222223,56.0,20.0,0.4318744838976053,0.9256637168141593,0.588963963963964
dataset_slammer_6893_5_rrc04.csv,0.9597222222222223,56.0,20.0,0.868421052631579,0.8761061946902655,0.8722466960352423
