,accuracy,epoch,lag,precision_0,recall_0,f1_0
dataset_nimda_513_1_rrc04.csv,0.6579914860681114,86.0,20.0,0.0,0.0,0.0
dataset_nimda_513_5_rrc04.csv,0.65478515625,86.0,20.0,0.0,0.0,0.0
dataset_nimda_559_1_rrc04.csv,0.6594427244582043,86.0,20.0,0.9411764705882353,0.004526166902404526,0.009009009009009009
dataset_nimda_559_5_rrc04.csv,0.79638671875,86.0,20.0,0.9289940828402367,0.44413012729844414,0.600956937799043
dataset_nimda_6893_1_rrc04.csv,0.6590557275541795,86.0,20.0,1.0,0.0031117397454031117,0.006204173716864073
dataset_nimda_6893_5_rrc04.csv,0.65478515625,86.0,20.0,0.0,0.0,0.0
