,accuracy,epoch,lag,precision_0,recall_0,f1_0
dataset_aws-leak_15547_1_rrc04.csv,0.1,14.0,20.0,0.010838039993894062,1.0,0.021443672606463304
dataset_aws-leak_15547_5_rrc04.csv,0.1125,14.0,20.0,0.01160092807424594,1.0,0.02293577981651376
dataset_aws-leak_34781_1_rrc04.csv,0.9615277777777778,14.0,20.0,0.2005813953488372,0.971830985915493,0.33253012048192776
dataset_aws-leak_34781_5_rrc04.csv,0.9694444444444444,14.0,20.0,0.21568627450980393,0.7333333333333333,0.3333333333333333
