,accuracy,epoch,lag,precision_0,recall_0,f1_0
dataset_aws-leak_15547_1_rrc04.csv,0.5547222222222222,74.0,20.0,0.021666158071406774,1.0,0.04241338112305854
dataset_aws-leak_15547_5_rrc04.csv,0.030555555555555555,74.0,20.0,0.010630758327427357,1.0,0.021037868162692847
dataset_aws-leak_34781_1_rrc04.csv,0.9854166666666667,74.0,20.0,0.4011627906976744,0.971830985915493,0.5679012345679012
dataset_aws-leak_34781_5_rrc04.csv,0.9611111111111111,74.0,20.0,0.2028985507246377,0.9333333333333333,0.33333333333333337
