,accuracy,epoch,lag,precision_0,recall_0,f1_0
dataset_slammer_513_1_rrc04.csv,0.9341666666666667,99.0,20.0,0.9248704663212435,0.631858407079646,0.750788643533123
dataset_slammer_513_5_rrc04.csv,0.9527777777777777,99.0,20.0,0.8910891089108911,0.7964601769911505,0.8411214953271028
dataset_slammer_559_1_rrc04.csv,0.3115277777777778,99.0,20.0,0.18564153113192047,1.0,0.3131495081058612
dataset_slammer_559_5_rrc04.csv,0.5270833333333333,99.0,20.0,0.24861878453038674,0.995575221238938,0.3978779840848806
dataset_slammer_6893_1_rrc04.csv,0.9456944444444444,99.0,20.0,0.895187165775401,0.7407079646017699,0.8106537530266344
dataset_slammer_6893_5_rrc04.csv,0.9583333333333334,99.0,20.0,0.9108910891089109,0.8141592920353983,0.8598130841121495
