,accuracy,epoch,lag,precision_0,recall_0,f1_0
dataset_slammer_513_1_rrc04.csv,0.8052777777777778,62.0,20.0,0.44516129032258067,0.9769911504424779,0.6116343490304709
dataset_slammer_513_5_rrc04.csv,0.9708333333333333,62.0,20.0,0.8565891472868217,0.9778761061946902,0.9132231404958677
dataset_slammer_559_1_rrc04.csv,0.18138888888888888,62.0,20.0,0.160876993166287,1.0,0.27716458180034337
dataset_slammer_559_5_rrc04.csv,0.4861111111111111,62.0,20.0,0.23340248962655602,0.995575221238938,0.3781512605042017
dataset_slammer_6893_1_rrc04.csv,0.7125,62.0,20.0,0.3451910408432148,0.9274336283185841,0.5031204992798848
dataset_slammer_6893_5_rrc04.csv,0.9493055555555555,62.0,20.0,0.8311688311688312,0.8495575221238938,0.8402625820568927
