,accuracy,epoch,lag,precision_0,recall_0,f1_0
dataset_code-red_513_1_rrc04.csv,0.4369394618834081,81.0,20.0,0.11575704225352113,1.0,0.2074950690335306
dataset_code-red_513_5_rrc04.csv,0.42083333333333334,81.0,20.0,0.1127659574468085,1.0,0.20267686424474188
dataset_code-red_6893_1_rrc04.csv,0.9593609865470852,81.0,20.0,0.6501272264631043,0.9714828897338403,0.7789634146341463
dataset_code-red_6893_5_rrc04.csv,0.9152777777777777,81.0,20.0,0.4649122807017544,1.0,0.6347305389221557
