,accuracy,epoch,lag,precision_0,recall_0,f1_0
dataset_nimda_513_1_rrc04.csv,0.6581849845201239,55.0,20.0,1.0,0.0005657708628005657,0.0011309018942606728
dataset_nimda_513_5_rrc04.csv,0.65478515625,55.0,20.0,0.0,0.0,0.0
dataset_nimda_559_1_rrc04.csv,0.6600232198142415,55.0,20.0,0.8888888888888888,0.006789250353606789,0.01347557551937114
dataset_nimda_559_5_rrc04.csv,0.787109375,55.0,20.0,0.9247648902821317,0.41725601131541723,0.5750487329434698
dataset_nimda_6893_1_rrc04.csv,0.6590557275541795,55.0,20.0,1.0,0.0031117397454031117,0.006204173716864073
dataset_nimda_6893_5_rrc04.csv,0.65478515625,55.0,20.0,0.0,0.0,0.0
