,accuracy,epoch,lag,precision_0,recall_0,f1_0
dataset_malaysian-telecom_25091_1_rrc04.csv,0.31527777777777777,13.0,20.0,0.03616813294232649,1.0,0.069811320754717
dataset_malaysian-telecom_25091_5_rrc04.csv,0.7215277777777778,13.0,20.0,0.08447488584474885,1.0,0.15578947368421053
