,accuracy,epoch,lag,precision_0,recall_0,f1_0
dataset_as9121_13237_1_rrc05.csv,0.9534722222222223,14.0,20.0,0.18159203980099503,0.9240506329113924,0.3035343035343035
dataset_as9121_13237_5_rrc05.csv,0.9701388888888889,14.0,20.0,0.2,0.5625,0.2950819672131148
