,accuracy,epoch,lag,precision_0,recall_0,f1_0
dataset_nimda_513_1_rrc04.csv,0.6584752321981424,52.0,20.0,1.0,0.0014144271570014145,0.0028248587570621473
dataset_nimda_513_5_rrc04.csv,0.66015625,52.0,20.0,1.0,0.015558698727015558,0.03064066852367688
dataset_nimda_559_1_rrc04.csv,0.6782120743034056,52.0,20.0,0.9644444444444444,0.061386138613861385,0.1154255319148936
dataset_nimda_559_5_rrc04.csv,0.822265625,52.0,20.0,0.9054373522458629,0.5417256011315418,0.6778761061946903
dataset_nimda_6893_1_rrc04.csv,0.6599264705882353,52.0,20.0,1.0,0.005657708628005658,0.011251758087201125
dataset_nimda_6893_5_rrc04.csv,0.65478515625,52.0,20.0,0.0,0.0,0.0
