,accuracy,epoch,lag,precision_0,recall_0,f1_0
dataset_moscow_blackout_1853_1_rrc05.csv,0.9423611111111111,63.0,20.0,0.27898550724637683,0.9005847953216374,0.42600276625172895
dataset_moscow_blackout_1853_5_rrc05.csv,0.8902777777777777,63.0,20.0,0.14857142857142858,0.7428571428571429,0.24761904761904763
dataset_moscow_blackout_12793_1_rrc05.csv,0.9930555555555556,63.0,20.0,0.8379888268156425,0.8771929824561403,0.8571428571428571
dataset_moscow_blackout_12793_5_rrc05.csv,0.9645833333333333,63.0,20.0,0.38571428571428573,0.7714285714285715,0.5142857142857142
