,accuracy,epoch,lag,precision_0,recall_0,f1_0
dataset_moscow_blackout_1853_1_rrc05.csv,0.9201388888888888,47.0,20.0,0.22022160664819945,0.9298245614035088,0.35610302351623746
dataset_moscow_blackout_1853_5_rrc05.csv,0.9006944444444445,47.0,20.0,0.1625,0.7428571428571429,0.26666666666666666
dataset_moscow_blackout_12793_1_rrc05.csv,0.9920833333333333,47.0,20.0,0.8097826086956522,0.8713450292397661,0.8394366197183099
dataset_moscow_blackout_12793_5_rrc05.csv,0.9597222222222223,47.0,20.0,0.3466666666666667,0.7428571428571429,0.4727272727272728
