,accuracy,epoch,lag,precision_0,recall_0,f1_0
dataset_slammer_513_1_rrc04.csv,0.9425,85.0,20.0,0.9162790697674419,0.6973451327433628,0.7919597989949748
dataset_slammer_513_5_rrc04.csv,0.9590277777777778,85.0,20.0,0.892018779342723,0.8407079646017699,0.8656036446469249
dataset_slammer_559_1_rrc04.csv,0.2841666666666667,85.0,20.0,0.17982176957352006,1.0,0.30482870245481525
dataset_slammer_559_5_rrc04.csv,0.51875,85.0,20.0,0.24536532170119957,0.995575221238938,0.39370078740157477
dataset_slammer_6893_1_rrc04.csv,0.9565277777777778,85.0,20.0,0.8969873663751214,0.8168141592920354,0.8550254747568319
dataset_slammer_6893_5_rrc04.csv,0.9590277777777778,85.0,20.0,0.9033816425120773,0.827433628318584,0.8637413394919169
