,accuracy,epoch,lag,precision_0,recall_0,f1_0
dataset_japan-earthquake_2497_1_rrc06.csv,0.9497222222222222,11.0,20.0,0.7659574468085106,0.09302325581395349,0.16589861751152074
dataset_japan-earthquake_2497_5_rrc06.csv,0.9798611111111111,11.0,20.0,0.8333333333333334,0.7792207792207793,0.8053691275167787
dataset_japan-earthquake_10026_1_rv-sydney.csv,0.9590277777777778,11.0,20.0,0.93,0.2440944881889764,0.38669438669438666
