,accuracy,epoch,lag,precision_0,recall_0,f1_0
dataset_aws-leak_15547_1_rrc04.csv,0.6733333333333333,67.0,20.0,0.028913672036348616,0.9859154929577465,0.05617977528089888
dataset_aws-leak_15547_5_rrc04.csv,0.04513888888888889,67.0,20.0,0.01079136690647482,1.0,0.02135231316725979
dataset_aws-leak_34781_1_rrc04.csv,0.9876388888888888,67.0,20.0,0.4423076923076923,0.971830985915493,0.6079295154185023
dataset_aws-leak_34781_5_rrc04.csv,0.9645833333333333,67.0,20.0,0.21875,0.9333333333333333,0.35443037974683544
