,accuracy,epoch,lag,precision_0,recall_0,f1_0
dataset_slammer_513_1_rrc04.csv,0.23291666666666666,21.0,20.0,0.16984818878701338,1.0,0.2903764615186946
dataset_slammer_513_5_rrc04.csv,0.6618055555555555,21.0,20.0,0.31383737517831667,0.9734513274336283,0.4746494066882417
dataset_slammer_559_1_rrc04.csv,0.3476388888888889,21.0,20.0,0.1918092275790565,0.9823008849557522,0.3209483880294925
dataset_slammer_559_5_rrc04.csv,0.6430555555555556,21.0,20.0,0.30434782608695654,0.9911504424778761,0.4656964656964657
dataset_slammer_6893_1_rrc04.csv,0.16777777777777778,21.0,20.0,0.15866329682673405,1.0,0.27387300048473096
dataset_slammer_6893_5_rrc04.csv,0.9625,21.0,20.0,0.9174757281553398,0.8362831858407079,0.8750000000000001
