,accuracy,epoch,lag,precision_0,recall_0,f1_0
dataset_slammer_513_1_rrc04.csv,0.9334722222222223,80.0,20.0,0.9125475285171103,0.6371681415929203,0.7503908285565398
dataset_slammer_513_5_rrc04.csv,0.9513888888888888,80.0,20.0,0.8823529411764706,0.7964601769911505,0.8372093023255814
dataset_slammer_559_1_rrc04.csv,0.20805555555555555,80.0,20.0,0.16539812646370022,1.0,0.28384827932680234
dataset_slammer_559_5_rrc04.csv,0.5013888888888889,80.0,20.0,0.23885350318471338,0.995575221238938,0.38527397260273977
dataset_slammer_6893_1_rrc04.csv,0.9401388888888889,80.0,20.0,0.8794788273615635,0.7168141592920354,0.7898586055582643
dataset_slammer_6893_5_rrc04.csv,0.9541666666666667,80.0,20.0,0.8809523809523809,0.8185840707964602,0.8486238532110092
