,accuracy,epoch,lag,precision_0,recall_0,f1_0
dataset_nimda_513_1_rrc04.csv,0.6584752321981424,57.0,20.0,1.0,0.0014144271570014145,0.0028248587570621473
dataset_nimda_513_5_rrc04.csv,0.6552734375,57.0,20.0,1.0,0.0014144271570014145,0.0028248587570621473
dataset_nimda_559_1_rrc04.csv,0.666795665634675,57.0,20.0,0.9026548672566371,0.028854314002828854,0.05592105263157894
dataset_nimda_559_5_rrc04.csv,0.8076171875,57.0,20.0,0.9064935064935065,0.49363507779349364,0.6391941391941391
dataset_nimda_6893_1_rrc04.csv,0.6591524767801857,57.0,20.0,1.0,0.0033946251768033945,0.0067662813645334085
dataset_nimda_6893_5_rrc04.csv,0.65478515625,57.0,20.0,0.0,0.0,0.0
