,accuracy,epoch,lag,precision_0,recall_0,f1_0
dataset_aws-leak_15547_1_rrc04.csv,0.5919444444444445,57.0,20.0,0.023595879029577934,1.0,0.04610389610389611
dataset_aws-leak_15547_5_rrc04.csv,0.0375,57.0,20.0,0.010706638115631691,1.0,0.021186440677966097
dataset_aws-leak_34781_1_rrc04.csv,0.9866666666666667,57.0,20.0,0.4233128834355828,0.971830985915493,0.5897435897435898
dataset_aws-leak_34781_5_rrc04.csv,0.9645833333333333,57.0,20.0,0.21875,0.9333333333333333,0.35443037974683544
