,accuracy,epoch,lag,precision_0,recall_0,f1_0
dataset_as9121_13237_1_rrc05.csv,0.9640277777777778,51.0,20.0,0.22727272727272727,0.9493670886075949,0.3667481662591687
dataset_as9121_13237_5_rrc05.csv,0.9395833333333333,51.0,20.0,0.13402061855670103,0.8125,0.23008849557522126
