,accuracy,epoch,lag,precision_0,recall_0,f1_0
dataset_slammer_513_1_rrc04.csv,0.5859722222222222,57.0,20.0,0.274323335771763,0.995575221238938,0.4301280825845919
dataset_slammer_513_5_rrc04.csv,0.9472222222222222,57.0,20.0,0.7551020408163265,0.9823008849557522,0.8538461538461538
dataset_slammer_559_1_rrc04.csv,0.16180555555555556,57.0,20.0,0.15771109560362875,1.0,0.27245328511151296
dataset_slammer_559_5_rrc04.csv,0.43680555555555556,57.0,20.0,0.21793635486981677,1.0,0.3578780680918448
dataset_slammer_6893_1_rrc04.csv,0.43041666666666667,57.0,20.0,0.21525781100249186,0.9938053097345133,0.35386796911926893
dataset_slammer_6893_5_rrc04.csv,0.9256944444444445,57.0,20.0,0.6989966555183946,0.9247787610619469,0.7961904761904761
