,accuracy,epoch,lag,precision_0,recall_0,f1_0
dataset_slammer_513_1_rrc04.csv,0.94125,55.0,20.0,0.9316239316239316,0.6752212389380531,0.7829656233966137
dataset_slammer_513_5_rrc04.csv,0.9652777777777778,55.0,20.0,0.8963963963963963,0.8805309734513275,0.8883928571428572
dataset_slammer_559_1_rrc04.csv,0.3302777777777778,55.0,20.0,0.1898521505376344,1.0,0.3191188929680881
dataset_slammer_559_5_rrc04.csv,0.5513888888888889,55.0,20.0,0.25862068965517243,0.995575221238938,0.41058394160583944
dataset_slammer_6893_1_rrc04.csv,0.9502777777777778,55.0,20.0,0.9232456140350878,0.7451327433628319,0.8246816846229188
dataset_slammer_6893_5_rrc04.csv,0.96875,55.0,20.0,0.9689119170984456,0.827433628318584,0.8926014319809069
