,accuracy,epoch,lag,precision_0,recall_0,f1_0
dataset_aws-leak_15547_1_rrc04.csv,0.8409722222222222,38.0,20.0,0.05693069306930693,0.971830985915493,0.10756040530007795
dataset_aws-leak_15547_5_rrc04.csv,0.11527777777777778,38.0,20.0,0.011636927851047323,1.0,0.023006134969325152
dataset_aws-leak_34781_1_rrc04.csv,0.98625,38.0,20.0,0.41566265060240964,0.971830985915493,0.5822784810126582
dataset_aws-leak_34781_5_rrc04.csv,0.9645833333333333,38.0,20.0,0.20967741935483872,0.8666666666666667,0.33766233766233766
