,accuracy,epoch,lag,precision_0,recall_0,f1_0
dataset_moscow_blackout_1853_1_rrc05.csv,0.7977777777777778,51.0,20.0,0.10167389956602604,0.9590643274853801,0.18385650224215247
dataset_moscow_blackout_1853_5_rrc05.csv,0.8493055555555555,51.0,20.0,0.11440677966101695,0.7714285714285715,0.1992619926199262
dataset_moscow_blackout_12793_1_rrc05.csv,0.9920833333333333,51.0,20.0,0.8031914893617021,0.8830409356725146,0.841225626740947
dataset_moscow_blackout_12793_5_rrc05.csv,0.9597222222222223,51.0,20.0,0.35064935064935066,0.7714285714285715,0.4821428571428572
