,accuracy,epoch,lag,precision_0,recall_0,f1_0
dataset_slammer_513_1_rrc04.csv,0.9276388888888889,19.0,20.0,0.8313384113166485,0.6761061946902654,0.7457296242069301
dataset_slammer_513_5_rrc04.csv,0.9381944444444444,19.0,20.0,1.0,0.6061946902654868,0.7548209366391184
dataset_slammer_559_1_rrc04.csv,0.92375,19.0,20.0,0.9849749582637729,0.5221238938053098,0.6824754193175246
dataset_slammer_559_5_rrc04.csv,0.9618055555555556,19.0,20.0,1.0,0.7566371681415929,0.8614609571788413
dataset_slammer_6893_1_rrc04.csv,0.9140277777777778,19.0,20.0,1.0,0.452212389380531,0.6227909811090798
dataset_slammer_6893_5_rrc04.csv,0.9277777777777778,19.0,20.0,1.0,0.5398230088495575,0.7011494252873562
