,accuracy,epoch,lag,precision_0,recall_0,f1_0
dataset_malaysian-telecom_25091_1_rrc04.csv,0.07263888888888889,36.0,20.0,0.026960069950451762,1.0,0.05250461189158507
dataset_malaysian-telecom_25091_5_rrc04.csv,0.26180555555555557,36.0,20.0,0.03363636363636364,1.0,0.06508355321020229
