,accuracy,epoch,lag,precision_0,recall_0,f1_0
dataset_slammer_513_1_rrc04.csv,0.9620833333333333,36.0,20.0,0.9582887700534759,0.7929203539823009,0.8677966101694916
dataset_slammer_513_5_rrc04.csv,0.9722222222222222,36.0,20.0,0.9078947368421053,0.915929203539823,0.9118942731277533
dataset_slammer_559_1_rrc04.csv,0.41347222222222224,36.0,20.0,0.21109658135624884,1.0,0.34860404133888634
dataset_slammer_559_5_rrc04.csv,0.6951388888888889,36.0,20.0,0.3388804841149773,0.9911504424778761,0.5050732807215332
dataset_slammer_6893_1_rrc04.csv,0.9590277777777778,36.0,20.0,0.947481243301179,0.7823008849557522,0.8570043625787689
dataset_slammer_6893_5_rrc04.csv,0.9673611111111111,36.0,20.0,0.9786096256684492,0.8097345132743363,0.8861985472154963
