,accuracy,epoch,lag,precision_0,recall_0,f1_0
dataset_code-red_513_1_rrc04.csv,0.7291199551569507,87.0,20.0,0.21390809272061814,1.0,0.35242881072026805
dataset_code-red_513_5_rrc04.csv,0.5083333333333333,87.0,20.0,0.13022113022113022,1.0,0.23043478260869563
dataset_code-red_6893_1_rrc04.csv,0.9708520179372198,87.0,20.0,0.8034351145038168,0.8003802281368821,0.8019047619047619
dataset_code-red_6893_5_rrc04.csv,0.9541666666666667,87.0,20.0,0.6176470588235294,0.9905660377358491,0.7608695652173915
