,accuracy,epoch,lag,precision_0,recall_0,f1_0
dataset_aws-leak_15547_1_rrc04.csv,0.06236111111111111,99.0,20.0,0.010407505130460275,1.0,0.020600609313796606
dataset_aws-leak_15547_5_rrc04.csv,0.015277777777777777,99.0,20.0,0.0104675505931612,1.0,0.02071823204419889
dataset_aws-leak_34781_1_rrc04.csv,0.9575,99.0,20.0,0.18666666666666668,0.9859154929577465,0.31390134529147984
dataset_aws-leak_34781_5_rrc04.csv,0.9277777777777778,99.0,20.0,0.12605042016806722,1.0,0.22388059701492538
