,accuracy,epoch,lag,precision_0,recall_0,f1_0
dataset_aws-leak_15547_1_rrc04.csv,0.9944444444444445,4.0,20.0,0.7719298245614035,0.6197183098591549,0.6875
dataset_aws-leak_15547_5_rrc04.csv,0.9826388888888888,4.0,20.0,0.0,0.0,0.0
dataset_aws-leak_34781_1_rrc04.csv,0.9941666666666666,4.0,20.0,0.6986301369863014,0.7183098591549296,0.7083333333333335
dataset_aws-leak_34781_5_rrc04.csv,0.9798611111111111,4.0,20.0,0.0,0.0,0.0
