,accuracy,epoch,lag,precision_0,recall_0,f1_0
dataset_code-red_513_1_rrc04.csv,0.9265695067264574,8.0,20.0,0.6,0.011406844106463879,0.02238805970149254
dataset_code-red_513_5_rrc04.csv,0.9409722222222222,8.0,20.0,0.7692307692307693,0.2830188679245283,0.41379310344827586
dataset_code-red_6893_1_rrc04.csv,0.9260089686098655,8.0,20.0,0.0,0.0,0.0
dataset_code-red_6893_5_rrc04.csv,0.9256944444444445,8.0,20.0,0.0,0.0,0.0
