,accuracy,epoch,lag,precision_0,recall_0,f1_0
dataset_nimda_513_1_rrc04.csv,0.6580882352941176,32.0,20.0,1.0,0.0002828854314002829,0.0005656108597285067
dataset_nimda_513_5_rrc04.csv,0.6552734375,32.0,20.0,1.0,0.0014144271570014145,0.0028248587570621473
dataset_nimda_559_1_rrc04.csv,0.6742453560371517,32.0,20.0,1.0,0.047524752475247525,0.09073724007561436
dataset_nimda_559_5_rrc04.csv,0.80859375,32.0,20.0,0.9758308157099698,0.45685997171145687,0.6223506743737957
dataset_nimda_6893_1_rrc04.csv,0.6590557275541795,32.0,20.0,1.0,0.0031117397454031117,0.006204173716864073
dataset_nimda_6893_5_rrc04.csv,0.65478515625,32.0,20.0,0.0,0.0,0.0
