,accuracy,epoch,lag,precision_0,recall_0,f1_0
dataset_as9121_13237_1_rrc05.csv,0.9913888888888889,9.0,20.0,0.5752212389380531,0.8227848101265823,0.6770833333333333
dataset_as9121_13237_5_rrc05.csv,0.9763888888888889,9.0,20.0,0.05,0.0625,0.05555555555555556
