,accuracy,epoch,lag,precision_0,recall_0,f1_0
dataset_malaysian-telecom_25091_1_rrc04.csv,0.06986111111111111,20.0,20.0,0.026881720430107527,1.0,0.05235602094240838
dataset_malaysian-telecom_25091_5_rrc04.csv,0.6854166666666667,20.0,20.0,0.07551020408163266,1.0,0.14041745730550284
