,accuracy,epoch,lag,precision_0,recall_0,f1_0
dataset_moscow_blackout_1853_1_rrc05.csv,0.9731944444444445,2.0,20.0,0.0,0.0,0.0
dataset_moscow_blackout_1853_5_rrc05.csv,0.9652777777777778,2.0,20.0,0.2222222222222222,0.17142857142857143,0.1935483870967742
dataset_moscow_blackout_12793_1_rrc05.csv,0.9719444444444445,2.0,20.0,0.36752136752136755,0.25146198830409355,0.2986111111111111
dataset_moscow_blackout_12793_5_rrc05.csv,0.9569444444444445,2.0,20.0,0.17073170731707318,0.2,0.1842105263157895
