,accuracy,epoch,lag,precision_0,recall_0,f1_0
dataset_moscow_blackout_1853_1_rrc05.csv,0.965,50.0,20.0,0.3871866295264624,0.8128654970760234,0.5245283018867924
dataset_moscow_blackout_1853_5_rrc05.csv,0.925,50.0,20.0,0.2032520325203252,0.7142857142857143,0.31645569620253167
dataset_moscow_blackout_12793_1_rrc05.csv,0.9926388888888888,50.0,20.0,0.8314606741573034,0.8654970760233918,0.8481375358166189
dataset_moscow_blackout_12793_5_rrc05.csv,0.9652777777777778,50.0,20.0,0.38461538461538464,0.7142857142857143,0.5
