,accuracy,epoch,lag,precision_0,recall_0,f1_0
dataset_code-red_513_1_rrc04.csv,0.12275784753363228,74.0,20.0,0.07751252578838785,1.0,0.14387308533916848
dataset_code-red_513_5_rrc04.csv,0.11736111111111111,74.0,20.0,0.07697893972403776,1.0,0.14295347269049224
dataset_code-red_6893_1_rrc04.csv,0.48402466367713004,74.0,20.0,0.125,1.0,0.2222222222222222
dataset_code-red_6893_5_rrc04.csv,0.6201388888888889,74.0,20.0,0.16232771822358347,1.0,0.2793148880105402
