,accuracy,epoch,lag,precision_0,recall_0,f1_0
dataset_as9121_13237_1_rrc05.csv,0.9605555555555556,70.0,20.0,0.2112676056338028,0.9493670886075949,0.3456221198156682
dataset_as9121_13237_5_rrc05.csv,0.9270833333333334,70.0,20.0,0.11304347826086956,0.8125,0.1984732824427481
