,accuracy,epoch,lag,precision_0,recall_0,f1_0
dataset_as9121_13237_1_rrc05.csv,0.7288888888888889,49.0,20.0,0.03844258255298177,0.9873417721518988,0.07400379506641366
dataset_as9121_13237_5_rrc05.csv,0.8819444444444444,49.0,20.0,0.07692307692307693,0.875,0.14141414141414144
