,accuracy,epoch,lag,precision_0,recall_0,f1_0
dataset_nimda_513_1_rrc04.csv,0.6586687306501547,70.0,20.0,1.0,0.0019801980198019802,0.003952569169960474
dataset_nimda_513_5_rrc04.csv,0.66796875,70.0,20.0,1.0,0.03818953323903819,0.07356948228882833
dataset_nimda_559_1_rrc04.csv,0.716234520123839,70.0,20.0,0.9024064171122995,0.19094766619519093,0.3151996264300724
dataset_nimda_559_5_rrc04.csv,0.81982421875,70.0,20.0,0.7522388059701492,0.7128712871287128,0.7320261437908496
dataset_nimda_6893_1_rrc04.csv,0.660797213622291,70.0,20.0,1.0,0.008203677510608205,0.016273849607182943
dataset_nimda_6893_5_rrc04.csv,0.65869140625,70.0,20.0,1.0,0.011315417256011316,0.02237762237762238
