,accuracy,epoch,lag,precision_0,recall_0,f1_0
dataset_slammer_513_1_rrc04.csv,0.46208333333333335,28.0,20.0,0.22586448131121328,1.0,0.36849828795043216
dataset_slammer_513_5_rrc04.csv,0.9618055555555556,28.0,20.0,0.8202247191011236,0.9690265486725663,0.8884381338742393
dataset_slammer_559_1_rrc04.csv,0.3213888888888889,28.0,20.0,0.18783244680851063,1.0,0.3162608452280996
dataset_slammer_559_5_rrc04.csv,0.6173611111111111,28.0,20.0,0.2897800776196636,0.9911504424778761,0.44844844844844833
dataset_slammer_6893_1_rrc04.csv,0.3451388888888889,28.0,20.0,0.19311761684643042,0.9982300884955753,0.3236264524458471
dataset_slammer_6893_5_rrc04.csv,0.9645833333333333,28.0,20.0,0.9353233830845771,0.831858407079646,0.8805620608899297
