,accuracy,epoch,lag,precision_0,recall_0,f1_0
dataset_japan-earthquake_2497_1_rrc06.csv,0.9779166666666667,87.0,20.0,0.7103321033210332,0.9948320413436692,0.8288482238966631
dataset_japan-earthquake_2497_5_rrc06.csv,0.8284722222222223,87.0,20.0,0.23765432098765432,1.0,0.38403990024937656
dataset_japan-earthquake_10026_1_rv-sydney.csv,0.9829166666666667,87.0,20.0,0.7721518987341772,0.9606299212598425,0.856140350877193
