,accuracy,epoch,lag,precision_0,recall_0,f1_0
dataset_aws-leak_15547_1_rrc04.csv,0.13083333333333333,76.0,20.0,0.011218201927634697,1.0,0.0221875
dataset_aws-leak_15547_5_rrc04.csv,0.022916666666666665,76.0,20.0,0.010548523206751054,1.0,0.020876826722338204
dataset_aws-leak_34781_1_rrc04.csv,0.9725,76.0,20.0,0.26217228464419473,0.9859154929577465,0.4142011834319526
dataset_aws-leak_34781_5_rrc04.csv,0.95,76.0,20.0,0.1724137931034483,1.0,0.29411764705882354
