,accuracy,epoch,lag,precision_0,recall_0,f1_0
dataset_as9121_13237_1_rrc05.csv,0.9625,34.0,20.0,0.2182890855457227,0.9367088607594937,0.354066985645933
dataset_as9121_13237_5_rrc05.csv,0.9506944444444444,34.0,20.0,0.1518987341772152,0.75,0.25263157894736843
