,accuracy,epoch,lag,precision_0,recall_0,f1_0
dataset_nimda_513_1_rrc04.csv,0.6579914860681114,35.0,20.0,0.0,0.0,0.0
dataset_nimda_513_5_rrc04.csv,0.65478515625,35.0,20.0,0.0,0.0,0.0
dataset_nimda_559_1_rrc04.csv,0.6585719814241486,35.0,20.0,1.0,0.0016973125884016972,0.0033888731996611124
dataset_nimda_559_5_rrc04.csv,0.7275390625,35.0,20.0,0.9745222929936306,0.2164073550212164,0.3541666666666667
dataset_nimda_6893_1_rrc04.csv,0.6589589783281734,35.0,20.0,1.0,0.002828854314002829,0.005641748942172073
dataset_nimda_6893_5_rrc04.csv,0.65478515625,35.0,20.0,0.0,0.0,0.0
