,accuracy,epoch,lag,precision_0,recall_0,f1_0
dataset_malaysian-telecom_25091_1_rrc04.csv,0.12472222222222222,22.0,20.0,0.02851857561276399,1.0,0.05545563549160672
dataset_malaysian-telecom_25091_5_rrc04.csv,0.6916666666666667,22.0,20.0,0.07692307692307693,1.0,0.14285714285714288
