,accuracy,epoch,lag,precision_0,recall_0,f1_0
dataset_slammer_513_1_rrc04.csv,0.7111111111111111,33.0,20.0,0.3514696685428393,0.9946902654867257,0.5194085027726433
dataset_slammer_513_5_rrc04.csv,0.9770833333333333,33.0,20.0,0.8938775510204081,0.9690265486725663,0.9299363057324841
dataset_slammer_559_1_rrc04.csv,0.24069444444444443,33.0,20.0,0.17128998029407305,1.0,0.2924809110909797
dataset_slammer_559_5_rrc04.csv,0.5763888888888888,33.0,20.0,0.2697841726618705,0.995575221238938,0.42452830188679247
dataset_slammer_6893_1_rrc04.csv,0.6597222222222222,33.0,20.0,0.3082510168506682,0.9389380530973451,0.4641294838145232
dataset_slammer_6893_5_rrc04.csv,0.9638888888888889,33.0,20.0,0.9393939393939394,0.8230088495575221,0.8773584905660378
