,accuracy,epoch,lag,precision_0,recall_0,f1_0
dataset_nimda_513_1_rrc04.csv,0.7031733746130031,20.0,20.0,1.0,0.1321074964639321,0.23338330834582707
dataset_nimda_513_5_rrc04.csv,0.70947265625,20.0,20.0,1.0,0.15841584158415842,0.27350427350427353
dataset_nimda_559_1_rrc04.csv,0.6536377708978328,20.0,20.0,0.4968376669009136,1.0,0.6638497652582159
dataset_nimda_559_5_rrc04.csv,0.728515625,20.0,20.0,0.5629691409507923,0.9547383309759547,0.7082896117523609
dataset_nimda_6893_1_rrc04.csv,0.6600232198142415,20.0,20.0,1.0,0.005940594059405941,0.011811023622047244
dataset_nimda_6893_5_rrc04.csv,0.65478515625,20.0,20.0,0.0,0.0,0.0
