,accuracy,epoch,lag,precision_0,recall_0,f1_0
dataset_code-red_513_1_rrc04.csv,0.6768497757847534,36.0,20.0,0.18573446327683615,1.0,0.3132817153067302
dataset_code-red_513_5_rrc04.csv,0.7083333333333334,36.0,20.0,0.20152091254752852,1.0,0.33544303797468356
dataset_code-red_6893_1_rrc04.csv,0.9798206278026906,36.0,20.0,0.8498168498168498,0.8821292775665399,0.8656716417910447
dataset_code-red_6893_5_rrc04.csv,0.96875,36.0,20.0,0.7019867549668874,1.0,0.8249027237354086
