,accuracy,epoch,lag,precision_0,recall_0,f1_0
dataset_japan-earthquake_2497_1_rrc06.csv,0.5579166666666666,46.0,20.0,0.10840336134453782,1.0,0.1956027293404094
dataset_japan-earthquake_2497_5_rrc06.csv,0.45694444444444443,46.0,20.0,0.08963911525029103,1.0,0.1645299145299145
dataset_japan-earthquake_10026_1_rv-sydney.csv,0.8468055555555556,46.0,20.0,0.254421768707483,0.9816272965879265,0.4041058887088061
