,accuracy,epoch,lag,precision_0,recall_0,f1_0
dataset_aws-leak_15547_1_rrc04.csv,0.10347222222222222,85.0,20.0,0.010879558688323628,1.0,0.021524935576777322
dataset_aws-leak_15547_5_rrc04.csv,0.022916666666666665,85.0,20.0,0.010548523206751054,1.0,0.020876826722338204
dataset_aws-leak_34781_1_rrc04.csv,0.9702777777777778,85.0,20.0,0.24734982332155478,0.9859154929577465,0.3954802259887006
dataset_aws-leak_34781_5_rrc04.csv,0.9493055555555555,85.0,20.0,0.17045454545454544,1.0,0.2912621359223301
