,accuracy,epoch,lag,precision_0,recall_0,f1_0
dataset_malaysian-telecom_25091_1_rrc04.csv,0.028055555555555556,28.0,20.0,0.025755255464290687,1.0,0.05021715526601521
dataset_malaysian-telecom_25091_5_rrc04.csv,0.10347222222222222,28.0,20.0,0.02786144578313253,1.0,0.054212454212454214
