,accuracy,epoch,lag,precision_0,recall_0,f1_0
dataset_moscow_blackout_1853_1_rrc05.csv,0.95625,74.0,20.0,0.3235294117647059,0.7719298245614035,0.45595854922279794
dataset_moscow_blackout_1853_5_rrc05.csv,0.9034722222222222,74.0,20.0,0.16666666666666666,0.7428571428571429,0.27225130890052357
dataset_moscow_blackout_12793_1_rrc05.csv,0.9931944444444445,74.0,20.0,0.8465909090909091,0.8713450292397661,0.8587896253602305
dataset_moscow_blackout_12793_5_rrc05.csv,0.9666666666666667,74.0,20.0,0.3968253968253968,0.7142857142857143,0.5102040816326531
