,accuracy,epoch,lag,precision_0,recall_0,f1_0
dataset_code-red_513_1_rrc04.csv,0.960622197309417,14.0,20.0,0.8319783197831978,0.5836501901140685,0.6860335195530727
dataset_code-red_513_5_rrc04.csv,0.9319444444444445,14.0,20.0,0.5377358490566038,0.5377358490566038,0.5377358490566038
dataset_code-red_6893_1_rrc04.csv,0.9262892376681614,14.0,20.0,0.0,0.0,0.0
dataset_code-red_6893_5_rrc04.csv,0.9263888888888889,14.0,20.0,0.0,0.0,0.0
