,accuracy,epoch,lag,precision_0,recall_0,f1_0
dataset_aws-leak_15547_1_rrc04.csv,0.17722222222222223,21.0,20.0,0.011843202668890742,1.0,0.02340916584240026
dataset_aws-leak_15547_5_rrc04.csv,0.05138888888888889,21.0,20.0,0.010861694424330196,1.0,0.02148997134670487
dataset_aws-leak_34781_1_rrc04.csv,0.9752777777777778,21.0,20.0,0.27983539094650206,0.9577464788732394,0.43312101910828027
dataset_aws-leak_34781_5_rrc04.csv,0.9666666666666667,21.0,20.0,0.21052631578947367,0.8,0.3333333333333333
