,accuracy,epoch,lag,precision_0,recall_0,f1_0
dataset_moscow_blackout_1853_1_rrc05.csv,0.9268055555555555,98.0,20.0,0.21382636655948553,0.7777777777777778,0.3354350567465322
dataset_moscow_blackout_1853_5_rrc05.csv,0.8763888888888889,98.0,20.0,0.13705583756345177,0.7714285714285715,0.23275862068965517
dataset_moscow_blackout_12793_1_rrc05.csv,0.9934722222222222,98.0,20.0,0.848314606741573,0.8830409356725146,0.8653295128939827
dataset_moscow_blackout_12793_5_rrc05.csv,0.9694444444444444,98.0,20.0,0.4262295081967213,0.7428571428571429,0.5416666666666666
