,accuracy,epoch,lag,precision_0,recall_0,f1_0
dataset_moscow_blackout_1853_1_rrc05.csv,0.9558333333333333,84.0,20.0,0.3194103194103194,0.7602339181286549,0.44982698961937717
dataset_moscow_blackout_1853_5_rrc05.csv,0.9083333333333333,84.0,20.0,0.174496644295302,0.7428571428571429,0.2826086956521739
dataset_moscow_blackout_12793_1_rrc05.csv,0.9936111111111111,84.0,20.0,0.861271676300578,0.8713450292397661,0.8662790697674418
dataset_moscow_blackout_12793_5_rrc05.csv,0.9694444444444444,84.0,20.0,0.423728813559322,0.7142857142857143,0.5319148936170213
