,accuracy,epoch,lag,precision_0,recall_0,f1_0
dataset_moscow_blackout_1853_1_rrc05.csv,0.9366666666666666,79.0,20.0,0.24867724867724866,0.8245614035087719,0.38211382113821135
dataset_moscow_blackout_1853_5_rrc05.csv,0.8805555555555555,79.0,20.0,0.13756613756613756,0.7428571428571429,0.23214285714285715
dataset_moscow_blackout_12793_1_rrc05.csv,0.9933333333333333,79.0,20.0,0.8435754189944135,0.8830409356725146,0.8628571428571428
dataset_moscow_blackout_12793_5_rrc05.csv,0.9673611111111111,79.0,20.0,0.40625,0.7428571428571429,0.5252525252525253
