,accuracy,epoch,lag,precision_0,recall_0,f1_0
dataset_nimda_513_1_rrc04.csv,0.6581849845201239,28.0,20.0,1.0,0.0005657708628005657,0.0011309018942606728
dataset_nimda_513_5_rrc04.csv,0.65625,28.0,20.0,1.0,0.004243281471004243,0.008450704225352112
dataset_nimda_559_1_rrc04.csv,0.677921826625387,28.0,20.0,1.0,0.058274398868458276,0.11013098102111736
dataset_nimda_559_5_rrc04.csv,0.79052734375,28.0,20.0,0.9727891156462585,0.4045261669024045,0.5714285714285714
dataset_nimda_6893_1_rrc04.csv,0.6589589783281734,28.0,20.0,1.0,0.002828854314002829,0.005641748942172073
dataset_nimda_6893_5_rrc04.csv,0.65478515625,28.0,20.0,0.0,0.0,0.0
