,accuracy,epoch,lag,precision_0,recall_0,f1_0
dataset_aws-leak_15547_1_rrc04.csv,0.42375,46.0,20.0,0.016824644549763033,1.0,0.03309251922628758
dataset_aws-leak_15547_5_rrc04.csv,0.03263888888888889,46.0,20.0,0.01065340909090909,1.0,0.021082220660576245
dataset_aws-leak_34781_1_rrc04.csv,0.9859722222222222,46.0,20.0,0.4117647058823529,0.9859154929577465,0.5809128630705395
dataset_aws-leak_34781_5_rrc04.csv,0.9638888888888889,46.0,20.0,0.2153846153846154,0.9333333333333333,0.3500000000000001
