,accuracy,epoch,lag,precision_0,recall_0,f1_0
dataset_japan-earthquake_2497_1_rrc06.csv,0.9880555555555556,56.0,20.0,0.8250539956803455,0.9870801033591732,0.8988235294117647
dataset_japan-earthquake_2497_5_rrc06.csv,0.8881944444444444,56.0,20.0,0.3235294117647059,1.0,0.48888888888888893
dataset_japan-earthquake_10026_1_rv-sydney.csv,0.9875,56.0,20.0,0.8506024096385543,0.926509186351706,0.8869346733668342
