,accuracy,epoch,lag,precision_0,recall_0,f1_0
dataset_code-red_513_1_rrc04.csv,0.6282230941704036,86.0,20.0,0.16546083674111356,1.0,0.283940620782726
dataset_code-red_513_5_rrc04.csv,0.5375,86.0,20.0,0.13730569948186527,1.0,0.24145785876993164
dataset_code-red_6893_1_rrc04.csv,0.9802410313901345,86.0,20.0,0.8558225508317929,0.8802281368821293,0.8678537956888471
dataset_code-red_6893_5_rrc04.csv,0.9715277777777778,86.0,20.0,0.7210884353741497,1.0,0.8379446640316206
