,accuracy,epoch,lag,precision_0,recall_0,f1_0
dataset_malaysian-telecom_25091_1_rrc04.csv,0.46541666666666665,99.0,20.0,0.0458601883986118,1.0,0.08769850675515525
dataset_malaysian-telecom_25091_5_rrc04.csv,0.8347222222222223,99.0,20.0,0.13454545454545455,1.0,0.2371794871794872
