,accuracy,epoch,lag,precision_0,recall_0,f1_0
dataset_malaysian-telecom_25091_1_rrc04.csv,0.9177777777777778,15.0,20.0,0.2325886990801577,0.9567567567567568,0.3742071881606765
dataset_malaysian-telecom_25091_5_rrc04.csv,0.9659722222222222,15.0,20.0,0.4189189189189189,0.8378378378378378,0.5585585585585585
