,accuracy,epoch,lag,precision_0,recall_0,f1_0
dataset_malaysian-telecom_25091_1_rrc04.csv,0.04486111111111111,40.0,20.0,0.026196544888133673,1.0,0.05105560921760729
dataset_malaysian-telecom_25091_5_rrc04.csv,0.25833333333333336,40.0,20.0,0.0334841628959276,1.0,0.0647985989492119
