,accuracy,epoch,lag,precision_0,recall_0,f1_0
dataset_nimda_513_1_rrc04.csv,0.6579914860681114,77.0,20.0,0.0,0.0,0.0
dataset_nimda_513_5_rrc04.csv,0.65478515625,77.0,20.0,0.0,0.0,0.0
dataset_nimda_559_1_rrc04.csv,0.6591524767801857,77.0,20.0,1.0,0.0033946251768033945,0.0067662813645334085
dataset_nimda_559_5_rrc04.csv,0.7841796875,77.0,20.0,0.9288025889967637,0.40594059405940597,0.5649606299212597
dataset_nimda_6893_1_rrc04.csv,0.6590557275541795,77.0,20.0,1.0,0.0031117397454031117,0.006204173716864073
dataset_nimda_6893_5_rrc04.csv,0.65478515625,77.0,20.0,0.0,0.0,0.0
