,accuracy,epoch,lag,precision_0,recall_0,f1_0
dataset_malaysian-telecom_25091_1_rrc04.csv,0.08472222222222223,67.0,20.0,0.02730627306273063,1.0,0.05316091954022988
dataset_malaysian-telecom_25091_5_rrc04.csv,0.46944444444444444,67.0,20.0,0.046192259675405745,1.0,0.08830548926014321
