,accuracy,epoch,lag,precision_0,recall_0,f1_0
dataset_japan-earthquake_2497_1_rrc06.csv,0.995,49.0,20.0,0.9398496240601504,0.9689922480620154,0.9541984732824427
dataset_japan-earthquake_2497_5_rrc06.csv,0.9486111111111111,49.0,20.0,0.5099337748344371,1.0,0.6754385964912281
dataset_japan-earthquake_10026_1_rv-sydney.csv,0.9886111111111111,49.0,20.0,0.884318766066838,0.9028871391076115,0.8935064935064935
