,accuracy,epoch,lag,precision_0,recall_0,f1_0
dataset_code-red_513_1_rrc04.csv,0.9475896860986547,45.0,20.0,0.5989583333333334,0.8745247148288974,0.7109737248840805
dataset_code-red_513_5_rrc04.csv,0.8798611111111111,45.0,20.0,0.37992831541218636,1.0,0.5506493506493506
dataset_code-red_6893_1_rrc04.csv,0.9353979820627802,45.0,20.0,1.0,0.12357414448669202,0.21996615905245348
dataset_code-red_6893_5_rrc04.csv,0.9597222222222223,45.0,20.0,0.8,0.6037735849056604,0.6881720430107526
