,accuracy,epoch,lag,precision_0,recall_0,f1_0
dataset_malaysian-telecom_25091_1_rrc04.csv,0.03152777777777778,54.0,20.0,0.02584520815870355,1.0,0.050388124744654775
dataset_malaysian-telecom_25091_5_rrc04.csv,0.21319444444444444,54.0,20.0,0.03162393162393162,1.0,0.06130903065451533
