,accuracy,epoch,lag,precision_0,recall_0,f1_0
dataset_code-red_513_1_rrc04.csv,0.9267096412556054,6.0,20.0,0.6363636363636364,0.013307984790874524,0.026070763500931102
dataset_code-red_513_5_rrc04.csv,0.9347222222222222,6.0,20.0,0.8,0.1509433962264151,0.25396825396825395
dataset_code-red_6893_1_rrc04.csv,0.9257286995515696,6.0,20.0,0.0,0.0,0.0
dataset_code-red_6893_5_rrc04.csv,0.9256944444444445,6.0,20.0,0.0,0.0,0.0
