,accuracy,epoch,lag,precision_0,recall_0,f1_0
dataset_nimda_513_1_rrc04.csv,0.6584752321981424,79.0,20.0,1.0,0.0014144271570014145,0.0028248587570621473
dataset_nimda_513_5_rrc04.csv,0.6611328125,79.0,20.0,1.0,0.018387553041018388,0.03611111111111111
dataset_nimda_559_1_rrc04.csv,0.6904024767801857,79.0,20.0,0.9539295392953929,0.09957567185289957,0.18032786885245902
dataset_nimda_559_5_rrc04.csv,0.810546875,79.0,20.0,0.8261758691206544,0.5714285714285714,0.6755852842809364
dataset_nimda_6893_1_rrc04.csv,0.6606037151702786,79.0,20.0,1.0,0.007637906647807638,0.015160022459292533
dataset_nimda_6893_5_rrc04.csv,0.658203125,79.0,20.0,1.0,0.009900990099009901,0.0196078431372549
