,accuracy,epoch,lag,precision_0,recall_0,f1_0
dataset_moscow_blackout_1853_1_rrc05.csv,0.9588888888888889,55.0,20.0,0.34096692111959287,0.783625730994152,0.47517730496453897
dataset_moscow_blackout_1853_5_rrc05.csv,0.9069444444444444,55.0,20.0,0.17218543046357615,0.7428571428571429,0.27956989247311825
dataset_moscow_blackout_12793_1_rrc05.csv,0.9920833333333333,55.0,20.0,0.8097826086956522,0.8713450292397661,0.8394366197183099
dataset_moscow_blackout_12793_5_rrc05.csv,0.9611111111111111,55.0,20.0,0.3561643835616438,0.7428571428571429,0.48148148148148145
