,accuracy,epoch,lag,precision_0,recall_0,f1_0
dataset_japan-earthquake_2497_1_rrc06.csv,0.9731944444444445,98.0,20.0,0.6689895470383276,0.9922480620155039,0.7991675338189386
dataset_japan-earthquake_2497_5_rrc06.csv,0.8729166666666667,98.0,20.0,0.29615384615384616,1.0,0.45697329376854595
dataset_japan-earthquake_10026_1_rv-sydney.csv,0.98875,98.0,20.0,0.8623188405797102,0.937007874015748,0.8981132075471698
