,accuracy,epoch,lag,precision_0,recall_0,f1_0
dataset_japan-earthquake_2497_1_rrc06.csv,0.925,90.0,20.0,0.4172972972972973,0.9974160206718347,0.5884146341463415
dataset_japan-earthquake_2497_5_rrc06.csv,0.8013888888888889,90.0,20.0,0.21212121212121213,1.0,0.35
dataset_japan-earthquake_10026_1_rv-sydney.csv,0.9840277777777777,90.0,20.0,0.7829787234042553,0.9658792650918635,0.8648648648648648
