,accuracy,epoch,lag,precision_0,recall_0,f1_0
dataset_aws-leak_15547_1_rrc04.csv,0.8690277777777777,17.0,20.0,0.06746031746031746,0.9577464788732394,0.12604263206672842
dataset_aws-leak_15547_5_rrc04.csv,0.6986111111111111,17.0,20.0,0.03131991051454139,0.9333333333333333,0.06060606060606061
dataset_aws-leak_34781_1_rrc04.csv,0.9813888888888889,17.0,20.0,0.3417085427135678,0.9577464788732394,0.5037037037037037
dataset_aws-leak_34781_5_rrc04.csv,0.9708333333333333,17.0,20.0,0.2127659574468085,0.6666666666666666,0.3225806451612903
