,accuracy,epoch,lag,precision_0,recall_0,f1_0
dataset_japan-earthquake_2497_1_rrc06.csv,0.9908333333333333,37.0,20.0,0.8656036446469249,0.9819121447028424,0.9200968523002421
dataset_japan-earthquake_2497_5_rrc06.csv,0.9291666666666667,37.0,20.0,0.4301675977653631,1.0,0.6015625
dataset_japan-earthquake_10026_1_rv-sydney.csv,0.9879166666666667,37.0,20.0,0.8693467336683417,0.9081364829396326,0.8883183568677792
