,accuracy,epoch,lag,precision_0,recall_0,f1_0
dataset_code-red_513_1_rrc04.csv,0.8063340807174888,49.0,20.0,0.27544596012591815,0.9980988593155894,0.43174342105263164
dataset_code-red_513_5_rrc04.csv,0.7291666666666666,49.0,20.0,0.21370967741935484,1.0,0.35215946843853824
dataset_code-red_6893_1_rrc04.csv,0.9714125560538116,49.0,20.0,0.9149484536082474,0.6749049429657795,0.7768052516411378
dataset_code-red_6893_5_rrc04.csv,0.9715277777777778,49.0,20.0,0.7480916030534351,0.9245283018867925,0.8270042194092826
