,accuracy,epoch,lag,precision_0,recall_0,f1_0
dataset_code-red_513_1_rrc04.csv,0.6776905829596412,39.0,20.0,0.18612880396319886,1.0,0.3138424821002387
dataset_code-red_513_5_rrc04.csv,0.6104166666666667,39.0,20.0,0.15892053973013492,1.0,0.2742561448900388
dataset_code-red_6893_1_rrc04.csv,0.9775784753363229,39.0,20.0,0.823321554770318,0.8859315589353612,0.8534798534798534
dataset_code-red_6893_5_rrc04.csv,0.9486111111111111,39.0,20.0,0.5888888888888889,1.0,0.7412587412587412
