,accuracy,epoch,lag,precision_0,recall_0,f1_0
dataset_code-red_513_1_rrc04.csv,0.18848094170403587,82.0,20.0,0.08326737375336393,1.0,0.15373374251059474
dataset_code-red_513_5_rrc04.csv,0.34097222222222223,82.0,20.0,0.1004739336492891,1.0,0.1826012058570198
dataset_code-red_6893_1_rrc04.csv,0.7556053811659192,82.0,20.0,0.22788203753351208,0.9695817490494296,0.3690303907380608
dataset_code-red_6893_5_rrc04.csv,0.8333333333333334,82.0,20.0,0.3063583815028902,1.0,0.46902654867256643
