,accuracy,epoch,lag,precision_0,recall_0,f1_0
dataset_slammer_513_1_rrc04.csv,0.8933333333333333,31.0,20.0,0.6059718969555035,0.915929203539823,0.7293868921775898
dataset_slammer_513_5_rrc04.csv,0.9763888888888889,31.0,20.0,0.9102564102564102,0.9424778761061947,0.9260869565217391
dataset_slammer_559_1_rrc04.csv,0.3016666666666667,31.0,20.0,0.18350113673270543,1.0,0.31009879253567507
dataset_slammer_559_5_rrc04.csv,0.6277777777777778,31.0,20.0,0.2955145118733509,0.9911504424778761,0.4552845528455285
dataset_slammer_6893_1_rrc04.csv,0.9015277777777778,31.0,20.0,0.6408026755852843,0.8477876106194691,0.729904761904762
dataset_slammer_6893_5_rrc04.csv,0.9645833333333333,31.0,20.0,0.9533678756476683,0.8141592920353983,0.8782816229116945
