,accuracy,epoch,lag,precision_0,recall_0,f1_0
dataset_moscow_blackout_1853_1_rrc05.csv,0.9061111111111111,26.0,20.0,0.1946795646916566,0.9415204678362573,0.32264529058116237
dataset_moscow_blackout_1853_5_rrc05.csv,0.9111111111111111,26.0,20.0,0.17482517482517482,0.7142857142857143,0.28089887640449435
dataset_moscow_blackout_12793_1_rrc05.csv,0.9890277777777777,26.0,20.0,0.73,0.8538011695906432,0.7870619946091645
dataset_moscow_blackout_12793_5_rrc05.csv,0.9569444444444445,26.0,20.0,0.32,0.6857142857142857,0.43636363636363634
