,accuracy,epoch,lag,precision_0,recall_0,f1_0
dataset_malaysian-telecom_25091_1_rrc04.csv,0.030555555555555555,92.0,20.0,0.025819958129797628,1.0,0.05034013605442177
dataset_malaysian-telecom_25091_5_rrc04.csv,0.3034722222222222,92.0,20.0,0.035576923076923075,1.0,0.06870937790157845
