,accuracy,epoch,lag,precision_0,recall_0,f1_0
dataset_moscow_blackout_1853_1_rrc05.csv,0.3825,29.0,20.0,0.037037037037037035,1.0,0.07142857142857142
dataset_moscow_blackout_1853_5_rrc05.csv,0.6951388888888889,29.0,20.0,0.06086956521739131,0.8,0.11313131313131314
dataset_moscow_blackout_12793_1_rrc05.csv,0.9868055555555556,29.0,20.0,0.6696428571428571,0.8771929824561403,0.7594936708860759
dataset_moscow_blackout_12793_5_rrc05.csv,0.9354166666666667,29.0,20.0,0.24107142857142858,0.7714285714285715,0.3673469387755102
