,accuracy,epoch,lag,precision_0,recall_0,f1_0
dataset_aws-leak_15547_1_rrc04.csv,0.1823611111111111,54.0,20.0,0.011916750587445452,1.0,0.023552827998009625
dataset_aws-leak_15547_5_rrc04.csv,0.027083333333333334,54.0,20.0,0.01059322033898305,1.0,0.020964360587002094
dataset_aws-leak_34781_1_rrc04.csv,0.9808333333333333,54.0,20.0,0.33816425120772947,0.9859154929577465,0.5035971223021584
dataset_aws-leak_34781_5_rrc04.csv,0.9618055555555556,54.0,20.0,0.21428571428571427,1.0,0.35294117647058826
