,accuracy,epoch,lag,precision_0,recall_0,f1_0
dataset_moscow_blackout_1853_1_rrc05.csv,0.9643055555555555,88.0,20.0,0.3742690058479532,0.7485380116959064,0.4990253411306042
dataset_moscow_blackout_1853_5_rrc05.csv,0.9270833333333334,88.0,20.0,0.21311475409836064,0.7428571428571429,0.33121019108280253
dataset_moscow_blackout_12793_1_rrc05.csv,0.9938888888888889,88.0,20.0,0.8713450292397661,0.8713450292397661,0.8713450292397662
dataset_moscow_blackout_12793_5_rrc05.csv,0.9715277777777778,88.0,20.0,0.44642857142857145,0.7142857142857143,0.5494505494505495
