,accuracy,epoch,lag,precision_0,recall_0,f1_0
dataset_japan-earthquake_2497_1_rrc06.csv,0.9365277777777777,81.0,20.0,0.4585308056872038,1.0,0.628757108042242
dataset_japan-earthquake_2497_5_rrc06.csv,0.6645833333333333,81.0,20.0,0.1375,1.0,0.2417582417582418
dataset_japan-earthquake_10026_1_rv-sydney.csv,0.97875,81.0,20.0,0.7217898832684825,0.973753280839895,0.829050279329609
