,accuracy,epoch,lag,precision_0,recall_0,f1_0
dataset_slammer_513_1_rrc04.csv,0.47805555555555557,35.0,20.0,0.2311783960720131,1.0,0.37554004652708545
dataset_slammer_513_5_rrc04.csv,0.9611111111111111,35.0,20.0,0.8102189781021898,0.9823008849557522,0.8879999999999999
dataset_slammer_559_1_rrc04.csv,0.1634722222222222,35.0,20.0,0.15797567454215014,1.0,0.27284800193166725
dataset_slammer_559_5_rrc04.csv,0.49722222222222223,35.0,20.0,0.23734177215189872,0.995575221238938,0.383304940374787
dataset_slammer_6893_1_rrc04.csv,0.30027777777777775,35.0,20.0,0.1832036316472114,1.0,0.30967388325568646
dataset_slammer_6893_5_rrc04.csv,0.9493055555555555,35.0,20.0,0.834061135371179,0.8451327433628318,0.8395604395604396
