,accuracy,epoch,lag,precision_0,recall_0,f1_0
dataset_code-red_513_1_rrc04.csv,0.14672085201793722,48.0,20.0,0.07951625094482237,1.0,0.14731830275871727
dataset_code-red_513_5_rrc04.csv,0.25416666666666665,48.0,20.0,0.08983050847457627,1.0,0.16485225505443235
dataset_code-red_6893_1_rrc04.csv,0.7617713004484304,48.0,20.0,0.2336660617059891,0.9790874524714829,0.3772893772893773
dataset_code-red_6893_5_rrc04.csv,0.78125,48.0,20.0,0.2517814726840855,1.0,0.40227703984819735
