,accuracy,epoch,lag,precision_0,recall_0,f1_0
dataset_moscow_blackout_1853_1_rrc05.csv,0.9638888888888889,32.0,20.0,0.3780821917808219,0.8070175438596491,0.5149253731343284
dataset_moscow_blackout_1853_5_rrc05.csv,0.9333333333333333,32.0,20.0,0.22018348623853212,0.6857142857142857,0.33333333333333337
dataset_moscow_blackout_12793_1_rrc05.csv,0.99125,32.0,20.0,0.7934782608695652,0.8538011695906432,0.8225352112676055
dataset_moscow_blackout_12793_5_rrc05.csv,0.9576388888888889,32.0,20.0,0.32432432432432434,0.6857142857142857,0.44036697247706424
