,accuracy,epoch,lag,precision_0,recall_0,f1_0
dataset_japan-earthquake_2497_1_rrc06.csv,0.9233333333333333,91.0,20.0,0.4119530416221985,0.9974160206718347,0.5830815709969788
dataset_japan-earthquake_2497_5_rrc06.csv,0.8090277777777778,91.0,20.0,0.21875,1.0,0.358974358974359
dataset_japan-earthquake_10026_1_rv-sydney.csv,0.9847222222222223,91.0,20.0,0.7991169977924945,0.9501312335958005,0.86810551558753
