,accuracy,epoch,lag,precision_0,recall_0,f1_0
dataset_as9121_13237_1_rrc05.csv,0.9623611111111111,40.0,20.0,0.21764705882352942,0.9367088607594937,0.3532219570405728
dataset_as9121_13237_5_rrc05.csv,0.9430555555555555,40.0,20.0,0.14130434782608695,0.8125,0.24074074074074076
