,accuracy,epoch,lag,precision_0,recall_0,f1_0
dataset_moscow_blackout_1853_1_rrc05.csv,0.9679166666666666,60.0,20.0,0.40625,0.7602339181286549,0.529531568228106
dataset_moscow_blackout_1853_5_rrc05.csv,0.9291666666666667,60.0,20.0,0.21367521367521367,0.7142857142857143,0.3289473684210526
dataset_moscow_blackout_12793_1_rrc05.csv,0.9933333333333333,60.0,20.0,0.8514285714285714,0.8713450292397661,0.8612716763005781
dataset_moscow_blackout_12793_5_rrc05.csv,0.9659722222222222,60.0,20.0,0.390625,0.7142857142857143,0.505050505050505
