,accuracy,epoch,lag,precision_0,recall_0,f1_0
dataset_moscow_blackout_1853_1_rrc05.csv,0.945,64.0,20.0,0.28893058161350843,0.9005847953216374,0.4375
dataset_moscow_blackout_1853_5_rrc05.csv,0.8888888888888888,64.0,20.0,0.14689265536723164,0.7428571428571429,0.24528301886792456
dataset_moscow_blackout_12793_1_rrc05.csv,0.9929166666666667,64.0,20.0,0.8333333333333334,0.8771929824561403,0.8547008547008548
dataset_moscow_blackout_12793_5_rrc05.csv,0.9631944444444445,64.0,20.0,0.375,0.7714285714285715,0.5046728971962617
