,accuracy,epoch,lag,precision_0,recall_0,f1_0
dataset_aws-leak_15547_1_rrc04.csv,0.10694444444444444,44.0,20.0,0.010921396708198739,1.0,0.02160681679853926
dataset_aws-leak_15547_5_rrc04.csv,0.025,44.0,20.0,0.010570824524312896,1.0,0.020920502092050212
dataset_aws-leak_34781_1_rrc04.csv,0.9769444444444444,44.0,20.0,0.2978723404255319,0.9859154929577465,0.45751633986928103
dataset_aws-leak_34781_5_rrc04.csv,0.9590277777777778,44.0,20.0,0.20270270270270271,1.0,0.3370786516853933
