,accuracy,epoch,lag,precision_0,recall_0,f1_0
dataset_as9121_13237_1_rrc05.csv,0.9305555555555556,19.0,20.0,0.13005272407732865,0.9367088607594937,0.22839506172839505
dataset_as9121_13237_5_rrc05.csv,0.9388888888888889,19.0,20.0,0.11702127659574468,0.6875,0.19999999999999998
