,accuracy,epoch,lag,precision_0,recall_0,f1_0
dataset_moscow_blackout_1853_1_rrc05.csv,0.875,80.0,20.0,0.14645974781765275,0.8830409356725146,0.2512479201331114
dataset_moscow_blackout_1853_5_rrc05.csv,0.8513888888888889,80.0,20.0,0.11587982832618025,0.7714285714285715,0.2014925373134328
dataset_moscow_blackout_12793_1_rrc05.csv,0.9930555555555556,80.0,20.0,0.8342541436464088,0.8830409356725146,0.8579545454545455
dataset_moscow_blackout_12793_5_rrc05.csv,0.9666666666666667,80.0,20.0,0.4,0.7428571428571429,0.52
