,accuracy,epoch,lag,precision_0,recall_0,f1_0
dataset_nimda_513_1_rrc04.csv,0.6665054179566563,33.0,20.0,1.0,0.024893917963224894,0.04857852608335634
dataset_nimda_513_5_rrc04.csv,0.6982421875,33.0,20.0,1.0,0.12588401697312587,0.22361809045226128
dataset_nimda_559_1_rrc04.csv,0.7876354489164087,33.0,20.0,0.743282498184459,0.5790664780763791,0.650977897916998
dataset_nimda_559_5_rrc04.csv,0.861328125,33.0,20.0,0.7276641550053822,0.9561527581329562,0.8264058679706602
dataset_nimda_6893_1_rrc04.csv,0.6608939628482973,33.0,20.0,1.0,0.008486562942008486,0.016830294530154277
dataset_nimda_6893_5_rrc04.csv,0.6591796875,33.0,20.0,1.0,0.01272984441301273,0.02513966480446927
