,accuracy,epoch,lag,precision_0,recall_0,f1_0
dataset_moscow_blackout_1853_1_rrc05.csv,0.9677777777777777,77.0,20.0,0.4055727554179567,0.7660818713450293,0.5303643724696356
dataset_moscow_blackout_1853_5_rrc05.csv,0.9298611111111111,77.0,20.0,0.22033898305084745,0.7428571428571429,0.33986928104575165
dataset_moscow_blackout_12793_1_rrc05.csv,0.99375,77.0,20.0,0.8662790697674418,0.8713450292397661,0.8688046647230321
dataset_moscow_blackout_12793_5_rrc05.csv,0.9694444444444444,77.0,20.0,0.423728813559322,0.7142857142857143,0.5319148936170213
