,accuracy,epoch,lag,precision_0,recall_0,f1_0
dataset_nimda_513_1_rrc04.csv,0.6580882352941176,84.0,20.0,1.0,0.0002828854314002829,0.0005656108597285067
dataset_nimda_513_5_rrc04.csv,0.65478515625,84.0,20.0,0.0,0.0,0.0
dataset_nimda_559_1_rrc04.csv,0.6613777089783281,84.0,20.0,0.8723404255319149,0.011598302687411598,0.02289223897264098
dataset_nimda_559_5_rrc04.csv,0.79638671875,84.0,20.0,0.9119318181818182,0.45403111739745405,0.6062322946175638
dataset_nimda_6893_1_rrc04.csv,0.6591524767801857,84.0,20.0,1.0,0.0033946251768033945,0.0067662813645334085
dataset_nimda_6893_5_rrc04.csv,0.65478515625,84.0,20.0,0.0,0.0,0.0
