,accuracy,epoch,lag,precision_0,recall_0,f1_0
dataset_slammer_513_1_rrc04.csv,0.8430555555555556,5.0,20.0,0.0,0.0,0.0
dataset_slammer_513_5_rrc04.csv,0.8430555555555556,5.0,20.0,0.0,0.0,0.0
dataset_slammer_559_1_rrc04.csv,0.85,5.0,20.0,1.0,0.04424778761061947,0.0847457627118644
dataset_slammer_559_5_rrc04.csv,0.86875,5.0,20.0,1.0,0.16371681415929204,0.2813688212927757
dataset_slammer_6893_1_rrc04.csv,0.8429166666666666,5.0,20.0,0.0,0.0,0.0
dataset_slammer_6893_5_rrc04.csv,0.8513888888888889,5.0,20.0,1.0,0.05309734513274336,0.10084033613445377
