,accuracy,epoch,lag,precision_0,recall_0,f1_0
dataset_aws-leak_15547_1_rrc04.csv,0.23458333333333334,31.0,20.0,0.012719455392332497,1.0,0.025119405625331683
dataset_aws-leak_15547_5_rrc04.csv,0.03611111111111111,31.0,20.0,0.010691375623663579,1.0,0.021156558533145277
dataset_aws-leak_34781_1_rrc04.csv,0.9836111111111111,31.0,20.0,0.37433155080213903,0.9859154929577465,0.5426356589147286
dataset_aws-leak_34781_5_rrc04.csv,0.9645833333333333,31.0,20.0,0.21875,0.9333333333333333,0.35443037974683544
