,accuracy,epoch,lag,precision_0,recall_0,f1_0
dataset_japan-earthquake_2497_1_rrc06.csv,0.7305555555555555,33.0,20.0,0.1663085517834121,1.0,0.28518791451731756
dataset_japan-earthquake_2497_5_rrc06.csv,0.6256944444444444,33.0,20.0,0.125,1.0,0.2222222222222222
dataset_japan-earthquake_10026_1_rv-sydney.csv,0.8726388888888889,33.0,20.0,0.2909516380655226,0.979002624671916,0.44858689116055317
