,accuracy,epoch,lag,precision_0,recall_0,f1_0
dataset_malaysian-telecom_25091_1_rrc04.csv,0.6645833333333333,30.0,20.0,0.06983024691358025,0.9783783783783784,0.1303564998199496
dataset_malaysian-telecom_25091_5_rrc04.csv,0.8166666666666667,30.0,20.0,0.12292358803986711,1.0,0.21893491124260356
