,accuracy,epoch,lag,precision_0,recall_0,f1_0
dataset_japan-earthquake_2497_1_rrc06.csv,0.05486111111111111,21.0,20.0,0.05380978865406007,1.0,0.10212429080353609
dataset_japan-earthquake_2497_5_rrc06.csv,0.06319444444444444,21.0,20.0,0.05399719495091164,1.0,0.10246174318030604
dataset_japan-earthquake_10026_1_rv-sydney.csv,0.10361111111111111,21.0,20.0,0.05574250182882224,1.0,0.10559866962305987
