,accuracy,epoch,lag,precision_0,recall_0,f1_0
dataset_moscow_blackout_1853_1_rrc05.csv,0.5519444444444445,59.0,20.0,0.050338534000588755,1.0,0.09585201793721973
dataset_moscow_blackout_1853_5_rrc05.csv,0.7166666666666667,59.0,20.0,0.06728538283062645,0.8285714285714286,0.12446351931330472
dataset_moscow_blackout_12793_1_rrc05.csv,0.9920833333333333,59.0,20.0,0.8,0.8888888888888888,0.8421052631578948
dataset_moscow_blackout_12793_5_rrc05.csv,0.9347222222222222,59.0,20.0,0.24347826086956523,0.8,0.3733333333333334
