,accuracy,epoch,lag,precision_0,recall_0,f1_0
dataset_japan-earthquake_2497_1_rrc06.csv,0.9911111111111112,62.0,20.0,0.8695652173913043,0.9819121447028424,0.9223300970873786
dataset_japan-earthquake_2497_5_rrc06.csv,0.9388888888888889,62.0,20.0,0.4666666666666667,1.0,0.6363636363636364
dataset_japan-earthquake_10026_1_rv-sydney.csv,0.9879166666666667,62.0,20.0,0.8585365853658536,0.9238845144356955,0.8900126422250316
