,accuracy,epoch,lag,precision_0,recall_0,f1_0
dataset_aws-leak_15547_1_rrc04.csv,0.07486111111111111,75.0,20.0,0.010546642899584076,1.0,0.020873144201087754
dataset_aws-leak_15547_5_rrc04.csv,0.020833333333333332,75.0,20.0,0.010526315789473684,1.0,0.020833333333333332
dataset_aws-leak_34781_1_rrc04.csv,0.9647222222222223,75.0,20.0,0.21671826625386997,0.9859154929577465,0.3553299492385787
dataset_aws-leak_34781_5_rrc04.csv,0.9430555555555555,75.0,20.0,0.15463917525773196,1.0,0.2678571428571429
