,accuracy,epoch,lag,precision_0,recall_0,f1_0
dataset_moscow_blackout_1853_1_rrc05.csv,0.8956944444444445,93.0,20.0,0.16589861751152074,0.8421052631578947,0.2771896053897979
dataset_moscow_blackout_1853_5_rrc05.csv,0.8673611111111111,93.0,20.0,0.12857142857142856,0.7714285714285715,0.2204081632653061
dataset_moscow_blackout_12793_1_rrc05.csv,0.9933333333333333,93.0,20.0,0.8435754189944135,0.8830409356725146,0.8628571428571428
dataset_moscow_blackout_12793_5_rrc05.csv,0.9680555555555556,93.0,20.0,0.4126984126984127,0.7428571428571429,0.5306122448979592
