,accuracy,epoch,lag,precision_0,recall_0,f1_0
dataset_code-red_513_1_rrc04.csv,0.757567264573991,27.0,20.0,0.23315602836879432,1.0,0.37814521926671457
dataset_code-red_513_5_rrc04.csv,0.8201388888888889,27.0,20.0,0.29041095890410956,1.0,0.45010615711252655
dataset_code-red_6893_1_rrc04.csv,0.9715526905829597,27.0,20.0,0.837160751565762,0.7623574144486692,0.7980099502487562
dataset_code-red_6893_5_rrc04.csv,0.94375,27.0,20.0,0.5862068965517241,0.8018867924528302,0.6772908366533864
