,accuracy,epoch,lag,precision_0,recall_0,f1_0
dataset_slammer_513_1_rrc04.csv,0.9358333333333333,92.0,20.0,0.9441489361702128,0.6283185840707964,0.7545164718384697
dataset_slammer_513_5_rrc04.csv,0.9513888888888888,92.0,20.0,0.89,0.7876106194690266,0.8356807511737089
dataset_slammer_559_1_rrc04.csv,0.4191666666666667,92.0,20.0,0.21272590361445784,1.0,0.35082272586153374
dataset_slammer_559_5_rrc04.csv,0.5527777777777778,92.0,20.0,0.25921658986175117,0.995575221238938,0.4113345521023766
dataset_slammer_6893_1_rrc04.csv,0.9405555555555556,92.0,20.0,0.920863309352518,0.679646017699115,0.7820773930753565
dataset_slammer_6893_5_rrc04.csv,0.9645833333333333,92.0,20.0,0.9629629629629629,0.8053097345132744,0.8771084337349397
