,accuracy,epoch,lag,precision_0,recall_0,f1_0
dataset_slammer_513_1_rrc04.csv,0.9443055555555555,37.0,20.0,0.9643312101910828,0.6699115044247788,0.7906005221932115
dataset_slammer_513_5_rrc04.csv,0.9576388888888889,37.0,20.0,0.9024390243902439,0.8185840707964602,0.8584686774941996
dataset_slammer_559_1_rrc04.csv,0.5056944444444444,37.0,20.0,0.2408790270962236,0.9991150442477876,0.3881725975588792
dataset_slammer_559_5_rrc04.csv,0.7638888888888888,37.0,20.0,0.398576512455516,0.9911504424778761,0.5685279187817259
dataset_slammer_6893_1_rrc04.csv,0.9413888888888889,37.0,20.0,0.9561855670103093,0.6566371681415929,0.7785939139559286
dataset_slammer_6893_5_rrc04.csv,0.9659722222222222,37.0,20.0,0.9836065573770492,0.7964601769911505,0.8801955990220048
