,accuracy,epoch,lag,precision_0,recall_0,f1_0
dataset_code-red_513_1_rrc04.csv,0.12542040358744394,44.0,20.0,0.07773016107580907,1.0,0.1442479089537913
dataset_code-red_513_5_rrc04.csv,0.1986111111111111,44.0,20.0,0.08412698412698413,1.0,0.1551976573938507
dataset_code-red_6893_1_rrc04.csv,0.7062780269058296,44.0,20.0,0.19761171032357472,0.9752851711026616,0.32863549007046766
dataset_code-red_6893_5_rrc04.csv,0.7597222222222222,44.0,20.0,0.2345132743362832,1.0,0.37992831541218636
