,accuracy,epoch,lag,precision_0,recall_0,f1_0
dataset_as9121_13237_1_rrc05.csv,0.95,57.0,20.0,0.17551963048498845,0.9620253164556962,0.296875
dataset_as9121_13237_5_rrc05.csv,0.90625,57.0,20.0,0.0896551724137931,0.8125,0.16149068322981366
