,accuracy,epoch,lag,precision_0,recall_0,f1_0
dataset_nimda_513_1_rrc04.csv,0.6579914860681114,25.0,20.0,0.0,0.0,0.0
dataset_nimda_513_5_rrc04.csv,0.65478515625,25.0,20.0,0.0,0.0,0.0
dataset_nimda_559_1_rrc04.csv,0.6581849845201239,25.0,20.0,1.0,0.0005657708628005657,0.0011309018942606728
dataset_nimda_559_5_rrc04.csv,0.68701171875,25.0,20.0,1.0,0.09335219236209336,0.17076326002587325
dataset_nimda_6893_1_rrc04.csv,0.6579914860681114,25.0,20.0,0.0,0.0,0.0
dataset_nimda_6893_5_rrc04.csv,0.65478515625,25.0,20.0,0.0,0.0,0.0
