,accuracy,epoch,lag,precision_0,recall_0,f1_0
dataset_aws-leak_15547_1_rrc04.csv,0.09194444444444444,36.0,20.0,0.010742926312604024,1.0,0.02125748502994012
dataset_aws-leak_15547_5_rrc04.csv,0.025,36.0,20.0,0.010570824524312896,1.0,0.020920502092050212
dataset_aws-leak_34781_1_rrc04.csv,0.9775,36.0,20.0,0.30303030303030304,0.9859154929577465,0.46357615894039733
dataset_aws-leak_34781_5_rrc04.csv,0.9520833333333333,36.0,20.0,0.17073170731707318,0.9333333333333333,0.288659793814433
