,accuracy,epoch,lag,precision_0,recall_0,f1_0
dataset_code-red_513_1_rrc04.csv,0.9599215246636771,85.0,20.0,0.6566579634464752,0.9562737642585551,0.7786377708978329
dataset_code-red_513_5_rrc04.csv,0.8215277777777777,85.0,20.0,0.29201101928374656,1.0,0.4520255863539446
dataset_code-red_6893_1_rrc04.csv,0.9517937219730942,85.0,20.0,0.9292452830188679,0.3745247148288973,0.5338753387533874
dataset_code-red_6893_5_rrc04.csv,0.9798611111111111,85.0,20.0,0.8532110091743119,0.8773584905660378,0.8651162790697675
