,accuracy,epoch,lag,precision_0,recall_0,f1_0
dataset_japan-earthquake_2497_1_rrc06.csv,0.37416666666666665,61.0,20.0,0.07909258123850399,1.0,0.1465909090909091
dataset_japan-earthquake_2497_5_rrc06.csv,0.3215277777777778,61.0,20.0,0.0730550284629981,1.0,0.13616268788682584
dataset_japan-earthquake_10026_1_rv-sydney.csv,0.7102777777777778,61.0,20.0,0.15415821501014199,0.9973753280839895,0.2670414617006324
