,accuracy,epoch,lag,precision_0,recall_0,f1_0
dataset_as9121_13237_1_rrc05.csv,0.9577777777777777,21.0,20.0,0.1951219512195122,0.9113924050632911,0.32142857142857145
dataset_as9121_13237_5_rrc05.csv,0.9534722222222223,21.0,20.0,0.14084507042253522,0.625,0.22988505747126436
