,accuracy,epoch,lag,precision_0,recall_0,f1_0
dataset_japan-earthquake_2497_1_rrc06.csv,0.5638888888888889,54.0,20.0,0.10972497873546924,1.0,0.19775166070516095
dataset_japan-earthquake_2497_5_rrc06.csv,0.39791666666666664,54.0,20.0,0.0815677966101695,1.0,0.15083251714005877
dataset_japan-earthquake_10026_1_rv-sydney.csv,0.8669444444444444,54.0,20.0,0.28421839940164545,0.9973753280839895,0.4423748544819557
