,accuracy,epoch,lag,precision_0,recall_0,f1_0
dataset_aws-leak_15547_1_rrc04.csv,0.8918055555555555,22.0,20.0,0.08156028368794327,0.971830985915493,0.1504907306434024
dataset_aws-leak_15547_5_rrc04.csv,0.4930555555555556,22.0,20.0,0.020134228187919462,1.0,0.03947368421052631
dataset_aws-leak_34781_1_rrc04.csv,0.9861111111111112,22.0,20.0,0.4121212121212121,0.9577464788732394,0.5762711864406779
dataset_aws-leak_34781_5_rrc04.csv,0.96875,22.0,20.0,0.21153846153846154,0.7333333333333333,0.32835820895522383
