,accuracy,epoch,lag,precision_0,recall_0,f1_0
dataset_code-red_513_1_rrc04.csv,0.460902466367713,93.0,20.0,0.12028355819803338,1.0,0.21473770157174935
dataset_code-red_513_5_rrc04.csv,0.42777777777777776,93.0,20.0,0.11397849462365592,1.0,0.20463320463320464
dataset_code-red_6893_1_rrc04.csv,0.9719730941704036,93.0,20.0,0.7595541401273885,0.9068441064638784,0.8266897746967071
dataset_code-red_6893_5_rrc04.csv,0.925,93.0,20.0,0.4953271028037383,1.0,0.6625
