,accuracy,epoch,lag,precision_0,recall_0,f1_0
dataset_nimda_513_1_rrc04.csv,0.6579914860681114,41.0,20.0,0.0,0.0,0.0
dataset_nimda_513_5_rrc04.csv,0.65478515625,41.0,20.0,0.0,0.0,0.0
dataset_nimda_559_1_rrc04.csv,0.6579914860681114,41.0,20.0,0.0,0.0,0.0
dataset_nimda_559_5_rrc04.csv,0.7001953125,41.0,20.0,0.9894736842105263,0.13295615275813297,0.23441396508728182
dataset_nimda_6893_1_rrc04.csv,0.6588622291021672,41.0,20.0,1.0,0.002545968882602546,0.005079006772009029
dataset_nimda_6893_5_rrc04.csv,0.65478515625,41.0,20.0,0.0,0.0,0.0
