,accuracy,epoch,lag,precision_0,recall_0,f1_0
dataset_slammer_513_1_rrc04.csv,0.9368055555555556,16.0,20.0,0.9760225669957687,0.6123893805309735,0.7525829255029908
dataset_slammer_513_5_rrc04.csv,0.9222222222222223,16.0,20.0,1.0,0.504424778761062,0.6705882352941176
dataset_slammer_559_1_rrc04.csv,0.9108333333333334,16.0,20.0,0.9765625,0.4424778761061947,0.6090133982947624
dataset_slammer_559_5_rrc04.csv,0.9423611111111111,16.0,20.0,1.0,0.6327433628318584,0.7750677506775068
dataset_slammer_6893_1_rrc04.csv,0.9005555555555556,16.0,20.0,0.9952153110047847,0.368141592920354,0.537467700258398
dataset_slammer_6893_5_rrc04.csv,0.9055555555555556,16.0,20.0,1.0,0.39823008849557523,0.569620253164557
