,accuracy,epoch,lag,precision_0,recall_0,f1_0
dataset_nimda_513_1_rrc04.csv,0.6580882352941176,51.0,20.0,1.0,0.0002828854314002829,0.0005656108597285067
dataset_nimda_513_5_rrc04.csv,0.65478515625,51.0,20.0,0.0,0.0,0.0
dataset_nimda_559_1_rrc04.csv,0.6589589783281734,51.0,20.0,1.0,0.002828854314002829,0.005641748942172073
dataset_nimda_559_5_rrc04.csv,0.77294921875,51.0,20.0,0.9448529411764706,0.3635077793493635,0.5250255362614913
dataset_nimda_6893_1_rrc04.csv,0.6589589783281734,51.0,20.0,1.0,0.002828854314002829,0.005641748942172073
dataset_nimda_6893_5_rrc04.csv,0.65478515625,51.0,20.0,0.0,0.0,0.0
