,accuracy,epoch,lag,precision_0,recall_0,f1_0
dataset_moscow_blackout_1853_1_rrc05.csv,0.9127777777777778,67.0,20.0,0.20363164721141375,0.9181286549707602,0.3333333333333333
dataset_moscow_blackout_1853_5_rrc05.csv,0.8541666666666666,67.0,20.0,0.11790393013100436,0.7714285714285715,0.20454545454545453
dataset_moscow_blackout_12793_1_rrc05.csv,0.9922222222222222,67.0,20.0,0.8074866310160428,0.8830409356725146,0.8435754189944135
dataset_moscow_blackout_12793_5_rrc05.csv,0.9611111111111111,67.0,20.0,0.36,0.7714285714285715,0.49090909090909085
