,accuracy,epoch,lag,precision_0,recall_0,f1_0
dataset_aws-leak_15547_1_rrc04.csv,0.9936111111111111,11.0,20.0,0.6404494382022472,0.8028169014084507,0.7124999999999999
dataset_aws-leak_15547_5_rrc04.csv,0.9756944444444444,11.0,20.0,0.0,0.0,0.0
dataset_aws-leak_34781_1_rrc04.csv,0.995,11.0,20.0,0.7108433734939759,0.8309859154929577,0.7662337662337662
dataset_aws-leak_34781_5_rrc04.csv,0.9777777777777777,11.0,20.0,0.09523809523809523,0.13333333333333333,0.1111111111111111
