,accuracy,epoch,lag,precision_0,recall_0,f1_0
dataset_moscow_blackout_1853_1_rrc05.csv,0.7836111111111111,15.0,20.0,0.09420713867758923,0.9415204678362573,0.17127659574468085
dataset_moscow_blackout_1853_5_rrc05.csv,0.9090277777777778,15.0,20.0,0.15217391304347827,0.6,0.24277456647398846
dataset_moscow_blackout_12793_1_rrc05.csv,0.2813888888888889,15.0,20.0,0.027929798075108512,0.8654970760233918,0.054113345521023766
dataset_moscow_blackout_12793_5_rrc05.csv,0.5868055555555556,15.0,20.0,0.043973941368078175,0.7714285714285715,0.08320493066255777
