,accuracy,epoch,lag,precision_0,recall_0,f1_0
dataset_slammer_513_1_rrc04.csv,0.5745833333333333,39.0,20.0,0.2689457327277074,0.995575221238938,0.4234895539243366
dataset_slammer_513_5_rrc04.csv,0.9631944444444445,39.0,20.0,0.8215613382899628,0.9778761061946902,0.8929292929292928
dataset_slammer_559_1_rrc04.csv,0.16791666666666666,39.0,20.0,0.15868557786827692,1.0,0.27390619318870435
dataset_slammer_559_5_rrc04.csv,0.4951388888888889,39.0,20.0,0.23659305993690852,0.995575221238938,0.3823279524214104
dataset_slammer_6893_1_rrc04.csv,0.4748611111111111,39.0,20.0,0.22910279991825055,0.9920353982300885,0.3722397476340694
dataset_slammer_6893_5_rrc04.csv,0.9527777777777777,39.0,20.0,0.8464912280701754,0.8539823008849557,0.8502202643171806
