,accuracy,epoch,lag,precision_0,recall_0,f1_0
dataset_code-red_513_1_rrc04.csv,0.17488789237668162,76.0,20.0,0.08200810726535702,1.0,0.15158501440922187
dataset_code-red_513_5_rrc04.csv,0.3090277777777778,76.0,20.0,0.09627611262488647,1.0,0.1756420878210439
dataset_code-red_6893_1_rrc04.csv,0.7609304932735426,76.0,20.0,0.2323049001814882,0.973384030418251,0.3750915750915751
dataset_code-red_6893_5_rrc04.csv,0.81875,76.0,20.0,0.2888283378746594,1.0,0.4482029598308668
