,accuracy,epoch,lag,precision_0,recall_0,f1_0
dataset_japan-earthquake_2497_1_rrc06.csv,0.9838888888888889,73.0,20.0,0.7748478701825557,0.9870801033591732,0.868181818181818
dataset_japan-earthquake_2497_5_rrc06.csv,0.8770833333333333,73.0,20.0,0.3031496062992126,1.0,0.46525679758308164
dataset_japan-earthquake_10026_1_rv-sydney.csv,0.9881944444444445,73.0,20.0,0.8592233009708737,0.9291338582677166,0.89281210592686
