,accuracy,epoch,lag,precision_0,recall_0,f1_0
dataset_slammer_513_1_rrc04.csv,0.8940277777777778,14.0,20.0,0.9421686746987952,0.34601769911504426,0.5061488673139158
dataset_slammer_513_5_rrc04.csv,0.8993055555555556,14.0,20.0,0.9764705882352941,0.3672566371681416,0.5337620578778135
dataset_slammer_559_1_rrc04.csv,0.8980555555555556,14.0,20.0,0.952054794520548,0.36902654867256635,0.5318877551020408
dataset_slammer_559_5_rrc04.csv,0.9291666666666667,14.0,20.0,1.0,0.5486725663716814,0.7085714285714285
dataset_slammer_6893_1_rrc04.csv,0.8838888888888888,14.0,20.0,0.959375,0.27168141592920353,0.42344827586206896
dataset_slammer_6893_5_rrc04.csv,0.8972222222222223,14.0,20.0,0.9875,0.3495575221238938,0.5163398692810457
