,accuracy,epoch,lag,precision_0,recall_0,f1_0
dataset_japan-earthquake_2497_1_rrc06.csv,0.73,41.0,20.0,0.16602316602316602,1.0,0.2847682119205298
dataset_japan-earthquake_2497_5_rrc06.csv,0.5576388888888889,41.0,20.0,0.10784313725490197,1.0,0.19469026548672566
dataset_japan-earthquake_10026_1_rv-sydney.csv,0.9223611111111111,41.0,20.0,0.403470715835141,0.9763779527559056,0.5709900230237913
