,accuracy,epoch,lag,precision_0,recall_0,f1_0
dataset_aws-leak_15547_1_rrc04.csv,0.6108333333333333,30.0,20.0,0.024712843717368604,1.0,0.048233695652173905
dataset_aws-leak_15547_5_rrc04.csv,0.06597222222222222,30.0,20.0,0.011029411764705883,1.0,0.02181818181818182
dataset_aws-leak_34781_1_rrc04.csv,0.9861111111111112,30.0,20.0,0.41317365269461076,0.971830985915493,0.5798319327731092
dataset_aws-leak_34781_5_rrc04.csv,0.9645833333333333,30.0,20.0,0.20967741935483872,0.8666666666666667,0.33766233766233766
