,accuracy,epoch,lag,precision_0,recall_0,f1_0
dataset_code-red_513_1_rrc04.csv,0.9712724215246636,52.0,20.0,0.7688442211055276,0.8726235741444867,0.8174532502226179
dataset_code-red_513_5_rrc04.csv,0.8986111111111111,52.0,20.0,0.42063492063492064,1.0,0.5921787709497206
dataset_code-red_6893_1_rrc04.csv,0.9324551569506726,52.0,20.0,0.8548387096774194,0.10076045627376426,0.18027210884353742
dataset_code-red_6893_5_rrc04.csv,0.9715277777777778,52.0,20.0,0.8421052631578947,0.7547169811320755,0.7960199004975125
