,accuracy,epoch,lag,precision_0,recall_0,f1_0
dataset_aws-leak_15547_1_rrc04.csv,0.5309722222222222,98.0,20.0,0.020591647331786544,1.0,0.04035237283319124
dataset_aws-leak_15547_5_rrc04.csv,0.029166666666666667,98.0,20.0,0.010615711252653927,1.0,0.021008403361344536
dataset_aws-leak_34781_1_rrc04.csv,0.9856944444444444,98.0,20.0,0.40588235294117647,0.971830985915493,0.5726141078838175
dataset_aws-leak_34781_5_rrc04.csv,0.9611111111111111,98.0,20.0,0.2028985507246377,0.9333333333333333,0.33333333333333337
