,accuracy,epoch,lag,precision_0,recall_0,f1_0
dataset_nimda_513_1_rrc04.csv,0.6580882352941176,67.0,20.0,1.0,0.0002828854314002829,0.0005656108597285067
dataset_nimda_513_5_rrc04.csv,0.65478515625,67.0,20.0,0.0,0.0,0.0
dataset_nimda_559_1_rrc04.csv,0.6666989164086687,67.0,20.0,0.9411764705882353,0.027157001414427156,0.05279076161671707
dataset_nimda_559_5_rrc04.csv,0.8046875,67.0,20.0,0.9050131926121372,0.48514851485148514,0.6316758747697975
dataset_nimda_6893_1_rrc04.csv,0.6595394736842105,67.0,20.0,1.0,0.004526166902404526,0.009011546043368065
dataset_nimda_6893_5_rrc04.csv,0.65478515625,67.0,20.0,0.0,0.0,0.0
