,accuracy,epoch,lag,precision_0,recall_0,f1_0
dataset_malaysian-telecom_25091_1_rrc04.csv,0.03166666666666667,51.0,20.0,0.025848819337711333,1.0,0.05039498774175974
dataset_malaysian-telecom_25091_5_rrc04.csv,0.19722222222222222,51.0,20.0,0.03101424979044426,1.0,0.06016260162601626
