,accuracy,epoch,lag,precision_0,recall_0,f1_0
dataset_malaysian-telecom_25091_1_rrc04.csv,0.03208333333333333,93.0,20.0,0.025859658932065977,1.0,0.05041558795476223
dataset_malaysian-telecom_25091_5_rrc04.csv,0.37569444444444444,93.0,20.0,0.03952991452991453,1.0,0.07605344295991777
