,accuracy,epoch,lag,precision_0,recall_0,f1_0
dataset_code-red_513_1_rrc04.csv,0.09234865470852018,33.0,20.0,0.07511066685706126,1.0,0.1397263912870235
dataset_code-red_513_5_rrc04.csv,0.09166666666666666,33.0,20.0,0.07496463932107496,1.0,0.1394736842105263
dataset_code-red_6893_1_rrc04.csv,0.28797645739910316,33.0,20.0,0.09381130729445336,1.0,0.1715310614707321
dataset_code-red_6893_5_rrc04.csv,0.47638888888888886,33.0,20.0,0.12325581395348838,1.0,0.21946169772256732
