,accuracy,epoch,lag,precision_0,recall_0,f1_0
dataset_code-red_513_1_rrc04.csv,0.6734865470852018,61.0,20.0,0.18417366946778713,1.0,0.31105854523950327
dataset_code-red_513_5_rrc04.csv,0.5277777777777778,61.0,20.0,0.13486005089058525,1.0,0.2376681614349776
dataset_code-red_6893_1_rrc04.csv,0.9786995515695067,61.0,20.0,0.865234375,0.8422053231939164,0.8535645472061657
dataset_code-red_6893_5_rrc04.csv,0.9708333333333333,61.0,20.0,0.7162162162162162,1.0,0.8346456692913385
