,accuracy,epoch,lag,precision_0,recall_0,f1_0
dataset_nimda_513_1_rrc04.csv,0.6584752321981424,90.0,20.0,1.0,0.0014144271570014145,0.0028248587570621473
dataset_nimda_513_5_rrc04.csv,0.6552734375,90.0,20.0,1.0,0.0014144271570014145,0.0028248587570621473
dataset_nimda_559_1_rrc04.csv,0.6843072755417957,90.0,20.0,0.9276729559748428,0.08345120226308345,0.15312743316895924
dataset_nimda_559_5_rrc04.csv,0.806640625,90.0,20.0,0.8273684210526315,0.5558698727015559,0.6649746192893401
dataset_nimda_6893_1_rrc04.csv,0.659732972136223,90.0,20.0,1.0,0.005091937765205092,0.010132282578103013
dataset_nimda_6893_5_rrc04.csv,0.65478515625,90.0,20.0,0.0,0.0,0.0
