,accuracy,epoch,lag,precision_0,recall_0,f1_0
dataset_as9121_13237_1_rrc05.csv,0.9586111111111111,94.0,20.0,0.20485175202156333,0.9620253164556962,0.33777777777777773
dataset_as9121_13237_5_rrc05.csv,0.9243055555555556,94.0,20.0,0.1092436974789916,0.8125,0.1925925925925926
