,accuracy,epoch,lag,precision_0,recall_0,f1_0
dataset_nimda_513_1_rrc04.csv,0.6580882352941176,76.0,20.0,1.0,0.0002828854314002829,0.0005656108597285067
dataset_nimda_513_5_rrc04.csv,0.65478515625,76.0,20.0,0.0,0.0,0.0
dataset_nimda_559_1_rrc04.csv,0.6606037151702786,76.0,20.0,0.8857142857142857,0.00876944837340877,0.017366946778711485
dataset_nimda_559_5_rrc04.csv,0.79931640625,76.0,20.0,0.9134078212290503,0.4625176803394625,0.6140845070422536
dataset_nimda_6893_1_rrc04.csv,0.6591524767801857,76.0,20.0,1.0,0.0033946251768033945,0.0067662813645334085
dataset_nimda_6893_5_rrc04.csv,0.65478515625,76.0,20.0,0.0,0.0,0.0
