,accuracy,epoch,lag,precision_0,recall_0,f1_0
dataset_aws-leak_15547_1_rrc04.csv,0.9905555555555555,8.0,20.0,0.5142857142857142,0.7605633802816901,0.6136363636363636
dataset_aws-leak_15547_5_rrc04.csv,0.9701388888888889,8.0,20.0,0.0,0.0,0.0
dataset_aws-leak_34781_1_rrc04.csv,0.9948611111111111,8.0,20.0,0.7073170731707317,0.8169014084507042,0.7581699346405228
dataset_aws-leak_34781_5_rrc04.csv,0.9763888888888889,8.0,20.0,0.047619047619047616,0.06666666666666667,0.05555555555555555
