,accuracy,epoch,lag,precision_0,recall_0,f1_0
dataset_moscow_blackout_1853_1_rrc05.csv,0.9645833333333333,35.0,20.0,0.3793103448275862,0.7719298245614035,0.5086705202312138
dataset_moscow_blackout_1853_5_rrc05.csv,0.93125,35.0,20.0,0.21428571428571427,0.6857142857142857,0.32653061224489793
dataset_moscow_blackout_12793_1_rrc05.csv,0.9913888888888889,35.0,20.0,0.7914438502673797,0.8654970760233918,0.8268156424581006
dataset_moscow_blackout_12793_5_rrc05.csv,0.9576388888888889,35.0,20.0,0.32432432432432434,0.6857142857142857,0.44036697247706424
