,accuracy,epoch,lag,precision_0,recall_0,f1_0
dataset_as9121_13237_1_rrc05.csv,0.9673611111111111,56.0,20.0,0.24342105263157895,0.9367088607594937,0.3864229765013055
dataset_as9121_13237_5_rrc05.csv,0.9465277777777777,56.0,20.0,0.1411764705882353,0.75,0.23762376237623764
