,accuracy,epoch,lag,precision_0,recall_0,f1_0
dataset_moscow_blackout_1853_1_rrc05.csv,0.9363888888888889,81.0,20.0,0.24050632911392406,0.7777777777777778,0.3674033149171271
dataset_moscow_blackout_1853_5_rrc05.csv,0.8847222222222222,81.0,20.0,0.14207650273224043,0.7428571428571429,0.23853211009174313
dataset_moscow_blackout_12793_1_rrc05.csv,0.9929166666666667,81.0,20.0,0.8333333333333334,0.8771929824561403,0.8547008547008548
dataset_moscow_blackout_12793_5_rrc05.csv,0.9666666666666667,81.0,20.0,0.4,0.7428571428571429,0.52
