,accuracy,epoch,lag,precision_0,recall_0,f1_0
dataset_slammer_513_1_rrc04.csv,0.9047222222222222,13.0,20.0,0.796,0.5283185840707965,0.6351063829787233
dataset_slammer_513_5_rrc04.csv,0.9138888888888889,13.0,20.0,0.9636363636363636,0.4690265486725664,0.6309523809523809
dataset_slammer_559_1_rrc04.csv,0.8969444444444444,13.0,20.0,0.9024896265560166,0.38495575221238937,0.5397022332506204
dataset_slammer_559_5_rrc04.csv,0.9319444444444445,13.0,20.0,1.0,0.5663716814159292,0.7231638418079096
dataset_slammer_6893_1_rrc04.csv,0.8894444444444445,13.0,20.0,0.8957345971563981,0.3345132743362832,0.4871134020618556
dataset_slammer_6893_5_rrc04.csv,0.8993055555555556,13.0,20.0,0.9764705882352941,0.3672566371681416,0.5337620578778135
