,accuracy,epoch,lag,precision_0,recall_0,f1_0
dataset_malaysian-telecom_25091_1_rrc04.csv,0.03333333333333333,75.0,20.0,0.02589223233030091,1.0,0.0504774897680764
dataset_malaysian-telecom_25091_5_rrc04.csv,0.36875,75.0,20.0,0.039112050739957716,1.0,0.07527975584944048
