,accuracy,epoch,lag,precision_0,recall_0,f1_0
dataset_malaysian-telecom_25091_1_rrc04.csv,0.06875,47.0,20.0,0.026850507982583455,1.0,0.05229681978798587
dataset_malaysian-telecom_25091_5_rrc04.csv,0.30486111111111114,47.0,20.0,0.03564547206165703,1.0,0.06883720930232558
