,accuracy,epoch,lag,precision_0,recall_0,f1_0
dataset_moscow_blackout_1853_1_rrc05.csv,0.4901388888888889,48.0,20.0,0.04450806871421135,1.0,0.08522302516820333
dataset_moscow_blackout_1853_5_rrc05.csv,0.7034722222222223,48.0,20.0,0.06637168141592921,0.8571428571428571,0.12320328542094457
dataset_moscow_blackout_12793_1_rrc05.csv,0.9906944444444444,48.0,20.0,0.76,0.8888888888888888,0.8194070080862534
dataset_moscow_blackout_12793_5_rrc05.csv,0.95625,48.0,20.0,0.32926829268292684,0.7714285714285715,0.46153846153846156
