,accuracy,epoch,lag,precision_0,recall_0,f1_0
dataset_nimda_513_1_rrc04.csv,0.6579914860681114,74.0,20.0,0.0,0.0,0.0
dataset_nimda_513_5_rrc04.csv,0.65478515625,74.0,20.0,0.0,0.0,0.0
dataset_nimda_559_1_rrc04.csv,0.6591524767801857,74.0,20.0,1.0,0.0033946251768033945,0.0067662813645334085
dataset_nimda_559_5_rrc04.csv,0.77734375,74.0,20.0,0.9312714776632303,0.38330975954738333,0.5430861723446894
dataset_nimda_6893_1_rrc04.csv,0.6590557275541795,74.0,20.0,1.0,0.0031117397454031117,0.006204173716864073
dataset_nimda_6893_5_rrc04.csv,0.65478515625,74.0,20.0,0.0,0.0,0.0
