,accuracy,epoch,lag,precision_0,recall_0,f1_0
dataset_code-red_513_1_rrc04.csv,0.11336883408071749,66.0,20.0,0.07675470596818912,1.0,0.14256674346117362
dataset_code-red_513_5_rrc04.csv,0.11388888888888889,66.0,20.0,0.07670043415340087,1.0,0.1424731182795699
dataset_code-red_6893_1_rrc04.csv,0.44815022421524664,66.0,20.0,0.117831541218638,1.0,0.21082164328657316
dataset_code-red_6893_5_rrc04.csv,0.5756944444444444,66.0,20.0,0.14783821478382148,1.0,0.25759416767922233
