,accuracy,epoch,lag,precision_0,recall_0,f1_0
dataset_moscow_blackout_1853_1_rrc05.csv,0.9402777777777778,94.0,20.0,0.2570356472795497,0.8011695906432749,0.3892045454545454
dataset_moscow_blackout_1853_5_rrc05.csv,0.8854166666666666,94.0,20.0,0.14673913043478262,0.7714285714285715,0.24657534246575347
dataset_moscow_blackout_12793_1_rrc05.csv,0.99375,94.0,20.0,0.8579545454545454,0.8830409356725146,0.8703170028818444
dataset_moscow_blackout_12793_5_rrc05.csv,0.9694444444444444,94.0,20.0,0.4262295081967213,0.7428571428571429,0.5416666666666666
