,accuracy,epoch,lag,precision_0,recall_0,f1_0
dataset_slammer_513_1_rrc04.csv,0.8733333333333333,10.0,20.0,0.6164529914529915,0.5106194690265486,0.5585672797676671
dataset_slammer_513_5_rrc04.csv,0.8993055555555556,10.0,20.0,0.900990099009901,0.4026548672566372,0.5565749235474007
dataset_slammer_559_1_rrc04.csv,0.8897222222222222,10.0,20.0,0.8943661971830986,0.33716814159292036,0.4897172236503856
dataset_slammer_559_5_rrc04.csv,0.91875,10.0,20.0,0.9823008849557522,0.4911504424778761,0.6548672566371682
dataset_slammer_6893_1_rrc04.csv,0.8743055555555556,10.0,20.0,0.6970227670753065,0.35221238938053095,0.467960023515579
dataset_slammer_6893_5_rrc04.csv,0.8951388888888889,10.0,20.0,0.9518072289156626,0.3495575221238938,0.511326860841424
