,accuracy,epoch,lag,precision_0,recall_0,f1_0
dataset_as9121_13237_1_rrc05.csv,0.9526388888888889,77.0,20.0,0.18509615384615385,0.9746835443037974,0.3111111111111111
dataset_as9121_13237_5_rrc05.csv,0.9138888888888889,77.0,20.0,0.10294117647058823,0.875,0.1842105263157895
