,accuracy,epoch,lag,precision_0,recall_0,f1_0
dataset_aws-leak_15547_1_rrc04.csv,0.6223611111111111,62.0,20.0,0.025448028673835124,1.0,0.04963299545613421
dataset_aws-leak_15547_5_rrc04.csv,0.035416666666666666,62.0,20.0,0.010683760683760684,1.0,0.021141649048625793
dataset_aws-leak_34781_1_rrc04.csv,0.9868055555555556,62.0,20.0,0.42592592592592593,0.971830985915493,0.592274678111588
dataset_aws-leak_34781_5_rrc04.csv,0.9645833333333333,62.0,20.0,0.21875,0.9333333333333333,0.35443037974683544
