,accuracy,epoch,lag,precision_0,recall_0,f1_0
dataset_japan-earthquake_2497_1_rrc06.csv,0.9252777777777778,94.0,20.0,0.4183783783783784,1.0,0.5899390243902439
dataset_japan-earthquake_2497_5_rrc06.csv,0.7659722222222223,94.0,20.0,0.1859903381642512,1.0,0.3136456211812627
dataset_japan-earthquake_10026_1_rv-sydney.csv,0.9818055555555556,94.0,20.0,0.7561475409836066,0.968503937007874,0.8492520138089759
