,accuracy,epoch,lag,precision_0,recall_0,f1_0
dataset_malaysian-telecom_25091_1_rrc04.csv,0.02763888888888889,68.0,20.0,0.025744503200667967,1.0,0.050196716863383534
dataset_malaysian-telecom_25091_5_rrc04.csv,0.05138888888888889,68.0,20.0,0.026372059871703494,1.0,0.051388888888888894
