,accuracy,epoch,lag,precision_0,recall_0,f1_0
dataset_nimda_513_1_rrc04.csv,0.6580882352941176,94.0,20.0,1.0,0.0002828854314002829,0.0005656108597285067
dataset_nimda_513_5_rrc04.csv,0.65478515625,94.0,20.0,0.0,0.0,0.0
dataset_nimda_559_1_rrc04.csv,0.6772445820433437,94.0,20.0,0.9383259911894273,0.06025459688826026,0.11323763955342903
dataset_nimda_559_5_rrc04.csv,0.81103515625,94.0,20.0,0.8902439024390244,0.5162659123055162,0.6535362578334826
dataset_nimda_6893_1_rrc04.csv,0.659732972136223,94.0,20.0,1.0,0.005091937765205092,0.010132282578103013
dataset_nimda_6893_5_rrc04.csv,0.65478515625,94.0,20.0,0.0,0.0,0.0
