,accuracy,epoch,lag,precision_0,recall_0,f1_0
dataset_japan-earthquake_2497_1_rrc06.csv,0.3497222222222222,28.0,20.0,0.07634641941211284,1.0,0.14186217008797655
dataset_japan-earthquake_2497_5_rrc06.csv,0.4534722222222222,28.0,20.0,0.08912037037037036,1.0,0.16365568544102016
dataset_japan-earthquake_10026_1_rv-sydney.csv,0.5713888888888888,28.0,20.0,0.1087648249927683,0.9868766404199475,0.1959353830119854
