,accuracy,epoch,lag,precision_0,recall_0,f1_0
dataset_code-red_513_1_rrc04.csv,0.1905829596412556,59.0,20.0,0.08346556648682958,1.0,0.1540714704159344
dataset_code-red_513_5_rrc04.csv,0.23958333333333334,59.0,20.0,0.08825978351373855,1.0,0.16220351951032896
dataset_code-red_6893_1_rrc04.csv,0.9623038116591929,59.0,20.0,0.6628643852978454,0.9942965779467681,0.7954372623574144
dataset_code-red_6893_5_rrc04.csv,0.8069444444444445,59.0,20.0,0.2760416666666667,1.0,0.4326530612244898
