,accuracy,epoch,lag,precision_0,recall_0,f1_0
dataset_slammer_513_1_rrc04.csv,0.7813888888888889,81.0,20.0,0.4174721189591078,0.9938053097345133,0.587958115183246
dataset_slammer_513_5_rrc04.csv,0.9659722222222222,81.0,20.0,0.8314606741573034,0.9823008849557522,0.9006085192697769
dataset_slammer_559_1_rrc04.csv,0.1663888888888889,81.0,20.0,0.15844083006169377,1.0,0.2735415153715807
dataset_slammer_559_5_rrc04.csv,0.4166666666666667,81.0,20.0,0.21200750469043153,1.0,0.34984520123839014
dataset_slammer_6893_1_rrc04.csv,0.6280555555555556,81.0,20.0,0.29610115911485774,0.9946902654867257,0.4563540397888753
dataset_slammer_6893_5_rrc04.csv,0.9381944444444444,81.0,20.0,0.7644787644787645,0.8761061946902655,0.8164948453608247
