,accuracy,epoch,lag,precision_0,recall_0,f1_0
dataset_slammer_513_1_rrc04.csv,0.9429166666666666,88.0,20.0,0.912743972445465,0.7035398230088495,0.7946026986506747
dataset_slammer_513_5_rrc04.csv,0.9590277777777778,88.0,20.0,0.892018779342723,0.8407079646017699,0.8656036446469249
dataset_slammer_559_1_rrc04.csv,0.2448611111111111,88.0,20.0,0.17207248363027258,1.0,0.29362089125633367
dataset_slammer_559_5_rrc04.csv,0.5048611111111111,88.0,20.0,0.240128068303095,0.995575221238938,0.38693035253654345
dataset_slammer_6893_1_rrc04.csv,0.9572222222222222,88.0,20.0,0.8914285714285715,0.8283185840707965,0.8587155963302753
dataset_slammer_6893_5_rrc04.csv,0.9590277777777778,88.0,20.0,0.9033816425120773,0.827433628318584,0.8637413394919169
