,accuracy,epoch,lag,precision_0,recall_0,f1_0
dataset_moscow_blackout_1853_1_rrc05.csv,0.9497222222222222,25.0,20.0,0.29894736842105263,0.8304093567251462,0.43962848297213625
dataset_moscow_blackout_1853_5_rrc05.csv,0.9277777777777778,25.0,20.0,0.19469026548672566,0.6285714285714286,0.2972972972972973
dataset_moscow_blackout_12793_1_rrc05.csv,0.9880555555555556,25.0,20.0,0.7093596059113301,0.8421052631578947,0.770053475935829
dataset_moscow_blackout_12793_5_rrc05.csv,0.9527777777777777,25.0,20.0,0.2911392405063291,0.6571428571428571,0.40350877192982454
