,accuracy,epoch,lag,precision_0,recall_0,f1_0
dataset_japan-earthquake_2497_1_rrc06.csv,0.4597222222222222,82.0,20.0,0.09048398410100537,1.0,0.16595197255574612
dataset_japan-earthquake_2497_5_rrc06.csv,0.38333333333333336,82.0,20.0,0.07979274611398963,1.0,0.14779270633397312
dataset_japan-earthquake_10026_1_rv-sydney.csv,0.8368055555555556,82.0,20.0,0.24420103092783504,0.994750656167979,0.39213657527159856
