,accuracy,epoch,lag,precision_0,recall_0,f1_0
dataset_slammer_513_1_rrc04.csv,0.855,9.0,20.0,0.5395948434622467,0.5185840707964602,0.5288808664259929
dataset_slammer_513_5_rrc04.csv,0.8972222222222223,9.0,20.0,0.8679245283018868,0.40707964601769914,0.5542168674698795
dataset_slammer_559_1_rrc04.csv,0.8868055555555555,9.0,20.0,0.8947368421052632,0.315929203539823,0.4669718770438195
dataset_slammer_559_5_rrc04.csv,0.9131944444444444,9.0,20.0,0.9809523809523809,0.4557522123893805,0.6223564954682779
dataset_slammer_6893_1_rrc04.csv,0.8575,9.0,20.0,0.5706521739130435,0.37168141592920356,0.4501607717041801
dataset_slammer_6893_5_rrc04.csv,0.8923611111111112,9.0,20.0,0.9080459770114943,0.3495575221238938,0.5047923322683705
