,accuracy,epoch,lag,precision_0,recall_0,f1_0
dataset_japan-earthquake_2497_1_rrc06.csv,0.7773611111111111,57.0,20.0,0.19447236180904523,1.0,0.3256205300799327
dataset_japan-earthquake_2497_5_rrc06.csv,0.6138888888888889,57.0,20.0,0.12164296998420221,1.0,0.21690140845070421
dataset_japan-earthquake_10026_1_rv-sydney.csv,0.9326388888888889,57.0,20.0,0.4388235294117647,0.979002624671916,0.6060113728675873
