,accuracy,epoch,lag,precision_0,recall_0,f1_0
dataset_nimda_513_1_rrc04.csv,0.6584752321981424,46.0,20.0,1.0,0.0014144271570014145,0.0028248587570621473
dataset_nimda_513_5_rrc04.csv,0.66015625,46.0,20.0,1.0,0.015558698727015558,0.03064066852367688
dataset_nimda_559_1_rrc04.csv,0.6736648606811145,46.0,20.0,0.9655172413793104,0.047524752475247525,0.09059045564842277
dataset_nimda_559_5_rrc04.csv,0.81591796875,46.0,20.0,0.9104477611940298,0.5176803394625177,0.660054102795311
dataset_nimda_6893_1_rrc04.csv,0.6595394736842105,46.0,20.0,1.0,0.004526166902404526,0.009011546043368065
dataset_nimda_6893_5_rrc04.csv,0.65478515625,46.0,20.0,0.0,0.0,0.0
