,accuracy,epoch,lag,precision_0,recall_0,f1_0
dataset_malaysian-telecom_25091_1_rrc04.csv,0.6883333333333334,44.0,20.0,0.0754639175257732,0.9891891891891892,0.14022988505747125
dataset_malaysian-telecom_25091_5_rrc04.csv,0.8229166666666666,44.0,20.0,0.1267123287671233,1.0,0.22492401215805474
