,accuracy,epoch,lag,precision_0,recall_0,f1_0
dataset_code-red_513_1_rrc04.csv,0.10355941704035874,30.0,20.0,0.07597862198468872,1.0,0.14122701033695798
dataset_code-red_513_5_rrc04.csv,0.2708333333333333,30.0,20.0,0.09169550173010381,1.0,0.16798732171156894
dataset_code-red_6893_1_rrc04.csv,0.47687780269058294,30.0,20.0,0.1235031697581592,1.0,0.21985370950888192
dataset_code-red_6893_5_rrc04.csv,0.6555555555555556,30.0,20.0,0.1760797342192691,1.0,0.2994350282485876
