,accuracy,epoch,lag,precision_0,recall_0,f1_0
dataset_moscow_blackout_1853_1_rrc05.csv,0.74375,27.0,20.0,0.08316733067729083,0.9766081871345029,0.15328132170720513
dataset_moscow_blackout_1853_5_rrc05.csv,0.8833333333333333,27.0,20.0,0.14054054054054055,0.7428571428571429,0.23636363636363636
dataset_moscow_blackout_12793_1_rrc05.csv,0.9879166666666667,27.0,20.0,0.6981132075471698,0.8654970760233918,0.7728459530026109
dataset_moscow_blackout_12793_5_rrc05.csv,0.94375,27.0,20.0,0.2604166666666667,0.7142857142857143,0.3816793893129771
