,accuracy,epoch,lag,precision_0,recall_0,f1_0
dataset_japan-earthquake_2497_1_rrc06.csv,0.9615277777777778,12.0,20.0,0.7291666666666666,0.45219638242894056,0.5582137161084529
dataset_japan-earthquake_2497_5_rrc06.csv,0.9777777777777777,12.0,20.0,0.7472527472527473,0.8831168831168831,0.8095238095238096
dataset_japan-earthquake_10026_1_rv-sydney.csv,0.9591666666666666,12.0,20.0,0.6790123456790124,0.4330708661417323,0.5288461538461539
