,accuracy,epoch,lag,precision_0,recall_0,f1_0
dataset_code-red_513_1_rrc04.csv,0.7746636771300448,57.0,20.0,0.246485473289597,1.0,0.3954887218045113
dataset_code-red_513_5_rrc04.csv,0.4909722222222222,57.0,20.0,0.1263408820023838,1.0,0.22433862433862434
dataset_code-red_6893_1_rrc04.csv,0.9709921524663677,57.0,20.0,0.8505494505494505,0.7357414448669202,0.7889908256880733
dataset_code-red_6893_5_rrc04.csv,0.95,57.0,20.0,0.5965909090909091,0.9905660377358491,0.7446808510638298
