,accuracy,epoch,lag,precision_0,recall_0,f1_0
dataset_slammer_513_1_rrc04.csv,0.9405555555555556,48.0,20.0,0.9081395348837209,0.6911504424778762,0.7849246231155779
dataset_slammer_513_5_rrc04.csv,0.9597222222222223,48.0,20.0,0.8853211009174312,0.8539823008849557,0.8693693693693694
dataset_slammer_559_1_rrc04.csv,0.2148611111111111,48.0,20.0,0.16659295297066196,1.0,0.2856059648679388
dataset_slammer_559_5_rrc04.csv,0.5402777777777777,48.0,20.0,0.25395033860045146,0.995575221238938,0.40467625899280574
dataset_slammer_6893_1_rrc04.csv,0.9319444444444445,48.0,20.0,0.7898550724637681,0.7716814159292036,0.7806624888093107
dataset_slammer_6893_5_rrc04.csv,0.9652777777777778,48.0,20.0,0.9444444444444444,0.827433628318584,0.8820754716981131
