,accuracy,epoch,lag,precision_0,recall_0,f1_0
dataset_japan-earthquake_2497_1_rrc06.csv,0.6598611111111111,59.0,20.0,0.13645980253878703,1.0,0.2401489295687248
dataset_japan-earthquake_2497_5_rrc06.csv,0.4534722222222222,59.0,20.0,0.08912037037037036,1.0,0.16365568544102016
dataset_japan-earthquake_10026_1_rv-sydney.csv,0.9176388888888889,59.0,20.0,0.39026915113871635,0.989501312335958,0.5597624350408315
