,accuracy,epoch,lag,precision_0,recall_0,f1_0
dataset_as9121_13237_1_rrc05.csv,0.9548611111111112,64.0,20.0,0.19095477386934673,0.9620253164556962,0.31865828092243187
dataset_as9121_13237_5_rrc05.csv,0.9125,64.0,20.0,0.09558823529411764,0.8125,0.17105263157894737
