,accuracy,epoch,lag,precision_0,recall_0,f1_0
dataset_japan-earthquake_2497_1_rrc06.csv,0.9916666666666667,38.0,20.0,0.8811188811188811,0.9767441860465116,0.9264705882352942
dataset_japan-earthquake_2497_5_rrc06.csv,0.9444444444444444,38.0,20.0,0.49044585987261147,1.0,0.6581196581196581
dataset_japan-earthquake_10026_1_rv-sydney.csv,0.9879166666666667,38.0,20.0,0.875,0.9002624671916011,0.88745148771022
