,accuracy,epoch,lag,precision_0,recall_0,f1_0
dataset_slammer_513_1_rrc04.csv,0.9429166666666666,41.0,20.0,0.9650711513583441,0.6601769911504425,0.7840252233315816
dataset_slammer_513_5_rrc04.csv,0.95625,41.0,20.0,0.893719806763285,0.8185840707964602,0.8545034642032333
dataset_slammer_559_1_rrc04.csv,0.5066666666666667,41.0,20.0,0.24134985049124305,1.0,0.3888506538196834
dataset_slammer_559_5_rrc04.csv,0.7604166666666666,41.0,20.0,0.3950617283950617,0.9911504424778761,0.5649432534678437
dataset_slammer_6893_1_rrc04.csv,0.93875,41.0,20.0,0.9503267973856209,0.643362831858407,0.7672823218997361
dataset_slammer_6893_5_rrc04.csv,0.9666666666666667,41.0,20.0,0.9836956521739131,0.8008849557522124,0.8829268292682928
