,accuracy,epoch,lag,precision_0,recall_0,f1_0
dataset_nimda_513_1_rrc04.csv,0.6582817337461301,69.0,20.0,1.0,0.0008486562942008486,0.0016958733747880156
dataset_nimda_513_5_rrc04.csv,0.65478515625,69.0,20.0,0.0,0.0,0.0
dataset_nimda_559_1_rrc04.csv,0.6629256965944272,69.0,20.0,0.8805970149253731,0.01669024045261669,0.032759578012215435
dataset_nimda_559_5_rrc04.csv,0.7998046875,69.0,20.0,0.9113573407202216,0.46534653465346537,0.6161048689138577
dataset_nimda_6893_1_rrc04.csv,0.6591524767801857,69.0,20.0,1.0,0.0033946251768033945,0.0067662813645334085
dataset_nimda_6893_5_rrc04.csv,0.65478515625,69.0,20.0,0.0,0.0,0.0
