,accuracy,epoch,lag,precision_0,recall_0,f1_0
dataset_aws-leak_15547_1_rrc04.csv,0.09430555555555556,89.0,20.0,0.010770631067961165,1.0,0.021311721446795738
dataset_aws-leak_15547_5_rrc04.csv,0.018055555555555554,89.0,20.0,0.010496850944716585,1.0,0.02077562326869806
dataset_aws-leak_34781_1_rrc04.csv,0.9738888888888889,89.0,20.0,0.2723735408560311,0.9859154929577465,0.4268292682926829
dataset_aws-leak_34781_5_rrc04.csv,0.9548611111111112,89.0,20.0,0.1875,1.0,0.3157894736842105
