,accuracy,epoch,lag,precision_0,recall_0,f1_0
dataset_aws-leak_15547_1_rrc04.csv,0.05541666666666667,84.0,20.0,0.010331781140861467,1.0,0.02045225406884632
dataset_aws-leak_15547_5_rrc04.csv,0.01597222222222222,84.0,20.0,0.01047486033519553,1.0,0.020732550103662747
dataset_aws-leak_34781_1_rrc04.csv,0.9441666666666667,84.0,20.0,0.15010570824524314,1.0,0.2610294117647059
dataset_aws-leak_34781_5_rrc04.csv,0.9263888888888889,84.0,20.0,0.12396694214876033,1.0,0.22058823529411764
