,accuracy,epoch,lag,precision_0,recall_0,f1_0
dataset_moscow_blackout_1853_1_rrc05.csv,0.9769444444444444,16.0,20.0,0.5132275132275133,0.5672514619883041,0.538888888888889
dataset_moscow_blackout_1853_5_rrc05.csv,0.9756944444444444,16.0,20.0,0.5,0.37142857142857144,0.42622950819672134
dataset_moscow_blackout_12793_1_rrc05.csv,0.9579166666666666,16.0,20.0,0.34285714285714286,0.8421052631578947,0.48730964467005067
dataset_moscow_blackout_12793_5_rrc05.csv,0.8895833333333333,16.0,20.0,0.13529411764705881,0.6571428571428571,0.22439024390243903
