,accuracy,epoch,lag,precision_0,recall_0,f1_0
dataset_moscow_blackout_1853_1_rrc05.csv,0.8936111111111111,57.0,20.0,0.17486338797814208,0.935672514619883,0.2946593001841621
dataset_moscow_blackout_1853_5_rrc05.csv,0.86875,57.0,20.0,0.12980769230769232,0.7714285714285715,0.22222222222222227
dataset_moscow_blackout_12793_1_rrc05.csv,0.9922222222222222,57.0,20.0,0.8108108108108109,0.8771929824561403,0.8426966292134831
dataset_moscow_blackout_12793_5_rrc05.csv,0.9618055555555556,57.0,20.0,0.36486486486486486,0.7714285714285715,0.4954128440366973
