,accuracy,epoch,lag,precision_0,recall_0,f1_0
dataset_slammer_513_1_rrc04.csv,0.8769444444444444,11.0,20.0,0.6157495256166983,0.5743362831858407,0.5943223443223443
dataset_slammer_513_5_rrc04.csv,0.9111111111111111,11.0,20.0,0.9224137931034483,0.47345132743362833,0.6257309941520468
dataset_slammer_559_1_rrc04.csv,0.8927777777777778,11.0,20.0,0.8908296943231441,0.36106194690265486,0.5138539042821159
dataset_slammer_559_5_rrc04.csv,0.9291666666666667,11.0,20.0,1.0,0.5486725663716814,0.7085714285714285
dataset_slammer_6893_1_rrc04.csv,0.88125,11.0,20.0,0.7532228360957642,0.36194690265486723,0.48894202032277345
dataset_slammer_6893_5_rrc04.csv,0.8986111111111111,11.0,20.0,0.9761904761904762,0.36283185840707965,0.5290322580645161
