,accuracy,epoch,lag,precision_0,recall_0,f1_0
dataset_as9121_13237_1_rrc05.csv,0.9540277777777778,69.0,20.0,0.18811881188118812,0.9620253164556962,0.3146997929606625
dataset_as9121_13237_5_rrc05.csv,0.9104166666666667,69.0,20.0,0.09352517985611511,0.8125,0.16774193548387098
