,accuracy,epoch,lag,precision_0,recall_0,f1_0
dataset_aws-leak_15547_1_rrc04.csv,0.9734722222222222,7.0,20.0,0.2391304347826087,0.7746478873239436,0.3654485049833887
dataset_aws-leak_15547_5_rrc04.csv,0.9472222222222222,7.0,20.0,0.015873015873015872,0.06666666666666667,0.025641025641025637
dataset_aws-leak_34781_1_rrc04.csv,0.9938888888888889,7.0,20.0,0.651685393258427,0.8169014084507042,0.725
dataset_aws-leak_34781_5_rrc04.csv,0.975,7.0,20.0,0.043478260869565216,0.06666666666666667,0.052631578947368425
