,accuracy,epoch,lag,precision_0,recall_0,f1_0
dataset_as9121_13237_1_rrc05.csv,0.9722222222222222,30.0,20.0,0.27340823970037453,0.9240506329113924,0.42196531791907516
dataset_as9121_13237_5_rrc05.csv,0.9534722222222223,30.0,20.0,0.1506849315068493,0.6875,0.24719101123595508
