,accuracy,epoch,lag,precision_0,recall_0,f1_0
dataset_nimda_513_1_rrc04.csv,0.6579914860681114,83.0,20.0,0.0,0.0,0.0
dataset_nimda_513_5_rrc04.csv,0.65478515625,83.0,20.0,0.0,0.0,0.0
dataset_nimda_559_1_rrc04.csv,0.6604102167182663,83.0,20.0,0.9032258064516129,0.007920792079207921,0.015703869882220976
dataset_nimda_559_5_rrc04.csv,0.79931640625,83.0,20.0,0.9134078212290503,0.4625176803394625,0.6140845070422536
dataset_nimda_6893_1_rrc04.csv,0.659249226006192,83.0,20.0,1.0,0.0036775106082036777,0.007328072153325818
dataset_nimda_6893_5_rrc04.csv,0.65478515625,83.0,20.0,0.0,0.0,0.0
