,accuracy,epoch,lag,precision_0,recall_0,f1_0
dataset_malaysian-telecom_25091_1_rrc04.csv,0.15055555555555555,34.0,20.0,0.02936041898111411,1.0,0.05704594511255011
dataset_malaysian-telecom_25091_5_rrc04.csv,0.45208333333333334,34.0,20.0,0.044794188861985475,1.0,0.085747392815759
