,accuracy,epoch,lag,precision_0,recall_0,f1_0
dataset_japan-earthquake_2497_1_rrc06.csv,0.07597222222222222,27.0,20.0,0.05497159090909091,1.0,0.1042143530362192
dataset_japan-earthquake_2497_5_rrc06.csv,0.12986111111111112,27.0,20.0,0.05789473684210526,1.0,0.10945273631840796
dataset_japan-earthquake_10026_1_rv-sydney.csv,0.2956944444444444,27.0,20.0,0.06988261188554659,1.0,0.13063603634493398
