,accuracy,epoch,lag,precision_0,recall_0,f1_0
dataset_code-red_513_1_rrc04.csv,0.7354260089686099,62.0,20.0,0.21789560894780446,1.0,0.3578231292517006
dataset_code-red_513_5_rrc04.csv,0.5722222222222222,62.0,20.0,0.14681440443213298,1.0,0.2560386473429952
dataset_code-red_6893_1_rrc04.csv,0.9781390134529148,62.0,20.0,0.8599221789883269,0.8403041825095057,0.85
dataset_code-red_6893_5_rrc04.csv,0.9680555555555556,62.0,20.0,0.6973684210526315,1.0,0.8217054263565892
