,accuracy,epoch,lag,precision_0,recall_0,f1_0
dataset_as9121_13237_1_rrc05.csv,0.9720833333333333,11.0,20.0,0.2689393939393939,0.8987341772151899,0.4139941690962099
dataset_as9121_13237_5_rrc05.csv,0.9756944444444444,11.0,20.0,0.1724137931034483,0.3125,0.22222222222222224
