,accuracy,epoch,lag,precision_0,recall_0,f1_0
dataset_as9121_13237_1_rrc05.csv,0.955,82.0,20.0,0.19298245614035087,0.9746835443037974,0.3221757322175732
dataset_as9121_13237_5_rrc05.csv,0.9145833333333333,82.0,20.0,0.1037037037037037,0.875,0.18543046357615892
