,accuracy,epoch,lag,precision_0,recall_0,f1_0
dataset_slammer_513_1_rrc04.csv,0.4027777777777778,27.0,20.0,0.20810313075506445,1.0,0.3445121951219512
dataset_slammer_513_5_rrc04.csv,0.9618055555555556,27.0,20.0,0.8202247191011236,0.9690265486725663,0.8884381338742393
dataset_slammer_559_1_rrc04.csv,0.37222222222222223,27.0,20.0,0.19914802981895632,0.9929203539823008,0.33175635718509755
dataset_slammer_559_5_rrc04.csv,0.73125,27.0,20.0,0.367816091954023,0.9911504424778761,0.5365269461077844
dataset_slammer_6893_1_rrc04.csv,0.28694444444444445,27.0,20.0,0.18039591315453385,1.0,0.3056532323505545
dataset_slammer_6893_5_rrc04.csv,0.9625,27.0,20.0,0.93,0.8230088495575221,0.8732394366197184
