,accuracy,epoch,lag,precision_0,recall_0,f1_0
dataset_as9121_13237_1_rrc05.csv,0.48347222222222225,29.0,20.0,0.020800421274354924,1.0,0.040753159659530566
dataset_as9121_13237_5_rrc05.csv,0.85625,29.0,20.0,0.0639269406392694,0.875,0.11914893617021276
