,accuracy,epoch,lag,precision_0,recall_0,f1_0
dataset_japan-earthquake_2497_1_rrc06.csv,0.7743055555555556,40.0,20.0,0.19234592445328033,1.0,0.32263443101292205
dataset_japan-earthquake_2497_5_rrc06.csv,0.6555555555555556,40.0,20.0,0.1343804537521815,1.0,0.2369230769230769
dataset_japan-earthquake_10026_1_rv-sydney.csv,0.9251388888888888,40.0,20.0,0.4122222222222222,0.973753280839895,0.5792349726775956
