,accuracy,epoch,lag,precision_0,recall_0,f1_0
dataset_moscow_blackout_1853_1_rrc05.csv,0.9731944444444445,19.0,20.0,0.4576923076923077,0.695906432748538,0.5522041763341068
dataset_moscow_blackout_1853_5_rrc05.csv,0.9618055555555556,19.0,20.0,0.3076923076923077,0.45714285714285713,0.36781609195402304
dataset_moscow_blackout_12793_1_rrc05.csv,0.9918055555555556,19.0,20.0,0.8146067415730337,0.847953216374269,0.830945558739255
dataset_moscow_blackout_12793_5_rrc05.csv,0.9034722222222222,19.0,20.0,0.16233766233766234,0.7142857142857143,0.26455026455026454
