,accuracy,epoch,lag,precision_0,recall_0,f1_0
dataset_moscow_blackout_1853_1_rrc05.csv,0.9623611111111111,56.0,20.0,0.3641304347826087,0.783625730994152,0.49721706864564
dataset_moscow_blackout_1853_5_rrc05.csv,0.9118055555555555,56.0,20.0,0.18055555555555555,0.7428571428571429,0.29050279329608936
dataset_moscow_blackout_12793_1_rrc05.csv,0.9922222222222222,56.0,20.0,0.8142076502732241,0.8713450292397661,0.8418079096045197
dataset_moscow_blackout_12793_5_rrc05.csv,0.9625,56.0,20.0,0.36619718309859156,0.7428571428571429,0.49056603773584906
