,accuracy,epoch,lag,precision_0,recall_0,f1_0
dataset_as9121_13237_1_rrc05.csv,0.9697222222222223,79.0,20.0,0.2578397212543554,0.9367088607594937,0.40437158469945356
dataset_as9121_13237_5_rrc05.csv,0.9597222222222223,79.0,20.0,0.19117647058823528,0.8125,0.30952380952380953
