,accuracy,epoch,lag,precision_0,recall_0,f1_0
dataset_as9121_13237_1_rrc05.csv,0.9540277777777778,89.0,20.0,0.1896551724137931,0.9746835443037974,0.31752577319587627
dataset_as9121_13237_5_rrc05.csv,0.9138888888888889,89.0,20.0,0.10294117647058823,0.875,0.1842105263157895
