,accuracy,epoch,lag,precision_0,recall_0,f1_0
dataset_moscow_blackout_1853_1_rrc05.csv,0.9395833333333333,75.0,20.0,0.2518796992481203,0.783625730994152,0.3812233285917496
dataset_moscow_blackout_1853_5_rrc05.csv,0.8868055555555555,75.0,20.0,0.14444444444444443,0.7428571428571429,0.24186046511627907
dataset_moscow_blackout_12793_1_rrc05.csv,0.9930555555555556,75.0,20.0,0.8379888268156425,0.8771929824561403,0.8571428571428571
dataset_moscow_blackout_12793_5_rrc05.csv,0.9666666666666667,75.0,20.0,0.4,0.7428571428571429,0.52
