,accuracy,epoch,lag,precision_0,recall_0,f1_0
dataset_aws-leak_15547_1_rrc04.csv,0.059305555555555556,60.0,20.0,0.010374050263004092,1.0,0.020535068691250904
dataset_aws-leak_15547_5_rrc04.csv,0.022222222222222223,60.0,20.0,0.010541110330288124,1.0,0.02086230876216968
dataset_aws-leak_34781_1_rrc04.csv,0.9498611111111112,60.0,20.0,0.16435185185185186,1.0,0.2823061630218688
dataset_aws-leak_34781_5_rrc04.csv,0.9416666666666667,60.0,20.0,0.15151515151515152,1.0,0.2631578947368421
