,accuracy,epoch,lag,precision_0,recall_0,f1_0
dataset_malaysian-telecom_25091_1_rrc04.csv,0.029861111111111113,43.0,20.0,0.02580195258019526,1.0,0.05030591434398368
dataset_malaysian-telecom_25091_5_rrc04.csv,0.1326388888888889,43.0,20.0,0.028771384136858476,1.0,0.05593348450491308
