,accuracy,epoch,lag,precision_0,recall_0,f1_0
dataset_as9121_13237_1_rrc05.csv,0.965,43.0,20.0,0.23052959501557632,0.9367088607594937,0.37
dataset_as9121_13237_5_rrc05.csv,0.9444444444444444,43.0,20.0,0.13636363636363635,0.75,0.23076923076923075
