,accuracy,epoch,lag,precision_0,recall_0,f1_0
dataset_malaysian-telecom_25091_1_rrc04.csv,0.0948611111111111,16.0,20.0,0.027603700387943898,1.0,0.053724408305503124
dataset_malaysian-telecom_25091_5_rrc04.csv,0.7201388888888889,16.0,20.0,0.08409090909090909,1.0,0.15513626834381553
