,accuracy,epoch,lag,precision_0,recall_0,f1_0
dataset_code-red_513_1_rrc04.csv,0.8440302690582959,67.0,20.0,0.31736154324828875,0.9695817490494296,0.4781997187060478
dataset_code-red_513_5_rrc04.csv,0.5875,67.0,20.0,0.15142857142857144,1.0,0.2630272952853598
dataset_code-red_6893_1_rrc04.csv,0.9561378923766816,67.0,20.0,0.7655860349127181,0.5836501901140685,0.66235167206041
dataset_code-red_6893_5_rrc04.csv,0.9430555555555555,67.0,20.0,0.5769230769230769,0.8490566037735849,0.6870229007633587
