,accuracy,epoch,lag,precision_0,recall_0,f1_0
dataset_slammer_513_1_rrc04.csv,0.93625,89.0,20.0,0.9431968295904888,0.631858407079646,0.7567567567567567
dataset_slammer_513_5_rrc04.csv,0.9527777777777777,89.0,20.0,0.8910891089108911,0.7964601769911505,0.8411214953271028
dataset_slammer_559_1_rrc04.csv,0.4375,89.0,20.0,0.21814671814671815,1.0,0.3581616481774961
dataset_slammer_559_5_rrc04.csv,0.5555555555555556,89.0,20.0,0.2604166666666667,0.995575221238938,0.41284403669724773
dataset_slammer_6893_1_rrc04.csv,0.9406944444444445,89.0,20.0,0.9189511323003575,0.6823008849557523,0.7831386490604367
dataset_slammer_6893_5_rrc04.csv,0.9625,89.0,20.0,0.9432989690721649,0.8097345132743363,0.8714285714285714
