,accuracy,epoch,lag,precision_0,recall_0,f1_0
dataset_slammer_513_1_rrc04.csv,0.9398611111111111,52.0,20.0,0.8165304268846503,0.7955752212389381,0.8059166293142089
dataset_slammer_513_5_rrc04.csv,0.9729166666666667,52.0,20.0,0.8847736625514403,0.9513274336283186,0.9168443496801705
dataset_slammer_559_1_rrc04.csv,0.16722222222222222,52.0,20.0,0.15857423519506034,1.0,0.27374031007751937
dataset_slammer_559_5_rrc04.csv,0.4736111111111111,52.0,20.0,0.22967479674796748,1.0,0.37355371900826445
dataset_slammer_6893_1_rrc04.csv,0.8940277777777778,52.0,20.0,0.6234028244788165,0.820353982300885,0.708444784103936
dataset_slammer_6893_5_rrc04.csv,0.9513888888888888,52.0,20.0,0.8545454545454545,0.831858407079646,0.8430493273542601
