,accuracy,epoch,lag,precision_0,recall_0,f1_0
dataset_as9121_13237_1_rrc05.csv,0.97375,16.0,20.0,0.2782258064516129,0.8734177215189873,0.42201834862385323
dataset_as9121_13237_5_rrc05.csv,0.9729166666666667,16.0,20.0,0.20512820512820512,0.5,0.29090909090909095
