,accuracy,epoch,lag,precision_0,recall_0,f1_0
dataset_japan-earthquake_2497_1_rrc06.csv,0.9904166666666666,92.0,20.0,0.8663594470046083,0.9715762273901809,0.9159561510353228
dataset_japan-earthquake_2497_5_rrc06.csv,0.9416666666666667,92.0,20.0,0.4782608695652174,1.0,0.6470588235294118
dataset_japan-earthquake_10026_1_rv-sydney.csv,0.98875,92.0,20.0,0.8846153846153846,0.905511811023622,0.8949416342412451
