,accuracy,epoch,lag,precision_0,recall_0,f1_0
dataset_moscow_blackout_1853_1_rrc05.csv,0.9645833333333333,61.0,20.0,0.3793103448275862,0.7719298245614035,0.5086705202312138
dataset_moscow_blackout_1853_5_rrc05.csv,0.91875,61.0,20.0,0.19402985074626866,0.7428571428571429,0.3076923076923077
dataset_moscow_blackout_12793_1_rrc05.csv,0.9930555555555556,61.0,20.0,0.8418079096045198,0.8713450292397661,0.8563218390804598
dataset_moscow_blackout_12793_5_rrc05.csv,0.9659722222222222,61.0,20.0,0.3939393939393939,0.7428571428571429,0.5148514851485148
