,accuracy,epoch,lag,precision_0,recall_0,f1_0
dataset_moscow_blackout_1853_1_rrc05.csv,0.9381944444444444,68.0,20.0,0.2509090909090909,0.8070175438596491,0.38280166435506247
dataset_moscow_blackout_1853_5_rrc05.csv,0.88125,68.0,20.0,0.13829787234042554,0.7428571428571429,0.23318385650224216
dataset_moscow_blackout_12793_1_rrc05.csv,0.9927777777777778,68.0,20.0,0.8287292817679558,0.8771929824561403,0.8522727272727272
dataset_moscow_blackout_12793_5_rrc05.csv,0.9625,68.0,20.0,0.36619718309859156,0.7428571428571429,0.49056603773584906
