,accuracy,epoch,lag,precision_0,recall_0,f1_0
dataset_nimda_513_1_rrc04.csv,0.6579914860681114,26.0,20.0,0.0,0.0,0.0
dataset_nimda_513_5_rrc04.csv,0.65478515625,26.0,20.0,0.0,0.0,0.0
dataset_nimda_559_1_rrc04.csv,0.6579914860681114,26.0,20.0,0.0,0.0,0.0
dataset_nimda_559_5_rrc04.csv,0.66748046875,26.0,20.0,1.0,0.036775106082036775,0.07094133697135062
dataset_nimda_6893_1_rrc04.csv,0.6579914860681114,26.0,20.0,0.0,0.0,0.0
dataset_nimda_6893_5_rrc04.csv,0.65478515625,26.0,20.0,0.0,0.0,0.0
