,accuracy,epoch,lag,precision_0,recall_0,f1_0
dataset_aws-leak_15547_1_rrc04.csv,0.09708333333333333,70.0,20.0,0.010803408399269628,1.0,0.02137588438958302
dataset_aws-leak_15547_5_rrc04.csv,0.022222222222222223,70.0,20.0,0.010541110330288124,1.0,0.02086230876216968
dataset_aws-leak_34781_1_rrc04.csv,0.9641666666666666,70.0,20.0,0.21406727828746178,0.9859154929577465,0.35175879396984927
dataset_aws-leak_34781_5_rrc04.csv,0.9451388888888889,70.0,20.0,0.1595744680851064,1.0,0.27522935779816515
