,accuracy,epoch,lag,precision_0,recall_0,f1_0
dataset_code-red_513_1_rrc04.csv,0.15540919282511212,50.0,20.0,0.08026857927666718,1.0,0.1486085605311485
dataset_code-red_513_5_rrc04.csv,0.24444444444444444,50.0,20.0,0.08877721943048576,1.0,0.1630769230769231
dataset_code-red_6893_1_rrc04.csv,0.6584921524663677,50.0,20.0,0.17422434367541767,0.9714828897338403,0.2954611159294594
dataset_code-red_6893_5_rrc04.csv,0.7409722222222223,50.0,20.0,0.22129436325678498,1.0,0.3623931623931624
