,accuracy,epoch,lag,precision_0,recall_0,f1_0
dataset_japan-earthquake_2497_1_rrc06.csv,0.9823611111111111,71.0,20.0,0.7579365079365079,0.9870801033591732,0.8574635241301908
dataset_japan-earthquake_2497_5_rrc06.csv,0.8708333333333333,71.0,20.0,0.29277566539923955,1.0,0.45294117647058824
dataset_japan-earthquake_10026_1_rv-sydney.csv,0.9859722222222222,71.0,20.0,0.8225806451612904,0.937007874015748,0.8760736196319019
