,accuracy,epoch,lag,precision_0,recall_0,f1_0
dataset_malaysian-telecom_25091_1_rrc04.csv,0.041944444444444444,87.0,20.0,0.026118876182408584,1.0,0.05090809025866814
dataset_malaysian-telecom_25091_5_rrc04.csv,0.50625,87.0,20.0,0.04946524064171123,1.0,0.09426751592356687
