,accuracy,epoch,lag,precision_0,recall_0,f1_0
dataset_code-red_513_1_rrc04.csv,0.15372757847533633,54.0,20.0,0.08012185833968012,1.0,0.14835707234522635
dataset_code-red_513_5_rrc04.csv,0.25555555555555554,54.0,20.0,0.0899830220713073,1.0,0.16510903426791276
dataset_code-red_6893_1_rrc04.csv,0.7592488789237668,54.0,20.0,0.23128944995491435,0.9752851711026616,0.3739067055393586
dataset_code-red_6893_5_rrc04.csv,0.7930555555555555,54.0,20.0,0.2623762376237624,1.0,0.41568627450980394
