,accuracy,epoch,lag,precision_0,recall_0,f1_0
dataset_malaysian-telecom_25091_1_rrc04.csv,0.03027777777777778,86.0,20.0,0.025812752895214175,1.0,0.050326441784548426
dataset_malaysian-telecom_25091_5_rrc04.csv,0.24791666666666667,86.0,20.0,0.033035714285714286,1.0,0.06395851339671564
