,accuracy,epoch,lag,precision_0,recall_0,f1_0
dataset_as9121_13237_1_rrc05.csv,0.9543055555555555,97.0,20.0,0.1905940594059406,0.9746835443037974,0.31884057971014496
dataset_as9121_13237_5_rrc05.csv,0.9166666666666666,97.0,20.0,0.10606060606060606,0.875,0.1891891891891892
