,accuracy,epoch,lag,precision_0,recall_0,f1_0
dataset_as9121_13237_1_rrc05.csv,0.9561111111111111,93.0,20.0,0.1953727506426735,0.9620253164556962,0.3247863247863248
dataset_as9121_13237_5_rrc05.csv,0.9215277777777777,93.0,20.0,0.10569105691056911,0.8125,0.18705035971223022
