,accuracy,epoch,lag,precision_0,recall_0,f1_0
dataset_aws-leak_15547_1_rrc04.csv,0.31958333333333333,35.0,20.0,0.014285714285714285,1.0,0.028169014084507043
dataset_aws-leak_15547_5_rrc04.csv,0.034027777777777775,35.0,20.0,0.010668563300142247,1.0,0.0211118930330753
dataset_aws-leak_34781_1_rrc04.csv,0.9829166666666667,35.0,20.0,0.3645833333333333,0.9859154929577465,0.532319391634981
dataset_aws-leak_34781_5_rrc04.csv,0.9618055555555556,35.0,20.0,0.20588235294117646,0.9333333333333333,0.3373493975903614
