,accuracy,epoch,lag,precision_0,recall_0,f1_0
dataset_malaysian-telecom_25091_1_rrc04.csv,0.9743055555555555,7.0,20.0,0.0,0.0,0.0
dataset_malaysian-telecom_25091_5_rrc04.csv,0.9777777777777777,7.0,20.0,0.8571428571428571,0.16216216216216217,0.27272727272727276
