,accuracy,epoch,lag,precision_0,recall_0,f1_0
dataset_japan-earthquake_2497_1_rrc06.csv,0.8954166666666666,83.0,20.0,0.3394736842105263,1.0,0.5068762278978389
dataset_japan-earthquake_2497_5_rrc06.csv,0.7340277777777777,83.0,20.0,0.1673913043478261,1.0,0.28677839851024206
dataset_japan-earthquake_10026_1_rv-sydney.csv,0.9793055555555555,83.0,20.0,0.7301587301587301,0.9658792650918635,0.831638418079096
