,accuracy,epoch,lag,precision_0,recall_0,f1_0
dataset_slammer_513_1_rrc04.csv,0.9366666666666666,30.0,20.0,0.9693593314763231,0.6159292035398231,0.7532467532467533
dataset_slammer_513_5_rrc04.csv,0.9611111111111111,30.0,20.0,0.9722222222222222,0.7743362831858407,0.8620689655172414
dataset_slammer_559_1_rrc04.csv,0.7483333333333333,30.0,20.0,0.37083333333333335,0.8663716814159292,0.5193633952254642
dataset_slammer_559_5_rrc04.csv,0.9409722222222222,30.0,20.0,0.7311475409836066,0.9867256637168141,0.8399246704331451
dataset_slammer_6893_1_rrc04.csv,0.9309722222222222,30.0,20.0,0.9593613933236574,0.5849557522123894,0.7267729521715229
dataset_slammer_6893_5_rrc04.csv,0.9486111111111111,30.0,20.0,0.9810126582278481,0.6858407079646017,0.8072916666666666
