,accuracy,epoch,lag,precision_0,recall_0,f1_0
dataset_code-red_513_1_rrc04.csv,0.10411995515695067,31.0,20.0,0.07602254661078191,1.0,0.14130288784419073
dataset_code-red_513_5_rrc04.csv,0.24027777777777778,31.0,20.0,0.08833333333333333,1.0,0.16232771822358347
dataset_code-red_6893_1_rrc04.csv,0.5147141255605381,31.0,20.0,0.13186262221108047,1.0,0.23300110741971208
dataset_code-red_6893_5_rrc04.csv,0.6618055555555555,31.0,20.0,0.178752107925801,1.0,0.3032904148783977
