,accuracy,epoch,lag,precision_0,recall_0,f1_0
dataset_aws-leak_15547_1_rrc04.csv,0.46305555555555555,59.0,20.0,0.018034036068072135,1.0,0.03542914171656686
dataset_aws-leak_15547_5_rrc04.csv,0.03125,59.0,20.0,0.010638297872340425,1.0,0.021052631578947368
dataset_aws-leak_34781_1_rrc04.csv,0.9861111111111112,59.0,20.0,0.41317365269461076,0.971830985915493,0.5798319327731092
dataset_aws-leak_34781_5_rrc04.csv,0.9611111111111111,59.0,20.0,0.2028985507246377,0.9333333333333333,0.33333333333333337
