,accuracy,epoch,lag,precision_0,recall_0,f1_0
dataset_code-red_513_1_rrc04.csv,0.8785033632286996,98.0,20.0,0.3765387400434468,0.9885931558935361,0.5453592029365496
dataset_code-red_513_5_rrc04.csv,0.6305555555555555,98.0,20.0,0.16614420062695925,1.0,0.28494623655913975
dataset_code-red_6893_1_rrc04.csv,0.9658071748878924,98.0,20.0,0.8560606060606061,0.6444866920152091,0.735357917570499
dataset_code-red_6893_5_rrc04.csv,0.9708333333333333,98.0,20.0,0.753968253968254,0.8962264150943396,0.8189655172413793
