,accuracy,epoch,lag,precision_0,recall_0,f1_0
dataset_nimda_513_1_rrc04.csv,0.6580882352941176,92.0,20.0,1.0,0.0002828854314002829,0.0005656108597285067
dataset_nimda_513_5_rrc04.csv,0.65478515625,92.0,20.0,0.0,0.0,0.0
dataset_nimda_559_1_rrc04.csv,0.6725038699690402,92.0,20.0,0.9411764705882353,0.04526166902404526,0.0863697705802969
dataset_nimda_559_5_rrc04.csv,0.80908203125,92.0,20.0,0.9030612244897959,0.5007072135785007,0.6442220200181983
dataset_nimda_6893_1_rrc04.csv,0.6600232198142415,92.0,20.0,1.0,0.005940594059405941,0.011811023622047244
dataset_nimda_6893_5_rrc04.csv,0.65478515625,92.0,20.0,0.0,0.0,0.0
