,accuracy,epoch,lag,precision_0,recall_0,f1_0
dataset_aws-leak_15547_1_rrc04.csv,0.04902777777777778,51.0,20.0,0.010263081815553628,1.0,0.020317642008871085
dataset_aws-leak_15547_5_rrc04.csv,0.022222222222222223,51.0,20.0,0.010541110330288124,1.0,0.02086230876216968
dataset_aws-leak_34781_1_rrc04.csv,0.9338888888888889,51.0,20.0,0.12979890310786105,1.0,0.2297734627831715
dataset_aws-leak_34781_5_rrc04.csv,0.9416666666666667,51.0,20.0,0.15151515151515152,1.0,0.2631578947368421
