,accuracy,epoch,lag,precision_0,recall_0,f1_0
dataset_malaysian-telecom_25091_1_rrc04.csv,0.11708333333333333,46.0,20.0,0.028278813818404157,1.0,0.05500222982012783
dataset_malaysian-telecom_25091_5_rrc04.csv,0.4131944444444444,46.0,20.0,0.04195011337868481,1.0,0.08052230685527748
