,accuracy,epoch,lag,precision_0,recall_0,f1_0
dataset_aws-leak_15547_1_rrc04.csv,0.09875,79.0,20.0,0.010823170731707316,1.0,0.021414567938470817
dataset_aws-leak_15547_5_rrc04.csv,0.022222222222222223,79.0,20.0,0.010541110330288124,1.0,0.02086230876216968
dataset_aws-leak_34781_1_rrc04.csv,0.9711111111111111,79.0,20.0,0.2527075812274368,0.9859154929577465,0.4022988505747126
dataset_aws-leak_34781_5_rrc04.csv,0.9534722222222223,79.0,20.0,0.18292682926829268,1.0,0.30927835051546393
