,accuracy,epoch,lag,precision_0,recall_0,f1_0
dataset_slammer_513_1_rrc04.csv,0.9322222222222222,71.0,20.0,0.9212598425196851,0.6212389380530974,0.7420718816067653
dataset_slammer_513_5_rrc04.csv,0.9513888888888888,71.0,20.0,0.8861386138613861,0.7920353982300885,0.836448598130841
dataset_slammer_559_1_rrc04.csv,0.28458333333333335,71.0,20.0,0.17990765801623945,1.0,0.3049520982323573
dataset_slammer_559_5_rrc04.csv,0.5472222222222223,71.0,20.0,0.2568493150684932,0.995575221238938,0.40834845735027225
dataset_slammer_6893_1_rrc04.csv,0.9383333333333334,71.0,20.0,0.9298245614035088,0.6566371681415929,0.7697095435684649
dataset_slammer_6893_5_rrc04.csv,0.9618055555555556,71.0,20.0,0.9384615384615385,0.8097345132743363,0.8693586698337292
