,accuracy,epoch,lag,precision_0,recall_0,f1_0
dataset_moscow_blackout_1853_1_rrc05.csv,0.8704166666666666,20.0,20.0,0.12720156555772993,0.7602339181286549,0.2179379715004191
dataset_moscow_blackout_1853_5_rrc05.csv,0.9263888888888889,20.0,20.0,0.18584070796460178,0.6,0.2837837837837838
dataset_moscow_blackout_12793_1_rrc05.csv,0.8151388888888889,20.0,20.0,0.10328317373461013,0.8830409356725146,0.18493570116350277
dataset_moscow_blackout_12793_5_rrc05.csv,0.6888888888888889,20.0,20.0,0.05970149253731343,0.8,0.11111111111111112
