,accuracy,epoch,lag,precision_0,recall_0,f1_0
dataset_aws-leak_15547_1_rrc04.csv,0.5202777777777777,37.0,20.0,0.020141843971631206,1.0,0.039488320355951054
dataset_aws-leak_15547_5_rrc04.csv,0.041666666666666664,37.0,20.0,0.010752688172043012,1.0,0.021276595744680854
dataset_aws-leak_34781_1_rrc04.csv,0.9841666666666666,37.0,20.0,0.3812154696132597,0.971830985915493,0.5476190476190477
dataset_aws-leak_34781_5_rrc04.csv,0.9638888888888889,37.0,20.0,0.2153846153846154,0.9333333333333333,0.3500000000000001
