,accuracy,epoch,lag,precision_0,recall_0,f1_0
dataset_moscow_blackout_1853_1_rrc05.csv,0.7126388888888889,71.0,20.0,0.07443946188340807,0.9707602339181286,0.13827571845064557
dataset_moscow_blackout_1853_5_rrc05.csv,0.7756944444444445,71.0,20.0,0.08139534883720931,0.8,0.1477572559366755
dataset_moscow_blackout_12793_1_rrc05.csv,0.9923611111111111,71.0,20.0,0.8118279569892473,0.8830409356725146,0.84593837535014
dataset_moscow_blackout_12793_5_rrc05.csv,0.9618055555555556,71.0,20.0,0.36486486486486486,0.7714285714285715,0.4954128440366973
