,accuracy,epoch,lag,precision_0,recall_0,f1_0
dataset_aws-leak_15547_1_rrc04.csv,0.9686111111111111,15.0,20.0,0.22807017543859648,0.9154929577464789,0.3651685393258427
dataset_aws-leak_15547_5_rrc04.csv,0.9381944444444444,15.0,20.0,0.10638297872340426,0.6666666666666666,0.18348623853211007
dataset_aws-leak_34781_1_rrc04.csv,0.9858333333333333,15.0,20.0,0.40372670807453415,0.9154929577464789,0.5603448275862069
dataset_aws-leak_34781_5_rrc04.csv,0.9826388888888888,15.0,20.0,0.3076923076923077,0.5333333333333333,0.3902439024390244
