,accuracy,epoch,lag,precision_0,recall_0,f1_0
dataset_moscow_blackout_1853_1_rrc05.csv,0.9433333333333334,69.0,20.0,0.2644135188866799,0.7777777777777778,0.3946587537091988
dataset_moscow_blackout_1853_5_rrc05.csv,0.8868055555555555,69.0,20.0,0.14444444444444443,0.7428571428571429,0.24186046511627907
dataset_moscow_blackout_12793_1_rrc05.csv,0.9926388888888888,69.0,20.0,0.8241758241758241,0.8771929824561403,0.8498583569405099
dataset_moscow_blackout_12793_5_rrc05.csv,0.9631944444444445,69.0,20.0,0.37142857142857144,0.7428571428571429,0.49523809523809526
