,accuracy,epoch,lag,precision_0,recall_0,f1_0
dataset_aws-leak_15547_1_rrc04.csv,0.13666666666666666,20.0,20.0,0.01129314458406235,1.0,0.02233406731676628
dataset_aws-leak_15547_5_rrc04.csv,0.05347222222222222,20.0,20.0,0.01088534107402032,1.0,0.021536252692031584
dataset_aws-leak_34781_1_rrc04.csv,0.9743055555555555,20.0,20.0,0.27380952380952384,0.971830985915493,0.42724458204334376
dataset_aws-leak_34781_5_rrc04.csv,0.9652777777777778,20.0,20.0,0.2033898305084746,0.8,0.3243243243243243
