,accuracy,epoch,lag,precision_0,recall_0,f1_0
dataset_moscow_blackout_1853_1_rrc05.csv,0.96625,37.0,20.0,0.3902439024390244,0.7485380116959064,0.5130260521042085
dataset_moscow_blackout_1853_5_rrc05.csv,0.9333333333333333,37.0,20.0,0.22018348623853212,0.6857142857142857,0.33333333333333337
dataset_moscow_blackout_12793_1_rrc05.csv,0.9915277777777778,37.0,20.0,0.7989130434782609,0.8596491228070176,0.8281690140845072
dataset_moscow_blackout_12793_5_rrc05.csv,0.9576388888888889,37.0,20.0,0.32432432432432434,0.6857142857142857,0.44036697247706424
