,accuracy,epoch,lag,precision_0,recall_0,f1_0
dataset_moscow_blackout_1853_1_rrc05.csv,0.9488888888888889,38.0,20.0,0.3002028397565923,0.8654970760233918,0.4457831325301204
dataset_moscow_blackout_1853_5_rrc05.csv,0.9118055555555555,38.0,20.0,0.176056338028169,0.7142857142857143,0.2824858757062147
dataset_moscow_blackout_12793_1_rrc05.csv,0.9913888888888889,38.0,20.0,0.7883597883597884,0.8713450292397661,0.8277777777777778
dataset_moscow_blackout_12793_5_rrc05.csv,0.9583333333333334,38.0,20.0,0.3333333333333333,0.7142857142857143,0.4545454545454545
