,accuracy,epoch,lag,precision_0,recall_0,f1_0
dataset_code-red_513_1_rrc04.csv,0.7975056053811659,69.0,20.0,0.26686960933536275,1.0,0.42130556668001595
dataset_code-red_513_5_rrc04.csv,0.5708333333333333,69.0,20.0,0.1464088397790055,1.0,0.25542168674698795
dataset_code-red_6893_1_rrc04.csv,0.9694506726457399,69.0,20.0,0.7916666666666666,0.7946768060836502,0.7931688804554078
dataset_code-red_6893_5_rrc04.csv,0.9479166666666666,69.0,20.0,0.5875706214689266,0.9811320754716981,0.734982332155477
