,accuracy,epoch,lag,precision_0,recall_0,f1_0
dataset_as9121_13237_1_rrc05.csv,0.9572222222222222,78.0,20.0,0.1994750656167979,0.9620253164556962,0.33043478260869563
dataset_as9121_13237_5_rrc05.csv,0.9263888888888889,78.0,20.0,0.11206896551724138,0.8125,0.196969696969697
