,accuracy,epoch,lag,precision_0,recall_0,f1_0
dataset_malaysian-telecom_25091_1_rrc04.csv,0.026805555555555555,21.0,20.0,0.025723025583982203,1.0,0.050155889928155076
dataset_malaysian-telecom_25091_5_rrc04.csv,0.05763888888888889,21.0,20.0,0.02654232424677188,1.0,0.0517120894479385
