,accuracy,epoch,lag,precision_0,recall_0,f1_0
dataset_slammer_513_1_rrc04.csv,0.9372222222222222,82.0,20.0,0.9185185185185185,0.6584070796460177,0.7670103092783506
dataset_slammer_513_5_rrc04.csv,0.95625,82.0,20.0,0.8899521531100478,0.8230088495575221,0.8551724137931034
dataset_slammer_559_1_rrc04.csv,0.2152777777777778,82.0,20.0,0.16666666666666666,1.0,0.2857142857142857
dataset_slammer_559_5_rrc04.csv,0.5006944444444444,82.0,20.0,0.23860021208907742,0.995575221238938,0.38494439692044485
dataset_slammer_6893_1_rrc04.csv,0.9493055555555555,82.0,20.0,0.8963730569948186,0.7654867256637168,0.8257756563245823
dataset_slammer_6893_5_rrc04.csv,0.9583333333333334,82.0,20.0,0.8990384615384616,0.827433628318584,0.8617511520737327
