,accuracy,epoch,lag,precision_0,recall_0,f1_0
dataset_as9121_13237_1_rrc05.csv,0.9927777777777778,10.0,20.0,0.6285714285714286,0.8354430379746836,0.717391304347826
dataset_as9121_13237_5_rrc05.csv,0.9763888888888889,10.0,20.0,0.05,0.0625,0.05555555555555556
