,accuracy,epoch,lag,precision_0,recall_0,f1_0
dataset_japan-earthquake_2497_1_rrc06.csv,0.8115277777777777,30.0,20.0,0.22190366972477063,1.0,0.36320976067573907
dataset_japan-earthquake_2497_5_rrc06.csv,0.7111111111111111,30.0,20.0,0.15618661257606492,1.0,0.27017543859649124
dataset_japan-earthquake_10026_1_rv-sydney.csv,0.9306944444444445,30.0,20.0,0.43155452436194897,0.9763779527559056,0.5985518905872889
