,accuracy,epoch,lag,precision_0,recall_0,f1_0
dataset_japan-earthquake_2497_1_rrc06.csv,0.9675,95.0,20.0,0.6235864297253635,0.9974160206718347,0.7673956262425449
dataset_japan-earthquake_2497_5_rrc06.csv,0.8319444444444445,95.0,20.0,0.2413793103448276,1.0,0.3888888888888889
dataset_japan-earthquake_10026_1_rv-sydney.csv,0.9854166666666667,95.0,20.0,0.8013100436681223,0.963254593175853,0.8748510131108462
