,accuracy,epoch,lag,precision_0,recall_0,f1_0
dataset_slammer_513_1_rrc04.csv,0.9361111111111111,86.0,20.0,0.9490616621983914,0.6265486725663717,0.7547974413646055
dataset_slammer_513_5_rrc04.csv,0.9513888888888888,86.0,20.0,0.89,0.7876106194690266,0.8356807511737089
dataset_slammer_559_1_rrc04.csv,0.44180555555555556,86.0,20.0,0.21946008933773548,1.0,0.3599299251473165
dataset_slammer_559_5_rrc04.csv,0.55625,86.0,20.0,0.2607184241019699,0.995575221238938,0.4132231404958678
dataset_slammer_6893_1_rrc04.csv,0.9401388888888889,86.0,20.0,0.9330855018587361,0.6663716814159292,0.7774909654104284
dataset_slammer_6893_5_rrc04.csv,0.9659722222222222,86.0,20.0,0.9732620320855615,0.8053097345132744,0.8813559322033899
