,accuracy,epoch,lag,precision_0,recall_0,f1_0
dataset_malaysian-telecom_25091_1_rrc04.csv,0.4091666666666667,97.0,20.0,0.04167605316512728,1.0,0.08001730103806227
dataset_malaysian-telecom_25091_5_rrc04.csv,0.81875,97.0,20.0,0.12416107382550336,1.0,0.22089552238805968
