,accuracy,epoch,lag,precision_0,recall_0,f1_0
dataset_code-red_513_1_rrc04.csv,0.9410033632286996,17.0,20.0,0.6060606060606061,0.5703422053231939,0.5876591576885406
dataset_code-red_513_5_rrc04.csv,0.8847222222222222,17.0,20.0,0.2972972972972973,0.41509433962264153,0.3464566929133859
dataset_code-red_6893_1_rrc04.csv,0.9262892376681614,17.0,20.0,0.0,0.0,0.0
dataset_code-red_6893_5_rrc04.csv,0.9263888888888889,17.0,20.0,0.0,0.0,0.0
