,accuracy,epoch,lag,precision_0,recall_0,f1_0
dataset_slammer_513_1_rrc04.csv,0.50375,25.0,20.0,0.23938553445700875,0.9929203539823008,0.38576585869004637
dataset_slammer_513_5_rrc04.csv,0.9715277777777778,25.0,20.0,0.8714859437751004,0.9601769911504425,0.9136842105263159
dataset_slammer_559_1_rrc04.csv,0.49625,25.0,20.0,0.2324833940432826,0.9601769911504425,0.374331550802139
dataset_slammer_559_5_rrc04.csv,0.8840277777777777,25.0,20.0,0.5762273901808785,0.9867256637168141,0.7275693311582381
dataset_slammer_6893_1_rrc04.csv,0.7158333333333333,25.0,20.0,0.35404716379859785,0.9831858407079646,0.520618556701031
dataset_slammer_6893_5_rrc04.csv,0.9659722222222222,25.0,20.0,0.9633507853403142,0.8141592920353983,0.882494004796163
