,accuracy,epoch,lag,precision_0,recall_0,f1_0
dataset_code-red_513_1_rrc04.csv,0.9777186098654709,11.0,20.0,0.8366972477064221,0.8669201520912547,0.8515406162464987
dataset_code-red_513_5_rrc04.csv,0.9652777777777778,11.0,20.0,0.7333333333333333,0.8301886792452831,0.7787610619469026
dataset_code-red_6893_1_rrc04.csv,0.9288116591928252,11.0,20.0,0.8461538461538461,0.04182509505703422,0.07971014492753621
dataset_code-red_6893_5_rrc04.csv,0.9444444444444444,11.0,20.0,0.9642857142857143,0.25471698113207547,0.40298507462686567
