,accuracy,epoch,lag,precision_0,recall_0,f1_0
dataset_aws-leak_15547_1_rrc04.csv,0.99125,16.0,20.0,0.5344827586206896,0.8732394366197183,0.6631016042780749
dataset_aws-leak_15547_5_rrc04.csv,0.9826388888888888,16.0,20.0,0.2727272727272727,0.4,0.3243243243243243
dataset_aws-leak_34781_1_rrc04.csv,0.9911111111111112,16.0,20.0,0.5294117647058824,0.8873239436619719,0.6631578947368421
dataset_aws-leak_34781_5_rrc04.csv,0.9826388888888888,16.0,20.0,0.2916666666666667,0.4666666666666667,0.35897435897435903
