,accuracy,epoch,lag,precision_0,recall_0,f1_0
dataset_slammer_513_1_rrc04.csv,0.9355555555555556,24.0,20.0,0.9770773638968482,0.6035398230088496,0.7461706783369803
dataset_slammer_513_5_rrc04.csv,0.9458333333333333,24.0,20.0,1.0,0.6548672566371682,0.7914438502673796
dataset_slammer_559_1_rrc04.csv,0.9270833333333334,24.0,20.0,0.8954248366013072,0.6061946902654868,0.7229551451187335
dataset_slammer_559_5_rrc04.csv,0.9777777777777777,24.0,20.0,0.98989898989899,0.8672566371681416,0.9245283018867925
dataset_slammer_6893_1_rrc04.csv,0.9116666666666666,24.0,20.0,1.0,0.43716814159292033,0.6083743842364532
dataset_slammer_6893_5_rrc04.csv,0.9375,24.0,20.0,1.0,0.6017699115044248,0.7513812154696133
