,accuracy,epoch,lag,precision_0,recall_0,f1_0
dataset_aws-leak_15547_1_rrc04.csv,0.1951388888888889,87.0,20.0,0.0121036481418343,1.0,0.02391780360451406
dataset_aws-leak_15547_5_rrc04.csv,0.02361111111111111,87.0,20.0,0.01055594651653765,1.0,0.020891364902506964
dataset_aws-leak_34781_1_rrc04.csv,0.9795833333333334,87.0,20.0,0.32407407407407407,0.9859154929577465,0.48780487804878053
dataset_aws-leak_34781_5_rrc04.csv,0.9576388888888889,87.0,20.0,0.19736842105263158,1.0,0.32967032967032966
