,accuracy,epoch,lag,precision_0,recall_0,f1_0
dataset_nimda_513_1_rrc04.csv,0.6580882352941176,97.0,20.0,1.0,0.0002828854314002829,0.0005656108597285067
dataset_nimda_513_5_rrc04.csv,0.65478515625,97.0,20.0,0.0,0.0,0.0
dataset_nimda_559_1_rrc04.csv,0.6808243034055728,97.0,20.0,0.946969696969697,0.07072135785007072,0.13161358252171623
dataset_nimda_559_5_rrc04.csv,0.8134765625,97.0,20.0,0.8896882494004796,0.5247524752475248,0.6601423487544484
dataset_nimda_6893_1_rrc04.csv,0.6602167182662538,97.0,20.0,1.0,0.006506364922206506,0.012928611579539066
dataset_nimda_6893_5_rrc04.csv,0.65478515625,97.0,20.0,0.0,0.0,0.0
