,accuracy,epoch,lag,precision_0,recall_0,f1_0
dataset_aws-leak_15547_1_rrc04.csv,0.3586111111111111,48.0,20.0,0.015141821283855833,1.0,0.029831932773109242
dataset_aws-leak_15547_5_rrc04.csv,0.030555555555555555,48.0,20.0,0.010630758327427357,1.0,0.021037868162692847
dataset_aws-leak_34781_1_rrc04.csv,0.98625,48.0,20.0,0.4166666666666667,0.9859154929577465,0.5857740585774058
dataset_aws-leak_34781_5_rrc04.csv,0.9611111111111111,48.0,20.0,0.2028985507246377,0.9333333333333333,0.33333333333333337
