,accuracy,epoch,lag,precision_0,recall_0,f1_0
dataset_aws-leak_15547_1_rrc04.csv,0.6831944444444444,42.0,20.0,0.029787234042553193,0.9859154929577465,0.05782734407269724
dataset_aws-leak_15547_5_rrc04.csv,0.06180555555555556,42.0,20.0,0.010980966325036604,1.0,0.02172338884866039
dataset_aws-leak_34781_1_rrc04.csv,0.9866666666666667,42.0,20.0,0.4233128834355828,0.971830985915493,0.5897435897435898
dataset_aws-leak_34781_5_rrc04.csv,0.9652777777777778,42.0,20.0,0.2222222222222222,0.9333333333333333,0.358974358974359
