,accuracy,epoch,lag,precision_0,recall_0,f1_0
dataset_aws-leak_15547_1_rrc04.csv,0.09666666666666666,78.0,20.0,0.010798479087452472,1.0,0.02136623532952152
dataset_aws-leak_15547_5_rrc04.csv,0.022222222222222223,78.0,20.0,0.010541110330288124,1.0,0.02086230876216968
dataset_aws-leak_34781_1_rrc04.csv,0.9713888888888889,78.0,20.0,0.2545454545454545,0.9859154929577465,0.4046242774566474
dataset_aws-leak_34781_5_rrc04.csv,0.9541666666666667,78.0,20.0,0.18518518518518517,1.0,0.3125
