,accuracy,epoch,lag,precision_0,recall_0,f1_0
dataset_moscow_blackout_1853_1_rrc05.csv,0.9761111111111112,10.0,20.0,0.0,0.0,0.0
dataset_moscow_blackout_1853_5_rrc05.csv,0.9743055555555555,10.0,20.0,0.45,0.2571428571428571,0.32727272727272727
dataset_moscow_blackout_12793_1_rrc05.csv,0.9890277777777777,10.0,20.0,0.859375,0.6432748538011696,0.7357859531772574
dataset_moscow_blackout_12793_5_rrc05.csv,0.9729166666666667,10.0,20.0,0.43333333333333335,0.37142857142857144,0.4
