,accuracy,epoch,lag,precision_0,recall_0,f1_0
dataset_as9121_13237_1_rrc05.csv,0.9958333333333333,7.0,20.0,0.855072463768116,0.7468354430379747,0.7972972972972974
dataset_as9121_13237_5_rrc05.csv,0.9791666666666666,7.0,20.0,0.0,0.0,0.0
