,accuracy,epoch,lag,precision_0,recall_0,f1_0
dataset_as9121_13237_1_rrc05.csv,0.9568055555555556,66.0,20.0,0.19791666666666666,0.9620253164556962,0.3282937365010799
dataset_as9121_13237_5_rrc05.csv,0.91875,66.0,20.0,0.10236220472440945,0.8125,0.18181818181818182
