,accuracy,epoch,lag,precision_0,recall_0,f1_0
dataset_code-red_513_1_rrc04.csv,0.12471973094170404,28.0,20.0,0.0776727702303603,1.0,0.14414908194025758
dataset_code-red_513_5_rrc04.csv,0.4041666666666667,28.0,20.0,0.10995850622406639,1.0,0.19813084112149532
dataset_code-red_6893_1_rrc04.csv,0.6463004484304933,28.0,20.0,0.1713815789473684,0.9904942965779467,0.2922041503084689
dataset_code-red_6893_5_rrc04.csv,0.7875,28.0,20.0,0.25728155339805825,1.0,0.4092664092664092
