,accuracy,epoch,lag,precision_0,recall_0,f1_0
dataset_aws-leak_15547_1_rrc04.csv,0.5870833333333333,41.0,20.0,0.023324572930354795,1.0,0.04558587479935794
dataset_aws-leak_15547_5_rrc04.csv,0.041666666666666664,41.0,20.0,0.010752688172043012,1.0,0.021276595744680854
dataset_aws-leak_34781_1_rrc04.csv,0.9861111111111112,41.0,20.0,0.41317365269461076,0.971830985915493,0.5798319327731092
dataset_aws-leak_34781_5_rrc04.csv,0.9645833333333333,41.0,20.0,0.21875,0.9333333333333333,0.35443037974683544
