,accuracy,epoch,lag,precision_0,recall_0,f1_0
dataset_as9121_13237_1_rrc05.csv,0.37125,27.0,20.0,0.01715154146765089,1.0,0.03372465314834579
dataset_as9121_13237_5_rrc05.csv,0.8555555555555555,27.0,20.0,0.06363636363636363,0.875,0.11864406779661017
