,accuracy,epoch,lag,precision_0,recall_0,f1_0
dataset_slammer_513_1_rrc04.csv,0.6151388888888889,68.0,20.0,0.2890203137053227,0.9946902654867257,0.4478979876469416
dataset_slammer_513_5_rrc04.csv,0.95,68.0,20.0,0.7655172413793103,0.9823008849557522,0.8604651162790697
dataset_slammer_559_1_rrc04.csv,0.1625,68.0,20.0,0.15782122905027932,1.0,0.2726176115802171
dataset_slammer_559_5_rrc04.csv,0.4076388888888889,68.0,20.0,0.20945319740500462,1.0,0.34636015325670494
dataset_slammer_6893_1_rrc04.csv,0.4490277777777778,68.0,20.0,0.22115195596618833,0.995575221238938,0.36191088949654177
dataset_slammer_6893_5_rrc04.csv,0.9263888888888889,68.0,20.0,0.7040816326530612,0.915929203539823,0.7961538461538461
