,accuracy,epoch,lag,precision_0,recall_0,f1_0
dataset_aws-leak_15547_1_rrc04.csv,0.14944444444444444,55.0,20.0,0.011460855528652138,1.0,0.022661985317586977
dataset_aws-leak_15547_5_rrc04.csv,0.025,55.0,20.0,0.010570824524312896,1.0,0.020920502092050212
dataset_aws-leak_34781_1_rrc04.csv,0.9791666666666666,55.0,20.0,0.319634703196347,0.9859154929577465,0.48275862068965514
dataset_aws-leak_34781_5_rrc04.csv,0.9590277777777778,55.0,20.0,0.20270270270270271,1.0,0.3370786516853933
