,accuracy,epoch,lag,precision_0,recall_0,f1_0
dataset_code-red_513_1_rrc04.csv,0.6624159192825112,38.0,20.0,0.17921635434412267,1.0,0.3039583935278821
dataset_code-red_513_5_rrc04.csv,0.6027777777777777,38.0,20.0,0.15634218289085547,1.0,0.27040816326530615
dataset_code-red_6893_1_rrc04.csv,0.969310538116592,38.0,20.0,0.7923809523809524,0.7908745247148289,0.79162702188392
dataset_code-red_6893_5_rrc04.csv,0.9319444444444445,38.0,20.0,0.5222222222222223,0.8867924528301887,0.6573426573426574
