,accuracy,epoch,lag,precision_0,recall_0,f1_0
dataset_slammer_513_1_rrc04.csv,0.9384722222222223,53.0,20.0,0.9045936395759717,0.679646017699115,0.7761495704901465
dataset_slammer_513_5_rrc04.csv,0.9708333333333333,53.0,20.0,0.8931623931623932,0.9247787610619469,0.908695652173913
dataset_slammer_559_1_rrc04.csv,0.18611111111111112,53.0,20.0,0.16165951359084407,1.0,0.27832512315270935
dataset_slammer_559_5_rrc04.csv,0.5,53.0,20.0,0.23834745762711865,0.995575221238938,0.38461538461538464
dataset_slammer_6893_1_rrc04.csv,0.9370833333333334,53.0,20.0,0.8257940327237728,0.7592920353982301,0.7911479944674965
dataset_slammer_6893_5_rrc04.csv,0.95625,53.0,20.0,0.8862559241706162,0.827433628318584,0.8558352402745996
