,accuracy,epoch,lag,precision_0,recall_0,f1_0
dataset_code-red_513_1_rrc04.csv,0.9261491031390134,5.0,20.0,0.0,0.0,0.0
dataset_code-red_513_5_rrc04.csv,0.9256944444444445,5.0,20.0,0.0,0.0,0.0
dataset_code-red_6893_1_rrc04.csv,0.9261491031390134,5.0,20.0,0.0,0.0,0.0
dataset_code-red_6893_5_rrc04.csv,0.9256944444444445,5.0,20.0,0.0,0.0,0.0
