,accuracy,epoch,lag,precision_0,recall_0,f1_0
dataset_malaysian-telecom_25091_1_rrc04.csv,0.9781944444444445,9.0,20.0,0.85,0.1837837837837838,0.3022222222222223
dataset_malaysian-telecom_25091_5_rrc04.csv,0.9763888888888889,9.0,20.0,0.5483870967741935,0.4594594594594595,0.5
