,accuracy,epoch,lag,precision_0,recall_0,f1_0
dataset_code-red_513_1_rrc04.csv,0.19576793721973093,90.0,20.0,0.0839584996009577,1.0,0.1549109115005154
dataset_code-red_513_5_rrc04.csv,0.27847222222222223,90.0,20.0,0.0925764192139738,1.0,0.16946442845723422
dataset_code-red_6893_1_rrc04.csv,0.8611266816143498,90.0,20.0,0.34427327528466173,0.9771863117870723,0.509162951956414
dataset_code-red_6893_5_rrc04.csv,0.8034722222222223,90.0,20.0,0.27249357326478146,1.0,0.4282828282828282
