,accuracy,epoch,lag,precision_0,recall_0,f1_0
dataset_aws-leak_15547_1_rrc04.csv,0.08041666666666666,90.0,20.0,0.010609683203825463,1.0,0.020996599142392432
dataset_aws-leak_15547_5_rrc04.csv,0.016666666666666666,90.0,20.0,0.010482180293501049,1.0,0.02074688796680498
dataset_aws-leak_34781_1_rrc04.csv,0.9694444444444444,90.0,20.0,0.2422145328719723,0.9859154929577465,0.3888888888888889
dataset_aws-leak_34781_5_rrc04.csv,0.9513888888888888,90.0,20.0,0.17647058823529413,1.0,0.3
