,accuracy,epoch,lag,precision_0,recall_0,f1_0
dataset_malaysian-telecom_25091_1_rrc04.csv,0.02847222222222222,24.0,20.0,0.02576601671309192,1.0,0.05023761031907671
dataset_malaysian-telecom_25091_5_rrc04.csv,0.1638888888888889,24.0,20.0,0.029814665592264304,1.0,0.05790297339593115
