,accuracy,epoch,lag,precision_0,recall_0,f1_0
dataset_code-red_513_1_rrc04.csv,0.7445347533632287,29.0,20.0,0.22392507449978713,1.0,0.36591304347826087
dataset_code-red_513_5_rrc04.csv,0.8277777777777777,29.0,20.0,0.2994350282485876,1.0,0.4608695652173913
dataset_code-red_6893_1_rrc04.csv,0.9803811659192825,29.0,20.0,0.8922764227642277,0.8346007604562737,0.8624754420432219
dataset_code-red_6893_5_rrc04.csv,0.9694444444444444,29.0,20.0,0.7384615384615385,0.9056603773584906,0.8135593220338984
