,accuracy,epoch,lag,precision_0,recall_0,f1_0
dataset_as9121_13237_1_rrc05.csv,0.9213888888888889,44.0,20.0,0.12012480499219969,0.9746835443037974,0.2138888888888889
dataset_as9121_13237_5_rrc05.csv,0.9,44.0,20.0,0.08441558441558442,0.8125,0.15294117647058825
