,accuracy,epoch,lag,precision_0,recall_0,f1_0
dataset_japan-earthquake_2497_1_rrc06.csv,0.7823611111111111,29.0,20.0,0.19805527123848515,1.0,0.3306279367791542
dataset_japan-earthquake_2497_5_rrc06.csv,0.7576388888888889,29.0,20.0,0.1807511737089202,1.0,0.30616302186878724
dataset_japan-earthquake_10026_1_rv-sydney.csv,0.9004166666666666,29.0,20.0,0.34328358208955223,0.9658792650918635,0.5065381968341361
