,accuracy,epoch,lag,precision_0,recall_0,f1_0
dataset_malaysian-telecom_25091_1_rrc04.csv,0.03361111111111111,19.0,20.0,0.025899482010359794,1.0,0.05049126637554586
dataset_malaysian-telecom_25091_5_rrc04.csv,0.5819444444444445,19.0,20.0,0.057902973395931145,1.0,0.10946745562130179
