,accuracy,epoch,lag,precision_0,recall_0,f1_0
dataset_moscow_blackout_1853_1_rrc05.csv,0.9490277777777778,53.0,20.0,0.307843137254902,0.9181286549707602,0.46108663729809096
dataset_moscow_blackout_1853_5_rrc05.csv,0.8993055555555556,53.0,20.0,0.16049382716049382,0.7428571428571429,0.2639593908629441
dataset_moscow_blackout_12793_1_rrc05.csv,0.9919444444444444,53.0,20.0,0.8021390374331551,0.8771929824561403,0.8379888268156425
dataset_moscow_blackout_12793_5_rrc05.csv,0.9590277777777778,53.0,20.0,0.34210526315789475,0.7428571428571429,0.46846846846846846
