,accuracy,epoch,lag,precision_0,recall_0,f1_0
dataset_japan-earthquake_2497_1_rrc06.csv,0.96125,78.0,20.0,0.5813253012048193,0.9974160206718347,0.7345385347288297
dataset_japan-earthquake_2497_5_rrc06.csv,0.7583333333333333,78.0,20.0,0.1811764705882353,1.0,0.30677290836653387
dataset_japan-earthquake_10026_1_rv-sydney.csv,0.9830555555555556,78.0,20.0,0.7809110629067245,0.9448818897637795,0.8551068883610452
