,accuracy,epoch,lag,precision_0,recall_0,f1_0
dataset_aws-leak_15547_1_rrc04.csv,0.8943055555555556,34.0,20.0,0.08333333333333333,0.971830985915493,0.153503893214683
dataset_aws-leak_15547_5_rrc04.csv,0.27361111111111114,34.0,20.0,0.01413760603204524,1.0,0.027881040892193308
dataset_aws-leak_34781_1_rrc04.csv,0.9876388888888888,34.0,20.0,0.44155844155844154,0.9577464788732394,0.6044444444444445
dataset_aws-leak_34781_5_rrc04.csv,0.9673611111111111,34.0,20.0,0.22413793103448276,0.8666666666666667,0.35616438356164387
