,accuracy,epoch,lag,precision_0,recall_0,f1_0
dataset_moscow_blackout_1853_1_rrc05.csv,0.9761111111111112,9.0,20.0,0.0,0.0,0.0
dataset_moscow_blackout_1853_5_rrc05.csv,0.9798611111111111,9.0,20.0,0.75,0.2571428571428571,0.3829787234042553
dataset_moscow_blackout_12793_1_rrc05.csv,0.9869444444444444,9.0,20.0,0.8737864077669902,0.5263157894736842,0.656934306569343
dataset_moscow_blackout_12793_5_rrc05.csv,0.9729166666666667,9.0,20.0,0.4230769230769231,0.3142857142857143,0.360655737704918
