,accuracy,epoch,lag,precision_0,recall_0,f1_0
dataset_moscow_blackout_1853_1_rrc05.csv,0.9659722222222222,66.0,20.0,0.3878787878787879,0.7485380116959064,0.5109780439121756
dataset_moscow_blackout_1853_5_rrc05.csv,0.9243055555555556,66.0,20.0,0.20161290322580644,0.7142857142857143,0.31446540880503143
dataset_moscow_blackout_12793_1_rrc05.csv,0.9933333333333333,66.0,20.0,0.8514285714285714,0.8713450292397661,0.8612716763005781
dataset_moscow_blackout_12793_5_rrc05.csv,0.9666666666666667,66.0,20.0,0.3968253968253968,0.7142857142857143,0.5102040816326531
