,accuracy,epoch,lag,precision_0,recall_0,f1_0
dataset_as9121_13237_1_rrc05.csv,0.9872222222222222,8.0,20.0,0.45390070921985815,0.810126582278481,0.5818181818181817
dataset_as9121_13237_5_rrc05.csv,0.975,8.0,20.0,0.045454545454545456,0.0625,0.052631578947368425
