,accuracy,epoch,lag,precision_0,recall_0,f1_0
dataset_aws-leak_15547_1_rrc04.csv,0.5879166666666666,47.0,20.0,0.02337063857801185,1.0,0.04567385011257639
dataset_aws-leak_15547_5_rrc04.csv,0.03888888888888889,47.0,20.0,0.010721944245889922,1.0,0.021216407355021217
dataset_aws-leak_34781_1_rrc04.csv,0.9863888888888889,47.0,20.0,0.41818181818181815,0.971830985915493,0.5847457627118644
dataset_aws-leak_34781_5_rrc04.csv,0.9645833333333333,47.0,20.0,0.21875,0.9333333333333333,0.35443037974683544
