,accuracy,epoch,lag,precision_0,recall_0,f1_0
dataset_japan-earthquake_2497_1_rrc06.csv,0.9465277777777777,6.0,20.0,1.0,0.00516795865633075,0.010282776349614397
dataset_japan-earthquake_2497_5_rrc06.csv,0.9506944444444444,6.0,20.0,1.0,0.07792207792207792,0.14457831325301204
dataset_japan-earthquake_10026_1_rv-sydney.csv,0.9477777777777778,6.0,20.0,0.7777777777777778,0.01837270341207349,0.035897435897435895
