,accuracy,epoch,lag,precision_0,recall_0,f1_0
dataset_nimda_513_1_rrc04.csv,0.6580882352941176,99.0,20.0,1.0,0.0002828854314002829,0.0005656108597285067
dataset_nimda_513_5_rrc04.csv,0.65478515625,99.0,20.0,0.0,0.0,0.0
dataset_nimda_559_1_rrc04.csv,0.6773413312693498,99.0,20.0,0.9424778761061947,0.06025459688826026,0.11326774793937784
dataset_nimda_559_5_rrc04.csv,0.8115234375,99.0,20.0,0.8943488943488943,0.5148514851485149,0.6535008976660682
dataset_nimda_6893_1_rrc04.csv,0.6598297213622291,99.0,20.0,1.0,0.005374823196605375,0.010692177827799663
dataset_nimda_6893_5_rrc04.csv,0.65478515625,99.0,20.0,0.0,0.0,0.0
