,accuracy,epoch,lag,precision_0,recall_0,f1_0
dataset_nimda_513_1_rrc04.csv,0.6581849845201239,37.0,20.0,1.0,0.0005657708628005657,0.0011309018942606728
dataset_nimda_513_5_rrc04.csv,0.65478515625,37.0,20.0,0.0,0.0,0.0
dataset_nimda_559_1_rrc04.csv,0.6625386996904025,37.0,20.0,1.0,0.013295615275813296,0.026242322724734788
dataset_nimda_559_5_rrc04.csv,0.78125,37.0,20.0,0.9450171821305842,0.38896746817538896,0.5511022044088176
dataset_nimda_6893_1_rrc04.csv,0.6589589783281734,37.0,20.0,1.0,0.002828854314002829,0.005641748942172073
dataset_nimda_6893_5_rrc04.csv,0.65478515625,37.0,20.0,0.0,0.0,0.0
