,accuracy,epoch,lag,precision_0,recall_0,f1_0
dataset_japan-earthquake_2497_1_rrc06.csv,0.98375,72.0,20.0,0.7732793522267206,0.9870801033591732,0.8671963677639047
dataset_japan-earthquake_2497_5_rrc06.csv,0.875,72.0,20.0,0.29961089494163423,1.0,0.4610778443113772
dataset_japan-earthquake_10026_1_rv-sydney.csv,0.9876388888888888,72.0,20.0,0.8492822966507177,0.931758530183727,0.8886107634543179
