,accuracy,epoch,lag,precision_0,recall_0,f1_0
dataset_moscow_blackout_1853_1_rrc05.csv,0.8691666666666666,99.0,20.0,0.1447004608294931,0.9181286549707602,0.25
dataset_moscow_blackout_1853_5_rrc05.csv,0.8305555555555556,99.0,20.0,0.10566037735849057,0.8,0.18666666666666668
dataset_moscow_blackout_12793_1_rrc05.csv,0.9933333333333333,99.0,20.0,0.8435754189944135,0.8830409356725146,0.8628571428571428
dataset_moscow_blackout_12793_5_rrc05.csv,0.9694444444444444,99.0,20.0,0.42857142857142855,0.7714285714285715,0.5510204081632654
