,accuracy,epoch,lag,precision_0,recall_0,f1_0
dataset_as9121_13237_1_rrc05.csv,0.9627777777777777,28.0,20.0,0.2195845697329377,0.9367088607594937,0.35576923076923084
dataset_as9121_13237_5_rrc05.csv,0.9520833333333333,28.0,20.0,0.15584415584415584,0.75,0.25806451612903225
