,accuracy,epoch,lag,precision_0,recall_0,f1_0
dataset_code-red_513_1_rrc04.csv,0.9474495515695067,10.0,20.0,0.912568306010929,0.31749049429657794,0.4710860366713681
dataset_code-red_513_5_rrc04.csv,0.9673611111111111,10.0,20.0,0.8041237113402062,0.7358490566037735,0.768472906403941
dataset_code-red_6893_1_rrc04.csv,0.9260089686098655,10.0,20.0,0.25,0.0019011406844106464,0.003773584905660377
dataset_code-red_6893_5_rrc04.csv,0.9263888888888889,10.0,20.0,0.5,0.009433962264150943,0.018518518518518517
