,accuracy,epoch,lag,precision_0,recall_0,f1_0
dataset_nimda_513_1_rrc04.csv,0.6584752321981424,50.0,20.0,1.0,0.0014144271570014145,0.0028248587570621473
dataset_nimda_513_5_rrc04.csv,0.66015625,50.0,20.0,1.0,0.015558698727015558,0.03064066852367688
dataset_nimda_559_1_rrc04.csv,0.6712461300309598,50.0,20.0,0.9477124183006536,0.04101838755304102,0.07863340563991324
dataset_nimda_559_5_rrc04.csv,0.80810546875,50.0,20.0,0.904639175257732,0.49646393210749645,0.6410958904109588
dataset_nimda_6893_1_rrc04.csv,0.659249226006192,50.0,20.0,1.0,0.0036775106082036777,0.007328072153325818
dataset_nimda_6893_5_rrc04.csv,0.65478515625,50.0,20.0,0.0,0.0,0.0
