,accuracy,epoch,lag,precision_0,recall_0,f1_0
dataset_japan-earthquake_2497_1_rrc06.csv,0.9870833333333333,69.0,20.0,0.8154506437768241,0.9819121447028424,0.8909730363423212
dataset_japan-earthquake_2497_5_rrc06.csv,0.8993055555555556,69.0,20.0,0.34684684684684686,1.0,0.5150501672240803
dataset_japan-earthquake_10026_1_rv-sydney.csv,0.98875,69.0,20.0,0.8588516746411483,0.9422572178477691,0.8986232790988736
