,accuracy,epoch,lag,precision_0,recall_0,f1_0
dataset_japan-earthquake_2497_1_rrc06.csv,0.9908333333333333,89.0,20.0,0.8672768878718535,0.979328165374677,0.9199029126213593
dataset_japan-earthquake_2497_5_rrc06.csv,0.9381944444444444,89.0,20.0,0.463855421686747,1.0,0.6337448559670782
dataset_japan-earthquake_10026_1_rv-sydney.csv,0.9894444444444445,89.0,20.0,0.8860759493670886,0.9186351706036745,0.9020618556701031
