,accuracy,epoch,lag,precision_0,recall_0,f1_0
dataset_nimda_513_1_rrc04.csv,0.6579914860681114,34.0,20.0,0.0,0.0,0.0
dataset_nimda_513_5_rrc04.csv,0.65478515625,34.0,20.0,0.0,0.0,0.0
dataset_nimda_559_1_rrc04.csv,0.6579914860681114,34.0,20.0,0.0,0.0,0.0
dataset_nimda_559_5_rrc04.csv,0.69287109375,34.0,20.0,1.0,0.11032531824611033,0.19872611464968154
dataset_nimda_6893_1_rrc04.csv,0.658765479876161,34.0,20.0,1.0,0.002263083451202263,0.004515946937623482
dataset_nimda_6893_5_rrc04.csv,0.65478515625,34.0,20.0,0.0,0.0,0.0
