,accuracy,epoch,lag,precision_0,recall_0,f1_0
dataset_as9121_13237_1_rrc05.csv,0.9640277777777778,31.0,20.0,0.22560975609756098,0.9367088607594937,0.36363636363636365
dataset_as9121_13237_5_rrc05.csv,0.9513888888888888,31.0,20.0,0.15384615384615385,0.75,0.25531914893617025
