,accuracy,epoch,lag,precision_0,recall_0,f1_0
dataset_moscow_blackout_1853_1_rrc05.csv,0.8559722222222222,91.0,20.0,0.13305084745762713,0.9181286549707602,0.23242042931162105
dataset_moscow_blackout_1853_5_rrc05.csv,0.8541666666666666,91.0,20.0,0.11790393013100436,0.7714285714285715,0.20454545454545453
dataset_moscow_blackout_12793_1_rrc05.csv,0.9933333333333333,91.0,20.0,0.8435754189944135,0.8830409356725146,0.8628571428571428
dataset_moscow_blackout_12793_5_rrc05.csv,0.9694444444444444,91.0,20.0,0.4262295081967213,0.7428571428571429,0.5416666666666666
