,accuracy,epoch,lag,precision_0,recall_0,f1_0
dataset_nimda_513_1_rrc04.csv,0.6584752321981424,91.0,20.0,1.0,0.0014144271570014145,0.0028248587570621473
dataset_nimda_513_5_rrc04.csv,0.6611328125,91.0,20.0,1.0,0.018387553041018388,0.03611111111111111
dataset_nimda_559_1_rrc04.csv,0.7093653250773994,91.0,20.0,0.9234449760765551,0.1637906647807638,0.27823161941374336
dataset_nimda_559_5_rrc04.csv,0.80615234375,91.0,20.0,0.7574750830564784,0.6449787835926449,0.6967150496562261
dataset_nimda_6893_1_rrc04.csv,0.6607004643962848,91.0,20.0,1.0,0.007920792079207921,0.015717092337917484
dataset_nimda_6893_5_rrc04.csv,0.65771484375,91.0,20.0,1.0,0.008486562942008486,0.016830294530154277
