,accuracy,epoch,lag,precision_0,recall_0,f1_0
dataset_malaysian-telecom_25091_1_rrc04.csv,0.07472222222222222,62.0,20.0,0.02701913246677377,1.0,0.05261660978384528
dataset_malaysian-telecom_25091_5_rrc04.csv,0.44166666666666665,62.0,20.0,0.04399524375743163,1.0,0.08428246013667426
