,accuracy,epoch,lag,precision_0,recall_0,f1_0
dataset_code-red_513_1_rrc04.csv,0.35874439461883406,58.0,20.0,0.1030968247745982,1.0,0.18692253020611227
dataset_code-red_513_5_rrc04.csv,0.32083333333333336,58.0,20.0,0.09778597785977859,1.0,0.1781512605042017
dataset_code-red_6893_1_rrc04.csv,0.9705717488789237,58.0,20.0,0.7372372372372372,0.9334600760456274,0.8238255033557047
dataset_code-red_6893_5_rrc04.csv,0.8902777777777777,58.0,20.0,0.4015151515151515,1.0,0.572972972972973
