,accuracy,epoch,lag,precision_0,recall_0,f1_0
dataset_moscow_blackout_1853_1_rrc05.csv,0.5791666666666667,70.0,20.0,0.053420805998125584,1.0,0.10142348754448398
dataset_moscow_blackout_1853_5_rrc05.csv,0.7097222222222223,70.0,20.0,0.06378132118451026,0.8,0.11814345991561181
dataset_moscow_blackout_12793_1_rrc05.csv,0.9922222222222222,70.0,20.0,0.8042328042328042,0.8888888888888888,0.8444444444444443
dataset_moscow_blackout_12793_5_rrc05.csv,0.9590277777777778,70.0,20.0,0.34615384615384615,0.7714285714285715,0.47787610619469023
