,accuracy,epoch,lag,precision_0,recall_0,f1_0
dataset_malaysian-telecom_25091_1_rrc04.csv,0.030833333333333334,91.0,20.0,0.025827167387965935,1.0,0.05035383777898748
dataset_malaysian-telecom_25091_5_rrc04.csv,0.3423611111111111,91.0,20.0,0.037601626016260166,1.0,0.07247796278158669
