,accuracy,epoch,lag,precision_0,recall_0,f1_0
dataset_code-red_513_1_rrc04.csv,0.874439461883408,13.0,20.0,0.3693502824858757,0.9942965779467681,0.5386199794026777
dataset_code-red_513_5_rrc04.csv,0.9118055555555555,13.0,20.0,0.44878048780487806,0.8679245283018868,0.5916398713826367
dataset_code-red_6893_1_rrc04.csv,0.9829035874439462,13.0,20.0,0.9372294372294372,0.8231939163498099,0.8765182186234818
dataset_code-red_6893_5_rrc04.csv,0.94375,13.0,20.0,0.7272727272727273,0.37735849056603776,0.49689440993788814
