,accuracy,epoch,lag,precision_0,recall_0,f1_0
dataset_japan-earthquake_2497_1_rrc06.csv,0.9943055555555556,55.0,20.0,0.9325,0.9638242894056848,0.9479034307496824
dataset_japan-earthquake_2497_5_rrc06.csv,0.9486111111111111,55.0,20.0,0.5099337748344371,1.0,0.6754385964912281
dataset_japan-earthquake_10026_1_rv-sydney.csv,0.9888888888888889,55.0,20.0,0.8849104859335039,0.9081364829396326,0.8963730569948188
