,accuracy,epoch,lag,precision_0,recall_0,f1_0
dataset_moscow_blackout_1853_1_rrc05.csv,0.9591666666666666,73.0,20.0,0.34108527131782945,0.7719298245614035,0.4731182795698925
dataset_moscow_blackout_1853_5_rrc05.csv,0.9083333333333333,73.0,20.0,0.174496644295302,0.7428571428571429,0.2826086956521739
dataset_moscow_blackout_12793_1_rrc05.csv,0.9933333333333333,73.0,20.0,0.8514285714285714,0.8713450292397661,0.8612716763005781
dataset_moscow_blackout_12793_5_rrc05.csv,0.96875,73.0,20.0,0.4166666666666667,0.7142857142857143,0.5263157894736842
