,accuracy,epoch,lag,precision_0,recall_0,f1_0
dataset_aws-leak_15547_1_rrc04.csv,0.8594444444444445,26.0,20.0,0.0639481000926784,0.971830985915493,0.11999999999999998
dataset_aws-leak_15547_5_rrc04.csv,0.3576388888888889,26.0,20.0,0.015957446808510637,1.0,0.031413612565445025
dataset_aws-leak_34781_1_rrc04.csv,0.9858333333333333,26.0,20.0,0.40718562874251496,0.9577464788732394,0.5714285714285714
dataset_aws-leak_34781_5_rrc04.csv,0.9673611111111111,26.0,20.0,0.21428571428571427,0.8,0.3380281690140845
