,accuracy,epoch,lag,precision_0,recall_0,f1_0
dataset_malaysian-telecom_25091_1_rrc04.csv,0.9929166666666667,10.0,20.0,0.8850574712643678,0.8324324324324325,0.8579387186629527
dataset_malaysian-telecom_25091_5_rrc04.csv,0.9715277777777778,10.0,20.0,0.45,0.4864864864864865,0.4675324675324675
