,accuracy,epoch,lag,precision_0,recall_0,f1_0
dataset_nimda_513_1_rrc04.csv,0.6580882352941176,64.0,20.0,1.0,0.0002828854314002829,0.0005656108597285067
dataset_nimda_513_5_rrc04.csv,0.65478515625,64.0,20.0,0.0,0.0,0.0
dataset_nimda_559_1_rrc04.csv,0.6601199690402477,64.0,20.0,1.0,0.006223479490806223,0.012369974697779026
dataset_nimda_559_5_rrc04.csv,0.80126953125,64.0,20.0,0.9310344827586207,0.4582743988684583,0.614218009478673
dataset_nimda_6893_1_rrc04.csv,0.6590557275541795,64.0,20.0,1.0,0.0031117397454031117,0.006204173716864073
dataset_nimda_6893_5_rrc04.csv,0.65478515625,64.0,20.0,0.0,0.0,0.0
