,accuracy,epoch,lag,precision_0,recall_0,f1_0
dataset_japan-earthquake_2497_1_rrc06.csv,0.8986111111111111,85.0,20.0,0.34646374216651743,1.0,0.514627659574468
dataset_japan-earthquake_2497_5_rrc06.csv,0.7548611111111111,85.0,20.0,0.17906976744186046,1.0,0.3037475345167653
dataset_japan-earthquake_10026_1_rv-sydney.csv,0.9779166666666667,85.0,20.0,0.7176470588235294,0.9606299212598425,0.8215488215488215
