,accuracy,epoch,lag,precision_0,recall_0,f1_0
dataset_slammer_513_1_rrc04.csv,0.9402777777777778,32.0,20.0,0.9716981132075472,0.6380530973451327,0.7702991452991453
dataset_slammer_513_5_rrc04.csv,0.9625,32.0,20.0,0.9725274725274725,0.7831858407079646,0.8676470588235293
dataset_slammer_559_1_rrc04.csv,0.6380555555555556,32.0,20.0,0.29769736842105265,0.9610619469026549,0.4545835077438259
dataset_slammer_559_5_rrc04.csv,0.8875,32.0,20.0,0.5837696335078534,0.9867256637168141,0.7335526315789473
dataset_slammer_6893_1_rrc04.csv,0.9366666666666666,32.0,20.0,0.973314606741573,0.6132743362831858,0.752442996742671
dataset_slammer_6893_5_rrc04.csv,0.9611111111111111,32.0,20.0,0.9885057471264368,0.7610619469026548,0.86
