,accuracy,epoch,lag,precision_0,recall_0,f1_0
dataset_japan-earthquake_2497_1_rrc06.csv,0.9751388888888889,47.0,20.0,0.6850533807829181,0.9948320413436692,0.8113804004214962
dataset_japan-earthquake_2497_5_rrc06.csv,0.8229166666666666,47.0,20.0,0.2319277108433735,1.0,0.3765281173594132
dataset_japan-earthquake_10026_1_rv-sydney.csv,0.9841666666666666,47.0,20.0,0.801354401805869,0.931758530183727,0.8616504854368933
