,accuracy,epoch,lag,precision_0,recall_0,f1_0
dataset_as9121_13237_1_rrc05.csv,0.9604166666666667,1.0,20.0,0.11278195488721804,0.379746835443038,0.17391304347826086
dataset_as9121_13237_5_rrc05.csv,0.9833333333333333,1.0,20.0,0.0,0.0,0.0
