,accuracy,epoch,lag,precision_0,recall_0,f1_0
dataset_as9121_13237_1_rrc05.csv,0.9223611111111111,62.0,20.0,0.12145110410094637,0.9746835443037974,0.21598877980364653
dataset_as9121_13237_5_rrc05.csv,0.8944444444444445,62.0,20.0,0.08536585365853659,0.875,0.15555555555555559
