,accuracy,epoch,lag,precision_0,recall_0,f1_0
dataset_malaysian-telecom_25091_1_rrc04.csv,0.029027777777777777,27.0,20.0,0.025780379041248608,1.0,0.05026490965901373
dataset_malaysian-telecom_25091_5_rrc04.csv,0.09236111111111112,27.0,20.0,0.027529761904761904,1.0,0.05358435916002897
