,accuracy,epoch,lag,precision_0,recall_0,f1_0
dataset_aws-leak_15547_1_rrc04.csv,0.9906944444444444,3.0,20.0,1.0,0.056338028169014086,0.10666666666666667
dataset_aws-leak_15547_5_rrc04.csv,0.9888888888888889,3.0,20.0,0.0,0.0,0.0
dataset_aws-leak_34781_1_rrc04.csv,0.9948611111111111,3.0,20.0,0.75,0.7183098591549296,0.7338129496402879
dataset_aws-leak_34781_5_rrc04.csv,0.98125,3.0,20.0,0.0,0.0,0.0
