,accuracy,epoch,lag,precision_0,recall_0,f1_0
dataset_code-red_513_1_rrc04.csv,0.8258127802690582,64.0,20.0,0.2973431317128321,1.0,0.45838779956427017
dataset_code-red_513_5_rrc04.csv,0.5944444444444444,64.0,20.0,0.1536231884057971,1.0,0.26633165829145733
dataset_code-red_6893_1_rrc04.csv,0.9725336322869955,64.0,20.0,0.8683035714285714,0.7395437262357415,0.7987679671457906
dataset_code-red_6893_5_rrc04.csv,0.9680555555555556,64.0,20.0,0.7027027027027027,0.9811320754716981,0.8188976377952756
