,accuracy,epoch,lag,precision_0,recall_0,f1_0
dataset_malaysian-telecom_25091_1_rrc04.csv,0.06652777777777778,64.0,20.0,0.026788300028960325,1.0,0.05217881822027923
dataset_malaysian-telecom_25091_5_rrc04.csv,0.39444444444444443,64.0,20.0,0.0407040704070407,1.0,0.07822410147991543
