,accuracy,epoch,lag,precision_0,recall_0,f1_0
dataset_aws-leak_15547_1_rrc04.csv,0.16666666666666666,58.0,20.0,0.011694943172459232,1.0,0.023119505047215886
dataset_aws-leak_15547_5_rrc04.csv,0.025694444444444443,58.0,20.0,0.010578279266572637,1.0,0.020935101186322396
dataset_aws-leak_34781_1_rrc04.csv,0.9818055555555556,58.0,20.0,0.35,0.9859154929577465,0.5166051660516604
dataset_aws-leak_34781_5_rrc04.csv,0.9590277777777778,58.0,20.0,0.20270270270270271,1.0,0.3370786516853933
