,accuracy,epoch,lag,precision_0,recall_0,f1_0
dataset_japan-earthquake_2497_1_rrc06.csv,0.7740277777777778,32.0,20.0,0.19215491559086395,1.0,0.32236568096626406
dataset_japan-earthquake_2497_5_rrc06.csv,0.7381944444444445,32.0,20.0,0.1696035242290749,1.0,0.2900188323917137
dataset_japan-earthquake_10026_1_rv-sydney.csv,0.8941666666666667,32.0,20.0,0.33006244424620873,0.9711286089238845,0.49267643142476697
