,accuracy,epoch,lag,precision_0,recall_0,f1_0
dataset_moscow_blackout_1853_1_rrc05.csv,0.9406944444444445,54.0,20.0,0.2754385964912281,0.9181286549707602,0.42375168690958165
dataset_moscow_blackout_1853_5_rrc05.csv,0.8958333333333334,54.0,20.0,0.15568862275449102,0.7428571428571429,0.25742574257425743
dataset_moscow_blackout_12793_1_rrc05.csv,0.9920833333333333,54.0,20.0,0.8064516129032258,0.8771929824561403,0.8403361344537815
dataset_moscow_blackout_12793_5_rrc05.csv,0.9604166666666667,54.0,20.0,0.35526315789473684,0.7714285714285715,0.48648648648648646
