,accuracy,epoch,lag,precision_0,recall_0,f1_0
dataset_moscow_blackout_1853_1_rrc05.csv,0.9734722222222222,23.0,20.0,0.4621212121212121,0.7134502923976608,0.5609195402298851
dataset_moscow_blackout_1853_5_rrc05.csv,0.9576388888888889,23.0,20.0,0.30303030303030304,0.5714285714285714,0.39603960396039606
dataset_moscow_blackout_12793_1_rrc05.csv,0.9898611111111111,23.0,20.0,0.7784090909090909,0.8011695906432749,0.7896253602305476
dataset_moscow_blackout_12793_5_rrc05.csv,0.9576388888888889,23.0,20.0,0.3142857142857143,0.6285714285714286,0.419047619047619
