,accuracy,epoch,lag,precision_0,recall_0,f1_0
dataset_code-red_513_1_rrc04.csv,0.8538396860986547,43.0,20.0,0.3348242811501597,0.9961977186311787,0.5011956001912959
dataset_code-red_513_5_rrc04.csv,0.7555555555555555,43.0,20.0,0.2314410480349345,1.0,0.3758865248226951
dataset_code-red_6893_1_rrc04.csv,0.961042600896861,43.0,20.0,0.9366197183098591,0.5057034220532319,0.6567901234567901
dataset_code-red_6893_5_rrc04.csv,0.9743055555555555,43.0,20.0,0.7804878048780488,0.9056603773584906,0.8384279475982533
