,accuracy,epoch,lag,precision_0,recall_0,f1_0
dataset_as9121_13237_1_rrc05.csv,0.9547222222222222,75.0,20.0,0.19047619047619047,0.9620253164556962,0.3179916317991632
dataset_as9121_13237_5_rrc05.csv,0.9138888888888889,75.0,20.0,0.09701492537313433,0.8125,0.17333333333333334
