,accuracy,epoch,lag,precision_0,recall_0,f1_0
dataset_malaysian-telecom_25091_1_rrc04.csv,0.1425,55.0,20.0,0.029092624626513602,1.0,0.05654034229828851
dataset_malaysian-telecom_25091_5_rrc04.csv,0.45069444444444445,55.0,20.0,0.04468599033816425,1.0,0.08554913294797688
